Interval=	0.005 s
ExcelDateTime=	4.6266536359875514e+004	9/1/2026 12:52:21.493244
TimeFormat=	StartOfBlock
DateFormat=	
ChannelTitle=	RMS Triceps
Range=	0.29 mV
9.15	0.04560021
9.155	0.04649632
9.16	0.04742673
9.165	0.04841855
9.17	0.04942493
9.175	0.05044488
9.18	0.05137067
9.185	0.05218975
9.19	0.05302866
9.195	0.05395739
9.2	0.05513971
9.205	0.05653563
9.21	0.05789495
9.215	0.05924315
9.22	0.06060571
9.225	0.06209933
9.23	0.06357577
9.235	0.0650174
9.24	0.06658551
9.245	0.06815392
9.25	0.06970164
9.255	0.07121964
9.26	0.07271183
9.265	0.07420777
9.27	0.07563248
9.275	0.07702623
9.28	0.07843986
9.285	0.07987756
9.29	0.08125356
9.295	0.08261699
9.3	0.08399851
9.305	0.08551712
9.31	0.08699451
9.315	0.08838935
9.32	0.08978145
9.325	0.09117166
9.33	0.09245506
9.335	0.0938335
9.34	0.09519286
9.345	0.09655683
9.35	0.09793216
9.355	0.09916371
9.36	0.1003976
9.365	0.101849
9.37	0.1032826
9.375	0.1047157
9.38	0.1060588
9.385	0.1074312
9.39	0.1088933
9.395	0.1103072
9.4	0.1116013
9.405	0.1127175
9.41	0.1136375
9.415	0.1145311
9.42	0.1154015
9.425	0.1165008
9.43	0.1174588
9.435	0.1183906
9.44	0.1193394
9.445	0.1201829
9.45	0.1210763
9.455	0.1219452
9.46	0.1228219
9.465	0.1237944
9.47	0.1246575
9.475	0.1254736
9.48	0.1263298
9.485	0.1272096
9.49	0.1280642
9.495	0.1289061
9.5	0.1297362
9.505	0.1306069
9.51	0.1314055
9.515	0.1321555
9.52	0.1329654
9.525	0.1336922
9.53	0.1343978
9.535	0.1353417
9.54	0.1361109
9.545	0.1368577
9.55	0.1376191
9.555	0.1383408
9.56	0.1392459
9.565	0.1401894
9.57	0.1407793
9.575	0.1412885
9.58	0.1417501
9.585	0.1423291
9.59	0.1428729
9.595	0.1432844
9.6	0.1437085
9.605	0.1441622
9.61	0.1446965
9.615	0.1452581
9.62	0.1460563
9.625	0.1468825
9.63	0.147611
9.635	0.1483381
9.64	0.1491805
9.645	0.150003
9.65	0.1507726
9.655	0.1513996
9.66	0.1520265
9.665	0.1526416
9.67	0.1530834
9.675	0.1535773
9.68	0.1541061
9.685	0.1545893
9.69	0.1549733
9.695	0.1554799
9.7	0.1560668
9.705	0.1566451
9.71	0.1571251
9.715	0.1574468
9.72	0.1577708
9.725	0.1580186
9.73	0.158339
9.735	0.1586592
9.74	0.1586113
9.745	0.1586672
9.75	0.158733
9.755	0.1587443
9.76	0.158699
9.765	0.1584028
9.77	0.1580005
9.775	0.1577066
9.78	0.1574466
9.785	0.1571907
9.79	0.1567898
9.795	0.1563691
9.8	0.1560108
9.805	0.1556728
9.81	0.1553399
9.815	0.1548337
9.82	0.1543266
9.825	0.1533847
9.83	0.1523782
9.835	0.1509352
9.84	0.149517
9.845	0.1478342
9.85	0.1461027
9.855	0.1444241
9.86	0.1428058
9.865	0.1411767
9.87	0.1395103
9.875	0.1379178
9.88	0.1362881
9.885	0.1346395
9.89	0.1329493
9.895	0.131264
9.9	0.1291948
9.905	0.1268924
9.91	0.1245558
9.915	0.1222332
9.92	0.1200234
9.925	0.1177771
9.93	0.1155425
9.935	0.1131596
9.94	0.1107215
9.945	0.1084987
9.95	0.1061316
9.955	0.1037138
9.96	0.1012347
9.965	0.09878131
9.97	0.09647306
9.975	0.09421107
9.98	0.09194609
9.985	0.08964373
9.99	0.08732531
9.995	0.0850344
10	0.08273595
10.005	0.08035763
10.01	0.07780705
10.015	0.07517276
10.02	0.07270525
10.025	0.07019892
10.03	0.06808841
10.035	0.06598385
10.04	0.06467064
10.045	0.06333754
10.05	0.06228085
10.055	0.06125818
10.06	0.06015397
10.065	0.05904041
10.07	0.05789031
10.075	0.05681804
10.08	0.05580513
10.085	0.05481388
10.09	0.0537877
10.095	0.05312466
10.1	0.05252846
10.105	0.05240508
10.11	0.05271798
10.115	0.05303806
10.12	0.05332944
10.125	0.05364897
10.13	0.05397299
10.135	0.05430324
10.14	0.05476138
10.145	0.05523319
10.15	0.05572988
10.155	0.05636212
10.16	0.05697711
10.165	0.05764221
10.17	0.05839872
10.175	0.05914619
10.18	0.05986631
10.185	0.06056468
10.19	0.06124433
10.195	0.06185823
10.2	0.06249989
10.205	0.06310937
10.21	0.06374853
10.215	0.06443058
10.22	0.06518526
10.225	0.06592403
10.23	0.06670592
10.235	0.06748459
10.24	0.0682711
10.245	0.06888769
10.25	0.06945627
10.255	0.07002946
10.26	0.07065928
10.265	0.07131799
10.27	0.07195867
10.275	0.0725995
10.28	0.07312559
10.285	0.07355127
10.29	0.07396586
10.295	0.07434315
10.3	0.07429382
10.305	0.07424375
10.31	0.07421736
10.315	0.07394153
10.32	0.07365357
10.325	0.07339878
10.33	0.0731275
10.335	0.07288062
10.34	0.07261845
10.345	0.07233724
10.35	0.07205238
10.355	0.07173298
10.36	0.07134563
10.365	0.07100627
10.37	0.07069662
10.375	0.07021628
10.38	0.06975036
10.385	0.06929116
10.39	0.06885893
10.395	0.06845162
10.4	0.06809158
10.405	0.06774115
10.41	0.06741417
10.415	0.06704941
10.42	0.06669547
10.425	0.06619721
10.43	0.06570507
10.435	0.06514028
10.44	0.06469336
10.445	0.06423695
10.45	0.06381041
10.455	0.0634106
10.46	0.06300908
10.465	0.06249258
10.47	0.06195928
10.475	0.06144319
10.48	0.06095146
10.485	0.06052986
10.49	0.0601409
10.495	0.05978049
10.5	0.0595349
10.505	0.05957114
10.51	0.05962942
10.515	0.05966933
10.52	0.05985965
10.525	0.06007561
10.53	0.06028926
10.535	0.06051773
10.54	0.06073341
10.545	0.06093299
10.55	0.06114586
10.555	0.0613747
10.56	0.06163636
10.565	0.06193809
10.57	0.06213392
10.575	0.06228619
10.58	0.06253704
10.585	0.06275665
10.59	0.06297552
10.595	0.06316329
10.6	0.06332757
10.605	0.06344885
10.61	0.06357162
10.615	0.0636789
10.62	0.06379587
10.625	0.06398771
10.63	0.0642551
10.635	0.06451236
10.64	0.06472989
10.645	0.06467811
10.65	0.06458213
10.655	0.06453611
10.66	0.06449364
10.665	0.06445593
10.67	0.06445876
10.675	0.06445051
10.68	0.06444116
10.685	0.06438232
10.69	0.06432738
10.695	0.06427478
10.7	0.06418734
10.705	0.06397942
10.71	0.06371498
10.715	0.06341215
10.72	0.06310926
10.725	0.06280343
10.73	0.06245566
10.735	0.06211894
10.74	0.06177209
10.745	0.06141551
10.75	0.06108025
10.755	0.06072948
10.76	0.06035289
10.765	0.05995306
10.77	0.0595446
10.775	0.05919612
10.78	0.05890896
10.785	0.05863602
10.79	0.05836491
10.795	0.05810141
10.8	0.05785623
10.805	0.05758259
10.81	0.05732312
10.815	0.05703813
10.82	0.05676557
10.825	0.05649425
10.83	0.05605481
10.835	0.0555599
10.84	0.05507575
10.845	0.05473686
10.85	0.05462639
10.855	0.05457151
10.86	0.05448947
10.865	0.05440207
10.87	0.05430899
10.875	0.0542167
10.88	0.05413721
10.885	0.05401081
10.89	0.05390652
10.895	0.0537827
10.9	0.05367369
10.905	0.05357694
10.91	0.05352558
10.915	0.0535263
10.92	0.05355257
10.925	0.05359441
10.93	0.05366084
10.935	0.0537412
10.94	0.05375554
10.945	0.05383389
10.95	0.0539315
10.955	0.05401924
10.96	0.05411996
10.965	0.05422326
10.97	0.05429781
10.975	0.05437034
10.98	0.05442723
10.985	0.05437449
10.99	0.05426584
10.995	0.05415542
11	0.05402149
11.005	0.05390304
11.01	0.05382451
11.015	0.05376892
11.02	0.05372891
11.025	0.05366776
11.03	0.05361099
11.035	0.05364039
11.04	0.05371398
11.045	0.05375804
11.05	0.0536335
11.055	0.0533849
11.06	0.0530953
11.065	0.05281622
11.07	0.05252838
11.075	0.05229686
11.08	0.05217906
11.085	0.05208116
11.09	0.05202882
11.095	0.05198582
11.1	0.05195603
11.105	0.05193246
11.11	0.0518703
11.115	0.05179914
11.12	0.05170066
11.125	0.05159588
11.13	0.0514704
11.135	0.05130179
11.14	0.05114151
11.145	0.05099942
11.15	0.05071032
11.155	0.05044093
11.16	0.0501864
11.165	0.04993136
11.17	0.04968379
11.175	0.04946945
11.18	0.04927614
11.185	0.04910646
11.19	0.04901493
11.195	0.04896187
11.2	0.04892348
11.205	0.04889056
11.21	0.04881456
11.215	0.04870717
11.22	0.04856198
11.225	0.04841131
11.23	0.04825892
11.235	0.04808363
11.24	0.04788816
11.245	0.04768607
11.25	0.04750586
11.255	0.04739956
11.26	0.04735135
11.265	0.04732182
11.27	0.04729049
11.275	0.04733906
11.28	0.04725266
11.285	0.04693705
11.29	0.04660778
11.295	0.04624877
11.3	0.04587972
11.305	0.04550676
11.31	0.04511173
11.315	0.04475631
11.32	0.04442704
11.325	0.04411822
11.33	0.04381025
11.335	0.04351359
11.34	0.04323917
11.345	0.04296565
11.35	0.04273871
11.355	0.0426503
11.36	0.04247218
11.365	0.04227551
11.37	0.04206361
11.375	0.0418414
11.38	0.04165599
11.385	0.04144649
11.39	0.04119664
11.395	0.04091711
11.4	0.04063291
11.405	0.0403382
11.41	0.04003652
11.415	0.03975832
11.42	0.03949149
11.425	0.03924498
11.43	0.03904111
11.435	0.03885363
11.44	0.03869112
11.445	0.03856279
11.45	0.03842883
11.455	0.03831601
11.46	0.03826318
11.465	0.03822779
11.47	0.0381971
11.475	0.03816279
11.48	0.03795177
11.485	0.03781647
11.49	0.03781023
11.495	0.03776312
11.5	0.03772888
11.505	0.03769476
11.51	0.03765487
11.515	0.03761079
11.52	0.03758078
11.525	0.03756639
11.53	0.03754377
11.535	0.03752127
11.54	0.03755412
11.545	0.03767271
11.55	0.03779972
11.555	0.03787687
11.56	0.03785356
11.565	0.03788474
11.57	0.03790837
11.575	0.03795325
11.58	0.03800693
11.585	0.0379778
11.59	0.03793097
11.595	0.03791041
11.6	0.03791784
11.605	0.03796018
11.61	0.03802713
11.615	0.0381295
11.62	0.03823394
11.625	0.03834492
11.63	0.03845718
11.635	0.03849154
11.64	0.03864007
11.645	0.03878567
11.65	0.03897492
11.655	0.03922032
11.66	0.03940984
11.665	0.03978013
11.67	0.0401782
11.675	0.04075798
11.68	0.04136925
11.685	0.04204347
11.69	0.0428278
11.695	0.04360941
11.7	0.04443012
11.705	0.04524141
11.71	0.04604298
11.715	0.04684024
11.72	0.04769946
11.725	0.04856497
11.73	0.0493832
11.735	0.05018809
11.74	0.05098875
11.745	0.0517261
11.75	0.05233682
11.755	0.05292066
11.76	0.05357532
11.765	0.0542751
11.77	0.05498597
11.775	0.05574818
11.78	0.05651049
11.785	0.05728709
11.79	0.0580764
11.795	0.05889582
11.8	0.05975407
11.805	0.06058488
11.81	0.06151932
11.815	0.06248492
11.82	0.06342985
11.825	0.06436179
11.83	0.06528272
11.835	0.06622606
11.84	0.06719394
11.845	0.06808154
11.85	0.06895187
11.855	0.06974762
11.86	0.07058853
11.865	0.07156951
11.87	0.07233477
11.875	0.07304541
11.88	0.07354601
11.885	0.07406631
11.89	0.07462296
11.895	0.07507885
11.9	0.07557333
11.905	0.07613968
11.91	0.07670135
11.915	0.07733493
11.92	0.07796703
11.925	0.07860605
11.93	0.07919352
11.935	0.07981301
11.94	0.08055418
11.945	0.08135633
11.95	0.08219524
11.955	0.08305675
11.96	0.08393313
11.965	0.08474887
11.97	0.0855333
11.975	0.08632768
11.98	0.08715344
11.985	0.0879486
11.99	0.08888993
11.995	0.08982414
12	0.09076598
12.005	0.09162695
12.01	0.09248495
12.015	0.09315118
12.02	0.09376362
12.025	0.09436939
12.03	0.09501534
12.035	0.0956621
12.04	0.09627292
12.045	0.09685951
12.05	0.09740244
12.055	0.09794844
12.06	0.0985374
12.065	0.09900417
12.07	0.09928565
12.075	0.09960247
12.08	0.0999784
12.085	0.1004344
12.09	0.1010219
12.095	0.1017136
12.1	0.1024238
12.105	0.1030666
12.11	0.1036138
12.115	0.1042274
12.12	0.1047313
12.125	0.105229
12.13	0.1056178
12.135	0.10602
12.14	0.1064167
12.145	0.1067267
12.15	0.1069632
12.155	0.1071273
12.16	0.107306
12.165	0.1074772
12.17	0.1076359
12.175	0.1078054
12.18	0.107931
12.185	0.1079212
12.19	0.1079179
12.195	0.1076297
12.2	0.10735
12.205	0.1070621
12.21	0.1068029
12.215	0.1066253
12.22	0.1065236
12.225	0.1064435
12.23	0.1063582
12.235	0.1061951
12.24	0.1060302
12.245	0.1058902
12.25	0.1057679
12.255	0.1057132
12.26	0.1057171
12.265	0.1058446
12.27	0.1060248
12.275	0.1062785
12.28	0.10653
12.285	0.1067486
12.29	0.1069636
12.295	0.1068372
12.3	0.1064295
12.305	0.1060005
12.31	0.1057005
12.315	0.1053887
12.32	0.1049346
12.325	0.1045174
12.33	0.1040879
12.335	0.1037283
12.34	0.1033898
12.345	0.103037
12.35	0.1025658
12.355	0.1020715
12.36	0.101617
12.365	0.1012054
12.37	0.1007847
12.375	0.1003944
12.38	0.1000575
12.385	0.09973117
12.39	0.09948703
12.395	0.09924359
12.4	0.09915793
12.405	0.09905883
12.41	0.0988604
12.415	0.09866231
12.42	0.09830271
12.425	0.09796674
12.43	0.09756672
12.435	0.09718078
12.44	0.09683525
12.445	0.09647515
12.45	0.09605381
12.455	0.09564987
12.46	0.09517348
12.465	0.09455777
12.47	0.09358533
12.475	0.09259169
12.48	0.09159434
12.485	0.09061314
12.49	0.08956512
12.495	0.08851889
12.5	0.08766993
12.505	0.08701623
12.51	0.08638419
12.515	0.08550394
12.52	0.08464068
12.525	0.08386187
12.53	0.08311422
12.535	0.08237268
12.54	0.08162463
12.545	0.08082302
12.55	0.07996199
12.555	0.07924935
12.56	0.07857502
12.565	0.07792153
12.57	0.0770978
12.575	0.07624467
12.58	0.07536292
12.585	0.07432069
12.59	0.07330285
12.595	0.07228673
12.6	0.07125963
12.605	0.07020713
12.61	0.06912908
12.615	0.06815984
12.62	0.06717636
12.625	0.06630266
12.63	0.06542562
12.635	0.06460751
12.64	0.06376926
12.645	0.06292576
12.65	0.06207665
12.655	0.06131161
12.66	0.06045316
12.665	0.05964003
12.67	0.05894366
12.675	0.0585399
12.68	0.0581528
12.685	0.05776765
12.69	0.05738656
12.695	0.05707036
12.7	0.05670857
12.705	0.05640339
12.71	0.05604635
12.715	0.05568829
12.72	0.05550438
12.725	0.05535016
12.73	0.05519489
12.735	0.0550283
12.74	0.05489689
12.745	0.05475166
12.75	0.05464017
12.755	0.05459197
12.76	0.05449109
12.765	0.05440349
12.77	0.05425466
12.775	0.0542297
12.78	0.05426968
12.785	0.05431817
12.79	0.05448616
12.795	0.05458864
12.8	0.05466221
12.805	0.05473609
12.81	0.05482818
12.815	0.05493128
12.82	0.05499188
12.825	0.05506448
12.83	0.05512203
12.835	0.05511758
12.84	0.05512388
12.845	0.05506797
12.85	0.05502845
12.855	0.0549975
12.86	0.05489176
12.865	0.05480067
12.87	0.05473938
12.875	0.05464213
12.88	0.05452942
12.885	0.05442042
12.89	0.0543064
12.895	0.05419158
12.9	0.05411826
12.905	0.05403154
12.91	0.05388249
12.915	0.0537645
12.92	0.05366778
12.925	0.05358704
12.93	0.05354708
12.935	0.05356455
12.94	0.05348483
12.945	0.05334167
12.95	0.0532148
12.955	0.05309171
12.96	0.05297479
12.965	0.05288638
12.97	0.05278851
12.975	0.05273326
12.98	0.05268057
12.985	0.05259545
12.99	0.05252998
12.995	0.05242176
13	0.05235381
13.005	0.05226718
13.01	0.05223552
13.015	0.0522283
13.02	0.05227062
13.025	0.05239946
13.03	0.05250738
13.035	0.05256153
13.04	0.05268168
13.045	0.05282317
13.05	0.05302686
13.055	0.0531845
13.06	0.05336064
13.065	0.05365365
13.07	0.05403085
13.075	0.05438472
13.08	0.05477855
13.085	0.05520713
13.09	0.0556462
13.095	0.05612454
13.1	0.05657477
13.105	0.05695827
13.11	0.05739795
13.115	0.05786929
13.12	0.05833555
13.125	0.05876634
13.13	0.05918707
13.135	0.05953028
13.14	0.05976859
13.145	0.06008028
13.15	0.06040481
13.155	0.06074009
13.16	0.06111262
13.165	0.06149324
13.17	0.06187267
13.175	0.0622496
13.18	0.0625953
13.185	0.06294763
13.19	0.06327891
13.195	0.06358176
13.2	0.06395355
13.205	0.06433361
13.21	0.06473715
13.215	0.06504763
13.22	0.06530157
13.225	0.06548452
13.23	0.06558986
13.235	0.06571118
13.24	0.06589654
13.245	0.06599726
13.25	0.06604817
13.255	0.06609744
13.26	0.06618079
13.265	0.06623223
13.27	0.06617611
13.275	0.06603894
13.28	0.06586603
13.285	0.06564832
13.29	0.06539234
13.295	0.06513204
13.3	0.06480319
13.305	0.06448284
13.31	0.06422285
13.315	0.06391824
13.32	0.06359169
13.325	0.0632609
13.33	0.0629411
13.335	0.06264116
13.34	0.06241
13.345	0.06220785
13.35	0.0619777
13.355	0.06175047
13.36	0.06149022
13.365	0.06115548
13.37	0.06081658
13.375	0.06047368
13.38	0.06013333
13.385	0.05983067
13.39	0.05954476
13.395	0.05928054
13.4	0.05902989
13.405	0.05867601
13.41	0.05829583
13.415	0.05790109
13.42	0.0575593
13.425	0.05727777
13.43	0.05705933
13.435	0.05685454
13.44	0.05664094
13.445	0.05636452
13.45	0.05611456
13.455	0.05589495
13.46	0.05564777
13.465	0.05535257
13.47	0.05507664
13.475	0.05482332
13.48	0.05458682
13.485	0.05443187
13.49	0.05431795
13.495	0.05423368
13.5	0.05412048
13.505	0.05404346
13.51	0.05397734
13.515	0.0538314
13.52	0.05368477
13.525	0.05355181
13.53	0.05340958
13.535	0.05324116
13.54	0.05300486
13.545	0.05268842
13.55	0.05239144
13.555	0.05212003
13.56	0.05185819
13.565	0.05159676
13.57	0.0513556
13.575	0.05108508
13.58	0.05080695
13.585	0.05052668
13.59	0.05019796
13.595	0.04981586
13.6	0.04940287
13.605	0.0489776
13.61	0.04860605
13.615	0.04822818
13.62	0.04785863
13.625	0.0475202
13.63	0.04714017
13.635	0.04670904
13.64	0.04632707
13.645	0.04595454
13.65	0.04559901
13.655	0.04526894
13.66	0.04498867
13.665	0.0447694
13.67	0.04457823
13.675	0.04441525
13.68	0.04430039
13.685	0.04421714
13.69	0.0440332
13.695	0.04385798
13.7	0.04366777
13.705	0.04349172
13.71	0.04332044
13.715	0.04314193
13.72	0.04306912
13.725	0.04304965
13.73	0.04304769
13.735	0.04306224
13.74	0.04309743
13.745	0.0431835
13.75	0.04331258
13.755	0.04343595
13.76	0.04353443
13.765	0.04360935
13.77	0.04370495
13.775	0.04383258
13.78	0.04398429
13.785	0.04414221
13.79	0.04430216
13.795	0.04447633
13.8	0.04465967
13.805	0.04486312
13.81	0.0450806
13.815	0.04529765
13.82	0.04551871
13.825	0.0457339
13.83	0.04585478
13.835	0.04598059
13.84	0.04614768
13.845	0.04624076
13.85	0.04629463
13.855	0.04637158
13.86	0.04648398
13.865	0.0465017
13.87	0.04643946
13.875	0.04638892
13.88	0.04629327
13.885	0.04616756
13.89	0.04606129
13.895	0.04599821
13.9	0.04594132
13.905	0.04590547
13.91	0.0458938
13.915	0.04588022
13.92	0.04587723
13.925	0.0457738
13.93	0.04561685
13.935	0.04544223
13.94	0.04529705
13.945	0.04515988
13.95	0.0450413
13.955	0.04492609
13.96	0.0448423
13.965	0.04481284
13.97	0.04484621
13.975	0.0448749
13.98	0.04488243
13.985	0.04488456
13.99	0.04489336
13.995	0.0448999
14	0.04491723
14.005	0.04494295
14.01	0.04497649
14.015	0.04500688
14.02	0.04506491
14.025	0.04518164
14.03	0.04531459
14.035	0.04554065
14.04	0.04583166
14.045	0.04610831
14.05	0.04641352
14.055	0.04675039
14.06	0.04710681
14.065	0.04742719
14.07	0.0477816
14.075	0.04817296
14.08	0.0485531
14.085	0.04893805
14.09	0.04933801
14.095	0.04976363
14.1	0.05016755
14.105	0.05051284
14.11	0.0508247
14.115	0.0511493
14.12	0.0514936
14.125	0.05180553
14.13	0.05216559
14.135	0.05254976
14.14	0.05292972
14.145	0.05324893
14.15	0.05356657
14.155	0.05385061
14.16	0.0541265
14.165	0.0543558
14.17	0.05452543
14.175	0.05476312
14.18	0.05501417
14.185	0.05529045
14.19	0.0556044
14.195	0.05601185
14.2	0.05651688
14.205	0.05700982
14.21	0.05756858
14.215	0.05816405
14.22	0.05874503
14.225	0.05926845
14.23	0.0597569
14.235	0.06022226
14.24	0.0606965
14.245	0.06111025
14.25	0.06147892
14.255	0.06185107
14.26	0.06220563
14.265	0.06251514
14.27	0.06281817
14.275	0.06318376
14.28	0.06355342
14.285	0.06394672
14.29	0.06436596
14.295	0.06493733
14.3	0.06541362
14.305	0.06592391
14.31	0.06642226
14.315	0.06698467
14.32	0.06752355
14.325	0.06816199
14.33	0.0688209
14.335	0.06946429
14.34	0.07011185
14.345	0.07075317
14.35	0.07141674
14.355	0.07209381
14.36	0.07283371
14.365	0.07356832
14.37	0.07431056
14.375	0.07505444
14.38	0.07580176
14.385	0.07665888
14.39	0.07747392
14.395	0.07823945
14.4	0.0788633
14.405	0.07936842
14.41	0.07988173
14.415	0.08030706
14.42	0.08067191
14.425	0.08110725
14.43	0.08156418
14.435	0.08198144
14.44	0.08252153
14.445	0.08298259
14.45	0.08348938
14.455	0.08401684
14.46	0.08458903
14.465	0.08520197
14.47	0.0858254
14.475	0.08645523
14.48	0.08702657
14.485	0.08759224
14.49	0.08814048
14.495	0.08865415
14.5	0.0891114
14.505	0.08960427
14.51	0.09025557
14.515	0.09096642
14.52	0.0915921
14.525	0.09221416
14.53	0.09264369
14.535	0.09318661
14.54	0.09380875
14.545	0.09440713
14.55	0.09502548
14.555	0.09566057
14.56	0.09641063
14.565	0.09706928
14.57	0.09772276
14.575	0.09844144
14.58	0.09921242
14.585	0.09978517
14.59	0.1004336
14.595	0.1011033
14.6	0.1017702
14.605	0.1025204
14.61	0.1032731
14.615	0.10403
14.62	0.1048619
14.625	0.1057026
14.63	0.1065637
14.635	0.1074838
14.64	0.1084193
14.645	0.1092502
14.65	0.110112
14.655	0.1109174
14.66	0.1117292
14.665	0.1124824
14.67	0.1131732
14.675	0.1138596
14.68	0.1145341
14.685	0.1151914
14.69	0.1159763
14.695	0.1167767
14.7	0.1175779
14.705	0.1181961
14.71	0.1188057
14.715	0.1191488
14.72	0.1194311
14.725	0.1197529
14.73	0.1200538
14.735	0.1204345
14.74	0.1206189
14.745	0.1206904
14.75	0.120768
14.755	0.1208143
14.76	0.1208336
14.765	0.1206261
14.77	0.1204806
14.775	0.1203369
14.78	0.1201048
14.785	0.1197976
14.79	0.1195785
14.795	0.1189756
14.8	0.1183562
14.805	0.117742
14.81	0.1170478
14.815	0.1163704
14.82	0.1156576
14.825	0.1148415
14.83	0.114025
14.835	0.1130048
14.84	0.111844
14.845	0.1106791
14.85	0.1094288
14.855	0.1081485
14.86	0.1068428
14.865	0.1055053
14.87	0.104149
14.875	0.1028069
14.88	0.1014493
14.885	0.1000795
14.89	0.09872417
14.895	0.09703358
14.9	0.09522894
14.905	0.09339669
14.91	0.09169576
14.915	0.08996919
14.92	0.08835795
14.925	0.08674765
14.93	0.085102
14.935	0.0834434
14.94	0.08175093
14.945	0.08016901
14.95	0.07860729
14.955	0.07701305
14.96	0.07540618
14.965	0.07375815
14.97	0.07226743
14.975	0.0706491
14.98	0.06910671
14.985	0.06754456
14.99	0.06599234
14.995	0.06447861
15	0.06337423
15.005	0.06224499
15.01	0.06109536
15.015	0.06002066
15.02	0.05893433
15.025	0.0578748
15.03	0.05690309
15.035	0.05590379
15.04	0.05515949
15.045	0.05454554
15.05	0.05390006
15.055	0.05340395
15.06	0.05292736
15.065	0.05246069
15.07	0.05202809
15.075	0.05163158
15.08	0.05123821
15.085	0.05083877
15.09	0.05043101
15.095	0.04997906
15.1	0.04983249
15.105	0.04982078
15.11	0.04981071
15.115	0.04984174
15.12	0.04991848
15.125	0.05004434
15.13	0.05023235
15.135	0.05039172
15.14	0.05059276
15.145	0.05090963
15.15	0.05124173
15.155	0.05161266
15.16	0.05205171
15.165	0.05247473
15.17	0.05290584
15.175	0.05339559
15.18	0.05395931
15.185	0.0542281
15.19	0.054572
15.195	0.05492341
15.2	0.05515762
15.205	0.0554132
15.21	0.05567856
15.215	0.05594324
15.22	0.0561863
15.225	0.05641458
15.23	0.05661467
15.235	0.05680808
15.24	0.05701424
15.245	0.05717836
15.25	0.05744198
15.255	0.05774646
15.26	0.05805587
15.265	0.05837036
15.27	0.05872236
15.275	0.05900409
15.28	0.05929793
15.285	0.05957765
15.29	0.05986164
15.295	0.0601777
15.3	0.0606052
15.305	0.06105151
15.31	0.06147815
15.315	0.06192295
15.32	0.06230347
15.325	0.06260782
15.33	0.06289958
15.335	0.06311085
15.34	0.06331314
15.345	0.06346469
15.35	0.06340067
15.355	0.06331876
15.36	0.06323239
15.365	0.06304874
15.37	0.06296049
15.375	0.06289843
15.38	0.06273133
15.385	0.06253812
15.39	0.0624737
15.395	0.0623724
15.4	0.06227666
15.405	0.06222812
15.41	0.06213026
15.415	0.06203516
15.42	0.06193914
15.425	0.06183598
15.43	0.06173863
15.435	0.06165459
15.44	0.06156017
15.445	0.06147847
15.45	0.06141954
15.455	0.06117106
15.46	0.06088229
15.465	0.06059543
15.47	0.06030685
15.475	0.06005193
15.48	0.05984851
15.485	0.05962579
15.49	0.05941466
15.495	0.05920191
15.5	0.05892714
15.505	0.05846674
15.51	0.05795077
15.515	0.05738515
15.52	0.05675941
15.525	0.05619205
15.53	0.05568545
15.535	0.05516756
15.54	0.05469034
15.545	0.05423307
15.55	0.05380121
15.555	0.05350612
15.56	0.05322486
15.565	0.05294546
15.57	0.05270098
15.575	0.05227648
15.58	0.05183213
15.585	0.05147509
15.59	0.05114452
15.595	0.05079752
15.6	0.05044757
15.605	0.05009752
15.61	0.04975936
15.615	0.04947898
15.62	0.04919996
15.625	0.04891986
15.63	0.04864921
15.635	0.04839968
15.64	0.04816087
15.645	0.04792468
15.65	0.04763015
15.655	0.04733498
15.66	0.047167
15.665	0.04696211
15.67	0.04678414
15.675	0.04660128
15.68	0.04633521
15.685	0.04603725
15.69	0.04573785
15.695	0.0454228
15.7	0.04509107
15.705	0.0448091
15.71	0.04464144
15.715	0.04453094
15.72	0.04451688
15.725	0.04453238
15.73	0.04447016
15.735	0.04437009
15.74	0.04428014
15.745	0.04417992
15.75	0.04409003
15.755	0.04400464
15.76	0.04392157
15.765	0.04382706
15.77	0.04373174
15.775	0.04365322
15.78	0.04367697
15.785	0.04367023
15.79	0.04361001
15.795	0.0435928
15.8	0.04364795
15.805	0.04373317
15.81	0.04381712
15.815	0.04388445
15.82	0.04389427
15.825	0.04391146
15.83	0.04394628
15.835	0.04398546
15.84	0.04398992
15.845	0.04400895
15.85	0.04404436
15.855	0.04411767
15.86	0.04418776
15.865	0.04422732
15.87	0.04431361
15.875	0.04433408
15.88	0.04432998
15.885	0.04449289
15.89	0.04470988
15.895	0.04493238
15.9	0.04517207
15.905	0.045422
15.91	0.04564575
15.915	0.04588229
15.92	0.04609858
15.925	0.04621685
15.93	0.04639957
15.935	0.04664652
15.94	0.04689489
15.945	0.04714519
15.95	0.04740176
15.955	0.04763146
15.96	0.04785057
15.965	0.04807801
15.97	0.04830784
15.975	0.04853643
15.98	0.04876479
15.985	0.04899555
15.99	0.04932359
15.995	0.04968558
16	0.04993373
16.005	0.05007278
16.01	0.05018962
16.015	0.05029111
16.02	0.05042043
16.025	0.05061032
16.03	0.05078155
16.035	0.05093242
16.04	0.05108146
16.045	0.05122853
16.05	0.05132966
16.055	0.05143467
16.06	0.05153859
16.065	0.0516553
16.07	0.05180675
16.075	0.05195834
16.08	0.0521481
16.085	0.05235152
16.09	0.05232785
16.095	0.05225612
16.1	0.05218796
16.105	0.05209996
16.11	0.05201441
16.115	0.05194813
16.12	0.0518649
16.125	0.05177066
16.13	0.05173458
16.135	0.05159368
16.14	0.05140582
16.145	0.05120858
16.15	0.05100975
16.155	0.0508188
16.16	0.05063768
16.165	0.05045322
16.17	0.05031895
16.175	0.0502256
16.18	0.05013071
16.185	0.05003776
16.19	0.0499006
16.195	0.04963149
16.2	0.04933685
16.205	0.04909726
16.21	0.04891341
16.215	0.0487465
16.22	0.04859687
16.225	0.04840775
16.23	0.04814296
16.235	0.04789133
16.24	0.04763456
16.245	0.04740191
16.25	0.04717941
16.255	0.04698266
16.26	0.04676402
16.265	0.04655114
16.27	0.04638541
16.275	0.04623826
16.28	0.04610998
16.285	0.04600382
16.29	0.0459292
16.295	0.04611129
16.3	0.04632917
16.305	0.0465639
16.31	0.04681083
16.315	0.0470919
16.32	0.04736223
16.325	0.04763126
16.33	0.04790644
16.335	0.04814396
16.34	0.0484468
16.345	0.04876953
16.35	0.04916589
16.355	0.04956129
16.36	0.04995788
16.365	0.05037468
16.37	0.05082025
16.375	0.05111024
16.38	0.0513519
16.385	0.05167019
16.39	0.05198683
16.395	0.05233081
16.4	0.05269816
16.405	0.05313767
16.41	0.05360013
16.415	0.0542648
16.42	0.05491439
16.425	0.05571706
16.43	0.05652081
16.435	0.05735682
16.44	0.05820973
16.445	0.05910867
16.45	0.06001153
16.455	0.06091394
16.46	0.06181882
16.465	0.06273238
16.47	0.06363116
16.475	0.06449593
16.48	0.06529759
16.485	0.06606965
16.49	0.0668067
16.495	0.06752912
16.5	0.06808528
16.505	0.0686038
16.51	0.06910176
16.515	0.06968909
16.52	0.07023052
16.525	0.0708649
16.53	0.07153828
16.535	0.07221244
16.54	0.07289406
16.545	0.07367643
16.55	0.07447624
16.555	0.07518469
16.56	0.07592013
16.565	0.07663171
16.57	0.07731569
16.575	0.07797861
16.58	0.07881794
16.585	0.07970636
16.59	0.08059437
16.595	0.08156157
16.6	0.08254022
16.605	0.08354975
16.61	0.08447669
16.615	0.08539847
16.62	0.08607099
16.625	0.08683604
16.63	0.0874182
16.635	0.0880007
16.64	0.08886589
16.645	0.08967361
16.65	0.09041838
16.655	0.09116568
16.66	0.09191496
16.665	0.09267642
16.67	0.09342121
16.675	0.09416341
16.68	0.09484311
16.685	0.09564026
16.69	0.09645974
16.695	0.09728295
16.7	0.09807798
16.705	0.09908243
16.71	0.1000867
16.715	0.1010887
16.72	0.1019536
16.725	0.1028484
16.73	0.1036415
16.735	0.1044647
16.74	0.1052798
16.745	0.106323
16.75	0.1072787
16.755	0.1081898
16.76	0.1091226
16.765	0.1100009
16.77	0.1109411
16.775	0.1118771
16.78	0.1128058
16.785	0.1135693
16.79	0.1142447
16.795	0.1148032
16.8	0.1152319
16.805	0.1156462
16.81	0.1160782
16.815	0.1165232
16.82	0.116943
16.825	0.1174252
16.83	0.1177877
16.835	0.1181821
16.84	0.1185744
16.845	0.1185877
16.85	0.1186399
16.855	0.1187349
16.86	0.1188496
16.865	0.1189493
16.87	0.1190043
16.875	0.1191203
16.88	0.119239
16.885	0.1194406
16.89	0.119515
16.895	0.1196712
16.9	0.1197956
16.905	0.120089
16.91	0.1201089
16.915	0.1201398
16.92	0.1202027
16.925	0.1203133
16.93	0.1203773
16.935	0.1204495
16.94	0.1204713
16.945	0.1205121
16.95	0.1201422
16.955	0.1196928
16.96	0.1192598
16.965	0.1188226
16.97	0.1184045
16.975	0.1178694
16.98	0.117328
16.985	0.1167691
16.99	0.1162632
16.995	0.1158045
17	0.1154231
17.005	0.1151058
17.01	0.1147644
17.015	0.1143283
17.02	0.1138969
17.025	0.1134593
17.03	0.1130391
17.035	0.1126425
17.04	0.1122549
17.045	0.1118623
17.05	0.1115677
17.055	0.1112346
17.06	0.1108351
17.065	0.1102821
17.07	0.1097076
17.075	0.109147
17.08	0.1084541
17.085	0.1077335
17.09	0.1068854
17.095	0.1060246
17.1	0.104901
17.105	0.1038149
17.11	0.1023618
17.115	0.101069
17.12	0.09973901
17.125	0.0982855
17.13	0.09682112
17.135	0.09537668
17.14	0.09390355
17.145	0.09228987
17.15	0.09059162
17.155	0.08916046
17.16	0.08781918
17.165	0.0864772
17.17	0.08516359
17.175	0.08386706
17.18	0.08262682
17.185	0.08140011
17.19	0.08017543
17.195	0.07897316
17.2	0.07773537
17.205	0.07645605
17.21	0.07515768
17.215	0.07396082
17.22	0.07285168
17.225	0.07172599
17.23	0.0706088
17.235	0.06957192
17.24	0.06863623
17.245	0.06771507
17.25	0.06679071
17.255	0.06596187
17.26	0.06515825
17.265	0.06444383
17.27	0.06395942
17.275	0.06350758
17.28	0.06304372
17.285	0.06270538
17.29	0.06239837
17.295	0.06219131
17.3	0.06207143
17.305	0.06218636
17.31	0.06222066
17.315	0.06250507
17.32	0.06273334
17.325	0.06298861
17.33	0.06334749
17.335	0.06368971
17.34	0.06401982
17.345	0.06439017
17.35	0.06495498
17.355	0.06558809
17.36	0.06617718
17.365	0.06674375
17.37	0.06725275
17.375	0.06764359
17.38	0.06793763
17.385	0.06824213
17.39	0.0684854
17.395	0.0687765
17.4	0.06901762
17.405	0.06926681
17.41	0.06954435
17.415	0.06979897
17.42	0.0698705
17.425	0.06990165
17.43	0.06994544
17.435	0.06998952
17.44	0.06982866
17.445	0.06952049
17.45	0.06918939
17.455	0.06886166
17.46	0.06854476
17.465	0.06821509
17.47	0.06783088
17.475	0.0673296
17.48	0.06682701
17.485	0.06635436
17.49	0.0658363
17.495	0.06530334
17.5	0.06477708
17.505	0.06425893
17.51	0.06373892
17.515	0.06325732
17.52	0.06281035
17.525	0.06241057
17.53	0.06198821
17.535	0.0615838
17.54	0.06119158
17.545	0.06077587
17.55	0.06037246
17.555	0.05991076
17.56	0.05940587
17.565	0.05886981
17.57	0.0583346
17.575	0.05781841
17.58	0.05736072
17.585	0.05696753
17.59	0.05654305
17.595	0.05615077
17.6	0.05563127
17.605	0.05513553
17.61	0.05464148
17.615	0.05408829
17.62	0.05355068
17.625	0.05309864
17.63	0.05267419
17.635	0.05221936
17.64	0.05178972
17.645	0.05149238
17.65	0.05129302
17.655	0.0511256
17.66	0.05092964
17.665	0.05071908
17.67	0.05052292
17.675	0.05040579
17.68	0.050368
17.685	0.050322
17.69	0.05023871
17.695	0.05018602
17.7	0.05012105
17.705	0.05006433
17.71	0.04999542
17.715	0.04992807
17.72	0.04987898
17.725	0.04987039
17.73	0.04983595
17.735	0.04980901
17.74	0.04969244
17.745	0.04955714
17.75	0.04939342
17.755	0.049182
17.76	0.04893585
17.765	0.04865496
17.77	0.04842116
17.775	0.04818814
17.78	0.04795998
17.785	0.04773433
17.79	0.04748408
17.795	0.04725765
17.8	0.04702984
17.805	0.04687482
17.81	0.04672164
17.815	0.04658899
17.82	0.04649058
17.825	0.04639143
17.83	0.04631398
17.835	0.0462747
17.84	0.04624143
17.845	0.04612386
17.85	0.046011
17.855	0.04588639
17.86	0.04572106
17.865	0.04557392
17.87	0.0454459
17.875	0.04530522
17.88	0.04502137
17.885	0.04475073
17.89	0.04457669
17.895	0.04443702
17.9	0.04430145
17.905	0.0442056
17.91	0.04414156
17.915	0.04406982
17.92	0.04399604
17.925	0.04390747
17.93	0.04368256
17.935	0.04341585
17.94	0.04315338
17.945	0.04294626
17.95	0.04274902
17.955	0.04259439
17.96	0.04247078
17.965	0.04240784
17.97	0.04237318
17.975	0.04231375
17.98	0.04227491
17.985	0.04224554
17.99	0.04222168
17.995	0.04221557
18	0.04220679
18.005	0.04219959
18.01	0.04224064
18.015	0.04228632
18.02	0.04227694
18.025	0.04228462
18.03	0.04229059
18.035	0.0422982
18.04	0.04220689
18.045	0.04211853
18.05	0.04208183
18.055	0.04204656
18.06	0.04202956
18.065	0.04203834
18.07	0.04203925
18.075	0.04202549
18.08	0.04201968
18.085	0.04210548
18.09	0.04215321
18.095	0.04200412
18.1	0.04185604
18.105	0.04171342
18.11	0.04155491
18.115	0.04129706
18.12	0.04104819
18.125	0.04079403
18.13	0.04050181
18.135	0.04026651
18.14	0.04007144
18.145	0.03989719
18.15	0.03971412
18.155	0.03952762
18.16	0.03935808
18.165	0.0391845
18.17	0.03903472
18.175	0.0389358
18.18	0.03894455
18.185	0.03892117
18.19	0.03887788
18.195	0.03882271
18.2	0.0387602
18.205	0.03870511
18.21	0.03866078
18.215	0.03851732
18.22	0.03836329
18.225	0.03825418
18.23	0.03812511
18.235	0.03799458
18.24	0.03787001
18.245	0.03780567
18.25	0.0377461
18.255	0.03768532
18.26	0.03762168
18.265	0.0375324
18.27	0.03743547
18.275	0.03734537
18.28	0.03726681
18.285	0.03717169
18.29	0.03707244
18.295	0.03699903
18.3	0.03703686
18.305	0.03701931
18.31	0.03699464
18.315	0.03695619
18.32	0.0369748
18.325	0.03699288
18.33	0.03701603
18.335	0.03707248
18.34	0.03715342
18.345	0.03723098
18.35	0.03726048
18.355	0.03729728
18.36	0.03735831
18.365	0.03739199
18.37	0.03741577
18.375	0.0373935
18.38	0.03729929
18.385	0.03700455
18.39	0.03671524
18.395	0.0364374
18.4	0.03617004
18.405	0.03590088
18.41	0.03563179
18.415	0.03535036
18.42	0.03513026
18.425	0.03492298
18.43	0.03468818
18.435	0.03445712
18.44	0.03422996
18.445	0.03399742
18.45	0.03376407
18.455	0.03352734
18.46	0.0332988
18.465	0.03306932
18.47	0.03285503
18.475	0.03264209
18.48	0.03241357
18.485	0.03214496
18.49	0.03188957
18.495	0.03165636
18.5	0.03141768
18.505	0.03118073
18.51	0.03099249
18.515	0.03078277
18.52	0.03054936
18.525	0.03032345
18.53	0.03009617
18.535	0.02986358
18.54	0.02963003
18.545	0.02939809
18.55	0.02916655
18.555	0.02896554
18.56	0.02876673
18.565	0.02851079
18.57	0.02827338
18.575	0.02804546
18.58	0.02780922
18.585	0.027632
18.59	0.02759506
18.595	0.0275621
18.6	0.02752003
18.605	0.02746007
18.61	0.0274539
18.615	0.02744056
18.62	0.02740732
18.625	0.02736824
18.63	0.02731221
18.635	0.02726852
18.64	0.02720172
18.645	0.02712772
18.65	0.02705538
18.655	0.02696795
18.66	0.02688221
18.665	0.02677494
18.67	0.02667739
18.675	0.02662232
18.68	0.02658928
18.685	0.02656664
18.69	0.02657522
18.695	0.02658801
18.7	0.02657447
18.705	0.02656585
18.71	0.02657896
18.715	0.02656207
18.72	0.02656382
18.725	0.0266027
18.73	0.02663083
18.735	0.02668767
18.74	0.02680772
18.745	0.02692751
18.75	0.02704563
18.755	0.02716691
18.76	0.0272995
18.765	0.02747307
18.77	0.02767778
18.775	0.0278897
18.78	0.02810099
18.785	0.02833283
18.79	0.02853529
18.795	0.0287304
18.8	0.0290347
18.805	0.02935322
18.81	0.02967899
18.815	0.02992198
18.82	0.03018239
18.825	0.03045415
18.83	0.03079373
18.835	0.03115126
18.84	0.03151271
18.845	0.0319188
18.85	0.03233838
18.855	0.0327546
18.86	0.03348637
18.865	0.03467605
18.87	0.03586273
18.875	0.03700112
18.88	0.03809717
18.885	0.03913301
18.89	0.0401502
18.895	0.04116682
18.9	0.04217534
18.905	0.04316315
18.91	0.044127
18.915	0.0450388
18.92	0.04600824
18.925	0.04697215
18.93	0.04792102
18.935	0.04885439
18.94	0.04975
18.945	0.05056745
18.95	0.05142687
18.955	0.0522804
18.96	0.05333914
18.965	0.05436694
18.97	0.05551587
18.975	0.05665353
18.98	0.05775762
18.985	0.05910361
18.99	0.06047238
18.995	0.06214119
19	0.06376788
19.005	0.06526158
19.01	0.06671049
19.015	0.06818779
19.02	0.06964565
19.025	0.07104386
19.03	0.07249693
19.035	0.07386699
19.04	0.07519953
19.045	0.07667033
19.05	0.07811131
19.055	0.07951654
19.06	0.08088652
19.065	0.08199305
19.07	0.08269049
19.075	0.08336513
19.08	0.08405126
19.085	0.0846993
19.09	0.08535454
19.095	0.08600792
19.1	0.08675928
19.105	0.08781265
19.11	0.08886803
19.115	0.08998268
19.12	0.09109754
19.125	0.09213673
19.13	0.09316144
19.135	0.09419412
19.14	0.09521616
19.145	0.09626923
19.15	0.09748493
19.155	0.09864191
19.16	0.09979223
19.165	0.1007511
19.17	0.1016991
19.175	0.1024517
19.18	0.1032018
19.185	0.103986
19.19	0.1045255
19.195	0.1050528
19.2	0.105195
19.205	0.1053538
19.21	0.1056531
19.215	0.1060158
19.22	0.1063146
19.225	0.1067854
19.23	0.1073737
19.235	0.1078679
19.24	0.108379
19.245	0.108993
19.25	0.1096821
19.255	0.110385
19.26	0.1111388
19.265	0.1120274
19.27	0.1130294
19.275	0.1141962
19.28	0.1153684
19.285	0.1165059
19.29	0.117918
19.295	0.1193345
19.3	0.1207359
19.305	0.1219833
19.31	0.1227593
19.315	0.1235372
19.32	0.1243332
19.325	0.1251296
19.33	0.1260101
19.335	0.1268865
19.34	0.1277564
19.345	0.1287635
19.35	0.1297066
19.355	0.1304823
19.36	0.1312672
19.365	0.1320466
19.37	0.1328538
19.375	0.1337536
19.38	0.1347813
19.385	0.1357868
19.39	0.1367346
19.395	0.1377076
19.4	0.1386357
19.405	0.1397087
19.41	0.1408133
19.415	0.1417537
19.42	0.1426443
19.425	0.1435463
19.43	0.1441988
19.435	0.1446905
19.44	0.1452044
19.445	0.1457315
19.45	0.1461177
19.455	0.14613
19.46	0.1460955
19.465	0.1459913
19.47	0.1456813
19.475	0.145333
19.48	0.1449394
19.485	0.1445205
19.49	0.1441207
19.495	0.1432855
19.5	0.1424065
19.505	0.141533
19.51	0.1406786
19.515	0.1400363
19.52	0.1393457
19.525	0.1384716
19.53	0.1375725
19.535	0.1365467
19.54	0.1355005
19.545	0.1343988
19.55	0.1330109
19.555	0.1316288
19.56	0.130199
19.565	0.1287355
19.57	0.1272267
19.575	0.1256872
19.58	0.1239233
19.585	0.1220057
19.59	0.1200577
19.595	0.1180982
19.6	0.116148
19.605	0.1141766
19.61	0.1121566
19.615	0.109986
19.62	0.1078468
19.625	0.1056148
19.63	0.1033277
19.635	0.1011509
19.64	0.09904253
19.645	0.09687863
19.65	0.09460877
19.655	0.09237789
19.66	0.09046381
19.665	0.08855532
19.67	0.08666923
19.675	0.08491889
19.68	0.08309793
19.685	0.08131368
19.69	0.07955617
19.695	0.07778279
19.7	0.0763608
19.705	0.07493554
19.71	0.07340413
19.715	0.07192064
19.72	0.07035814
19.725	0.06885635
19.73	0.06755404
19.735	0.06627667
19.74	0.06508697
19.745	0.06391619
19.75	0.06280941
19.755	0.06201916
19.76	0.06124176
19.765	0.06064475
19.77	0.06007918
19.775	0.05955909
19.78	0.05918986
19.785	0.05909777
19.79	0.05914111
19.795	0.05919997
19.8	0.05927174
19.805	0.05933888
19.81	0.05944722
19.815	0.05957027
19.82	0.05973497
19.825	0.05994387
19.83	0.06024616
19.835	0.06056889
19.84	0.06091648
19.845	0.06127723
19.85	0.06166216
19.855	0.06205567
19.86	0.06243723
19.865	0.06280466
19.87	0.06318583
19.875	0.06349264
19.88	0.06379937
19.885	0.06416617
19.89	0.06442503
19.895	0.06457669
19.9	0.06461729
19.905	0.06466731
19.91	0.06473066
19.915	0.06485268
19.92	0.06490161
19.925	0.06498725
19.93	0.06498843
19.935	0.06498388
19.94	0.06492391
19.945	0.06487587
19.95	0.06477442
19.955	0.06463946
19.96	0.06444304
19.965	0.06422801
19.97	0.06398656
19.975	0.06373745
19.98	0.06347124
19.985	0.06303875
19.99	0.0625031
19.995	0.06196331
20	0.06142016
20.005	0.06087486
20.01	0.06033184
20.015	0.05976157
20.02	0.0591765
20.025	0.0586101
20.03	0.05801124
20.035	0.05737306
20.04	0.05670937
20.045	0.05597852
20.05	0.05520071
20.055	0.05441157
20.06	0.05365736
20.065	0.05290887
20.07	0.0521565
20.075	0.05133531
20.08	0.05056533
20.085	0.04979142
20.09	0.04901221
20.095	0.04828959
20.1	0.04762284
20.105	0.04701584
20.11	0.04642855
20.115	0.04585138
20.12	0.04525924
20.125	0.04470605
20.13	0.04410046
20.135	0.04355484
20.14	0.04302033
20.145	0.04251121
20.15	0.04199275
20.155	0.04151865
20.16	0.04106487
20.165	0.04062537
20.17	0.04019558
20.175	0.0397428
20.18	0.03928234
20.185	0.03883125
20.19	0.03849595
20.195	0.03819521
20.2	0.03787389
20.205	0.03753356
20.21	0.03721105
20.215	0.03688829
20.22	0.03657857
20.225	0.03632048
20.23	0.03609107
20.235	0.03588058
20.24	0.03567549
20.245	0.03547359
20.25	0.03533209
20.255	0.03523705
20.26	0.03513075
20.265	0.03499989
20.27	0.03488679
20.275	0.03483535
20.28	0.03483226
20.285	0.03483405
20.29	0.03481008
20.295	0.03479584
20.3	0.03478558
20.305	0.03478175
20.31	0.03481681
20.315	0.03478598
20.32	0.03470367
20.325	0.03463183
20.33	0.03457359
20.335	0.03454915
20.34	0.03457187
20.345	0.03460604
20.35	0.03466575
20.355	0.03473269
20.36	0.03479119
20.365	0.03486861
20.37	0.03496626
20.375	0.03507049
20.38	0.03516819
20.385	0.03527719
20.39	0.03538945
20.395	0.03548395
20.4	0.03561126
20.405	0.03579058
20.41	0.035982
20.415	0.03612821
20.42	0.03633257
20.425	0.03658851
20.43	0.03675534
20.435	0.03692471
20.44	0.03709501
20.445	0.03729165
20.45	0.03749603
20.455	0.03770598
20.46	0.03788438
20.465	0.03806124
20.47	0.03824081
20.475	0.0384321
20.48	0.03854429
20.485	0.0386629
20.49	0.03877314
20.495	0.03888629
20.5	0.03896109
20.505	0.03903666
20.51	0.03911317
20.515	0.03912612
20.52	0.03916572
20.525	0.03923096
20.53	0.0392769
20.535	0.0393172
20.54	0.03936899
20.545	0.03933493
20.55	0.03929863
20.555	0.03926119
20.56	0.03924567
20.565	0.03923263
20.57	0.03918924
20.575	0.03914204
20.58	0.03908243
20.585	0.03904167
20.59	0.03898944
20.595	0.0389224
20.6	0.0388893
20.605	0.03887064
20.61	0.03878118
20.615	0.03869647
20.62	0.03862365
20.625	0.03843899
20.63	0.03815744
20.635	0.03792166
20.64	0.03768734
20.645	0.03745643
20.65	0.03722728
20.655	0.03703896
20.66	0.03685699
20.665	0.03669435
20.67	0.03653777
20.675	0.03638685
20.68	0.03617944
20.685	0.03597321
20.69	0.0357597
20.695	0.03555042
20.7	0.03533451
20.705	0.03514501
20.71	0.03497202
20.715	0.0348143
20.72	0.03471122
20.725	0.03460936
20.73	0.03450301
20.735	0.03441581
20.74	0.03432822
20.745	0.03421601
20.75	0.03415331
20.755	0.03400961
20.76	0.03382374
20.765	0.03356967
20.77	0.03331462
20.775	0.03307406
20.78	0.03283867
20.785	0.03260826
20.79	0.03238867
20.795	0.03218064
20.8	0.03198445
20.805	0.03175456
20.81	0.03148459
20.815	0.03126637
20.82	0.03103636
20.825	0.03079174
20.83	0.03061556
20.835	0.03050273
20.84	0.03037742
20.845	0.0302397
20.85	0.03009676
20.855	0.02994701
20.86	0.02970208
20.865	0.02941611
20.87	0.02911781
20.875	0.0288236
20.88	0.02852473
20.885	0.02826366
20.89	0.02804964
20.895	0.02783583
20.9	0.02762317
20.905	0.02742796
20.91	0.02722658
20.915	0.02697752
20.92	0.02668061
20.925	0.02636142
20.93	0.02604674
20.935	0.02574356
20.94	0.02542935
20.945	0.02516039
20.95	0.0249412
20.955	0.02472063
20.96	0.02457236
20.965	0.02446
20.97	0.02439529
20.975	0.02433474
20.98	0.02428352
20.985	0.02423746
20.99	0.02418777
20.995	0.02412477
21	0.02407015
21.005	0.02401531
21.01	0.02397454
21.015	0.02396191
21.02	0.02391384
21.025	0.02386634
21.03	0.02382669
21.035	0.02396061
21.04	0.02413464
21.045	0.02431977
21.05	0.02451355
21.055	0.02473442
21.06	0.02497772
21.065	0.0253072
21.07	0.02568312
21.075	0.02607405
21.08	0.02649528
21.085	0.02692099
21.09	0.02733417
21.095	0.02771629
21.1	0.02810015
21.105	0.02851344
21.11	0.02903269
21.115	0.02954616
21.12	0.03008704
21.125	0.03063949
21.13	0.03121098
21.135	0.03176367
21.14	0.03228881
21.145	0.0327989
21.15	0.03328949
21.155	0.03372119
21.16	0.03418504
21.165	0.03472457
21.17	0.03526178
21.175	0.03579472
21.18	0.03647054
21.185	0.03712749
21.19	0.03776201
21.195	0.03848513
21.2	0.03921806
21.205	0.03998501
21.21	0.04084395
21.215	0.04169305
21.22	0.04252391
21.225	0.04337878
21.23	0.04422821
21.235	0.04506792
21.24	0.04571268
21.245	0.04629892
21.25	0.04689544
21.255	0.04750142
21.26	0.04808653
21.265	0.04872882
21.27	0.04934367
21.275	0.04994845
21.28	0.05056146
21.285	0.05111556
21.29	0.0516608
21.295	0.05220333
21.3	0.05285926
21.305	0.05352405
21.31	0.05415526
21.315	0.05467108
21.32	0.05525082
21.325	0.05581559
21.33	0.05638403
21.335	0.05693765
21.34	0.05748241
21.345	0.05806973
21.35	0.05865908
21.355	0.05921137
21.36	0.05979086
21.365	0.06047476
21.37	0.06120981
21.375	0.0619465
21.38	0.06279051
21.385	0.06354234
21.39	0.06441415
21.395	0.06563866
21.4	0.06687362
21.405	0.06806116
21.41	0.06921132
21.415	0.07023633
21.42	0.07134452
21.425	0.07257205
21.43	0.07375216
21.435	0.07493891
21.44	0.07617957
21.445	0.07763107
21.45	0.07907126
21.455	0.08047595
21.46	0.08184143
21.465	0.08317529
21.47	0.08449162
21.475	0.08580765
21.48	0.08709756
21.485	0.08834353
21.49	0.0896346
21.495	0.09090204
21.5	0.09216732
21.505	0.093319
21.51	0.09444293
21.515	0.0955523
21.52	0.0966957
21.525	0.09784951
21.53	0.09907774
21.535	0.1002812
21.54	0.101459
21.545	0.102631
21.55	0.1037406
21.555	0.104838
21.56	0.105935
21.565	0.1070413
21.57	0.1079876
21.575	0.1088208
21.58	0.1097321
21.585	0.1105185
21.59	0.1112436
21.595	0.1118516
21.6	0.112066
21.605	0.1122002
21.61	0.1123444
21.615	0.1125019
21.62	0.1126793
21.625	0.1127563
21.63	0.1126719
21.635	0.1126229
21.64	0.1125339
21.645	0.1124022
21.65	0.1120248
21.655	0.111682
21.66	0.11133
21.665	0.1111118
21.67	0.1108995
21.675	0.1105881
21.68	0.1102525
21.685	0.1099108
21.69	0.109578
21.695	0.109172
21.7	0.1088123
21.705	0.1084272
21.71	0.1080455
21.715	0.1076598
21.72	0.1072817
21.725	0.1068566
21.73	0.1062814
21.735	0.1055821
21.74	0.1049136
21.745	0.104254
21.75	0.1036049
21.755	0.1029855
21.76	0.1023585
21.765	0.1017406
21.77	0.1010409
21.775	0.1004178
21.78	0.09981106
21.785	0.0989863
21.79	0.09819264
21.795	0.0974486
21.8	0.09671724
21.805	0.09617511
21.81	0.09559372
21.815	0.09500257
21.82	0.09432389
21.825	0.09367935
21.83	0.09304904
21.835	0.09248862
21.84	0.09184952
21.845	0.09124148
21.85	0.09058082
21.855	0.09011172
21.86	0.08955078
21.865	0.08899213
21.87	0.08809845
21.875	0.08719676
21.88	0.08638873
21.885	0.08558177
21.89	0.08477532
21.895	0.08395076
21.9	0.08321356
21.905	0.08237387
21.91	0.08154232
21.915	0.08072412
21.92	0.07989819
21.925	0.07904393
21.93	0.07823107
21.935	0.0775262
21.94	0.07681188
21.945	0.07600463
21.95	0.07518872
21.955	0.07431833
21.96	0.07342154
21.965	0.07252792
21.97	0.07157132
21.975	0.07068672
21.98	0.06978103
21.985	0.0689236
21.99	0.06822124
21.995	0.06755778
22	0.06689189
22.005	0.06623599
22.01	0.0656457
22.015	0.06514846
22.02	0.06465596
22.025	0.06425848
22.03	0.06376612
22.035	0.06329287
22.04	0.06283832
22.045	0.06244881
22.05	0.06201947
22.055	0.06164135
22.06	0.06112977
22.065	0.06067904
22.07	0.06022844
22.075	0.06003834
22.08	0.05985833
22.085	0.0596065
22.09	0.05937852
22.095	0.05913569
22.1	0.05890695
22.105	0.05855743
22.11	0.05823336
22.115	0.0579418
22.12	0.05768182
22.125	0.05746308
22.13	0.05734088
22.135	0.05738124
22.14	0.05746297
22.145	0.05764103
22.15	0.05790438
22.155	0.05814926
22.16	0.05849187
22.165	0.05902829
22.17	0.0596681
22.175	0.06034344
22.18	0.06097982
22.185	0.06162039
22.19	0.06224062
22.195	0.06289778
22.2	0.06360657
22.205	0.06433048
22.21	0.06506853
22.215	0.06567711
22.22	0.06628919
22.225	0.06689809
22.23	0.06749897
22.235	0.06814356
22.24	0.06881086
22.245	0.0694695
22.25	0.07010359
22.255	0.07077293
22.26	0.07141605
22.265	0.07211982
22.27	0.07284094
22.275	0.07357406
22.28	0.07427068
22.285	0.07496516
22.29	0.07567181
22.295	0.07632686
22.3	0.07699493
22.305	0.07765894
22.31	0.07833359
22.315	0.0790182
22.32	0.07964321
22.325	0.08024396
22.33	0.08081206
22.335	0.0812641
22.34	0.08147267
22.345	0.08164721
22.35	0.08178488
22.355	0.08188072
22.36	0.0819881
22.365	0.08197336
22.37	0.08167518
22.375	0.08120855
22.38	0.08074498
22.385	0.08027302
22.39	0.07979393
22.395	0.07928576
22.4	0.07870186
22.405	0.07798598
22.41	0.07725183
22.415	0.07651118
22.42	0.0758645
22.425	0.07522081
22.43	0.07455928
22.435	0.07388475
22.44	0.07320786
22.445	0.07250983
22.45	0.07181326
22.455	0.07112394
22.46	0.0703808
22.465	0.0696635
22.47	0.06892755
22.475	0.06813215
22.48	0.06728026
22.485	0.06643083
22.49	0.06552735
22.495	0.06463352
22.5	0.06374773
22.505	0.06283254
22.51	0.06189542
22.515	0.0609743
22.52	0.06007826
22.525	0.05921153
22.53	0.05836085
22.535	0.05749413
22.54	0.05669037
22.545	0.05599894
22.55	0.05531743
22.555	0.05465819
22.56	0.05402492
22.565	0.05336899
22.57	0.05281362
22.575	0.05248072
22.58	0.05222974
22.585	0.05194626
22.59	0.05169739
22.595	0.05148784
22.6	0.05132157
22.605	0.05120989
22.61	0.05117419
22.615	0.05109726
22.62	0.05103765
22.625	0.05088022
22.63	0.05068213
22.635	0.05050124
22.64	0.05026143
22.645	0.05004525
22.65	0.04983641
22.655	0.0496688
22.66	0.04953018
22.665	0.04942926
22.67	0.04938293
22.675	0.04934365
22.68	0.04934124
22.685	0.04947274
22.69	0.04965586
22.695	0.04991795
22.7	0.0501739
22.705	0.05045407
22.71	0.05073774
22.715	0.05102828
22.72	0.05135442
22.725	0.05162374
22.73	0.05188025
22.735	0.05208086
22.74	0.0522888
22.745	0.05250478
22.75	0.05278197
22.755	0.05308254
22.76	0.05339946
22.765	0.05371154
22.77	0.05403106
22.775	0.05438689
22.78	0.05474829
22.785	0.05514112
22.79	0.05557663
22.795	0.05598868
22.8	0.05633276
22.805	0.05666321
22.81	0.05699912
22.815	0.05734916
22.82	0.05771541
22.825	0.05805619
22.83	0.05840713
22.835	0.05876499
22.84	0.05910766
22.845	0.05947308
22.85	0.05976673
22.855	0.060032
22.86	0.06020779
22.865	0.06031905
22.87	0.06043775
22.875	0.06044776
22.88	0.0604388
22.885	0.06043957
22.89	0.06028798
22.895	0.06005961
22.9	0.05976993
22.905	0.05946017
22.91	0.05913469
22.915	0.05881364
22.92	0.0584943
22.925	0.05808739
22.93	0.0576695
22.935	0.05724567
22.94	0.05686107
22.945	0.05645623
22.95	0.05603836
22.955	0.05561925
22.96	0.05513576
22.965	0.05462165
22.97	0.05410955
22.975	0.05359061
22.98	0.05297732
22.985	0.05234666
22.99	0.05171273
22.995	0.05100917
23	0.05029321
23.005	0.04960457
23.01	0.04890881
23.015	0.04818483
23.02	0.047457
23.025	0.04672863
23.03	0.04598892
23.035	0.04526612
23.04	0.04452992
23.045	0.04379517
23.05	0.04307652
23.055	0.04240755
23.06	0.04176029
23.065	0.04116934
23.07	0.04061979
23.075	0.04002585
23.08	0.03947868
23.085	0.03897819
23.09	0.03846044
23.095	0.03803733
23.1	0.03765649
23.105	0.03729551
23.11	0.0369538
23.115	0.03662819
23.12	0.03628415
23.125	0.03590574
23.13	0.03560062
23.135	0.03532838
23.14	0.03507309
23.145	0.03475006
23.15	0.03445617
23.155	0.03416579
23.16	0.03378847
23.165	0.03345357
23.17	0.03313136
23.175	0.03278466
23.18	0.03243711
23.185	0.03217109
23.19	0.03189396
23.195	0.03163988
23.2	0.03143208
23.205	0.03122248
23.21	0.03103381
23.215	0.03085568
23.22	0.03080047
23.225	0.03080985
23.23	0.03081971
23.235	0.03084115
23.24	0.03087607
23.245	0.03092711
23.25	0.03097112
23.255	0.03100735
23.26	0.03102547
23.265	0.03102945
23.27	0.03103628
23.275	0.03104515
23.28	0.03109025
23.285	0.03117035
23.29	0.03117772
23.295	0.03114864
23.3	0.03113979
23.305	0.03116331
23.31	0.03122671
23.315	0.03128593
23.32	0.03132159
23.325	0.03135907
23.33	0.03142627
23.335	0.03149942
23.34	0.03162428
23.345	0.03173423
23.35	0.03187914
23.355	0.03203316
23.36	0.03218946
23.365	0.03239591
23.37	0.03264854
23.375	0.03293801
23.38	0.03328944
23.385	0.03363856
23.39	0.03403713
23.395	0.03449231
23.4	0.03488946
23.405	0.03528477
23.41	0.03569723
23.415	0.03606971
23.42	0.03643344
23.425	0.03661538
23.43	0.03667387
23.435	0.03673321
23.44	0.03679744
23.445	0.03684068
23.45	0.03691285
23.455	0.03699237
23.46	0.03707973
23.465	0.03719876
23.47	0.03739769
23.475	0.03765337
23.48	0.03790693
23.485	0.03814436
23.49	0.03839288
23.495	0.03868121
23.5	0.03899032
23.505	0.03932682
23.51	0.03969299
23.515	0.04001836
23.52	0.04035299
23.525	0.04070977
23.53	0.04108374
23.535	0.04148922
23.54	0.04194903
23.545	0.04232496
23.55	0.04293351
23.555	0.04354212
23.56	0.04415593
23.565	0.04477929
23.57	0.04540082
23.575	0.04601713
23.58	0.04657162
23.585	0.04707335
23.59	0.0476657
23.595	0.0483445
23.6	0.04895433
23.605	0.04959203
23.61	0.05021751
23.615	0.05082122
23.62	0.05165723
23.625	0.05250533
23.63	0.05341105
23.635	0.05439972
23.64	0.05554491
23.645	0.05666399
23.65	0.05776676
23.655	0.05891485
23.66	0.0600498
23.665	0.06116812
23.67	0.06225145
23.675	0.06323095
23.68	0.06418268
23.685	0.06517639
23.69	0.0662516
23.695	0.06735694
23.7	0.06847181
23.705	0.06957373
23.71	0.0708865
23.715	0.07220717
23.72	0.07352227
23.725	0.07490929
23.73	0.07636108
23.735	0.07785836
23.74	0.07930402
23.745	0.08074656
23.75	0.08220741
23.755	0.08340147
23.76	0.08465719
23.765	0.08587252
23.77	0.08707134
23.775	0.08825598
23.78	0.0893868
23.785	0.09056394
23.79	0.09176479
23.795	0.09286188
23.8	0.09380582
23.805	0.09477792
23.81	0.09571772
23.815	0.09667734
23.82	0.09763467
23.825	0.09845213
23.83	0.09934732
23.835	0.1002559
23.84	0.101191
23.845	0.101933
23.85	0.1026789
23.855	0.1034258
23.86	0.1040649
23.865	0.1046806
23.87	0.1053192
23.875	0.1059477
23.88	0.1066087
23.885	0.1072369
23.89	0.1077996
23.895	0.108491
23.9	0.109125
23.905	0.1097348
23.91	0.1103702
23.915	0.1106848
23.92	0.1109011
23.925	0.1111335
23.93	0.1112271
23.935	0.1112187
23.94	0.1111122
23.945	0.1111939
23.95	0.1111744
23.955	0.1111193
23.96	0.1111668
23.965	0.1110972
23.97	0.1110373
23.975	0.1110034
23.98	0.1109723
23.985	0.1109829
23.99	0.1109156
23.995	0.1107839
24	0.1107706
24.005	0.1108055
24.01	0.1108806
24.015	0.1109672
24.02	0.1110215
24.025	0.1110781
24.03	0.1111771
24.035	0.1110959
24.04	0.1109774
24.045	0.1107242
24.05	0.1105475
24.055	0.1103552
24.06	0.1101553
24.065	0.1101605
24.07	0.1101872
24.075	0.1101853
24.08	0.1101901
24.085	0.1101968
24.09	0.1103897
24.095	0.1106043
24.1	0.1103945
24.105	0.1104054
24.11	0.110384
24.115	0.1103031
24.12	0.1103916
24.125	0.1105958
24.13	0.1107949
24.135	0.1110934
24.14	0.1114757
24.145	0.1118836
24.15	0.1119223
24.155	0.1120269
24.16	0.1121521
24.165	0.1122822
24.17	0.1124684
24.175	0.1126489
24.18	0.1127666
24.185	0.1128718
24.19	0.1129489
24.195	0.1130664
24.2	0.1132146
24.205	0.1131861
24.21	0.11316
24.215	0.1129853
24.22	0.1128093
24.225	0.1126269
24.23	0.1124284
24.235	0.1120845
24.24	0.1118301
24.245	0.1115698
24.25	0.1113759
24.255	0.1111886
24.26	0.1110104
24.265	0.1108379
24.27	0.1103626
24.275	0.1098925
24.28	0.109382
24.285	0.1088919
24.29	0.1083781
24.295	0.1074966
24.3	0.106663
24.305	0.1060729
24.31	0.1050392
24.315	0.1040283
24.32	0.1030311
24.325	0.1019955
24.33	0.1008302
24.335	0.09958567
24.34	0.09827198
24.345	0.09679347
24.35	0.09530898
24.355	0.0940216
24.36	0.09269916
24.365	0.09135193
24.37	0.08993192
24.375	0.08848736
24.38	0.08703592
24.385	0.08559023
24.39	0.0841537
24.395	0.08269335
24.4	0.08125219
24.405	0.07979036
24.41	0.07843256
24.415	0.07706523
24.42	0.07581077
24.425	0.07454077
24.43	0.07326944
24.435	0.07199169
24.44	0.07092483
24.445	0.06983292
24.45	0.06875804
24.455	0.06769716
24.46	0.06661783
24.465	0.06556073
24.47	0.06446728
24.475	0.06360041
24.48	0.06265146
24.485	0.0617559
24.49	0.06078308
24.495	0.0597873
24.5	0.05917964
24.505	0.05842408
24.51	0.05766187
24.515	0.05730533
24.52	0.05693951
24.525	0.05657981
24.53	0.05625508
24.535	0.05602595
24.54	0.05588889
24.545	0.05583353
24.55	0.05591012
24.555	0.0560507
24.56	0.05615565
24.565	0.05630527
24.57	0.05646299
24.575	0.05667315
24.58	0.05691328
24.585	0.05714952
24.59	0.05737973
24.595	0.05762294
24.6	0.05794052
24.605	0.0581249
24.61	0.05831329
24.615	0.05850268
24.62	0.05868593
24.625	0.05885323
24.63	0.05902027
24.635	0.05918941
24.64	0.05936972
24.645	0.05940157
24.65	0.05952628
24.655	0.05970867
24.66	0.05985289
24.665	0.05998846
24.67	0.06002738
24.675	0.06008413
24.68	0.06015594
24.685	0.06028286
24.69	0.06041971
24.695	0.06058666
24.7	0.06077901
24.705	0.06085863
24.71	0.0609609
24.715	0.06105867
24.72	0.06116282
24.725	0.06127287
24.73	0.06139894
24.735	0.06151513
24.74	0.06164609
24.745	0.06181772
24.75	0.0618905
24.755	0.06202944
24.76	0.06204531
24.765	0.06208869
24.77	0.06208147
24.775	0.06205774
24.78	0.06203351
24.785	0.06194586
24.79	0.06181558
24.795	0.06169699
24.8	0.06144556
24.805	0.06104163
24.81	0.06069568
24.815	0.06034111
24.82	0.05999147
24.825	0.05964584
24.83	0.059305
24.835	0.05894568
24.84	0.05858138
24.845	0.05818877
24.85	0.0578776
24.855	0.05739552
24.86	0.05676861
24.865	0.05615764
24.87	0.05554701
24.875	0.05502543
24.88	0.05454403
24.885	0.05405818
24.89	0.05352296
24.895	0.05296505
24.9	0.0523655
24.905	0.05175779
24.91	0.05121251
24.915	0.05068066
24.92	0.05015874
24.925	0.04964281
24.93	0.04912107
24.935	0.04856848
24.94	0.04803081
24.945	0.04745877
24.95	0.04675407
24.955	0.04612222
24.96	0.04538597
24.965	0.0447328
24.97	0.0441876
24.975	0.04370195
24.98	0.04322958
24.985	0.04275053
24.99	0.04232517
24.995	0.04194437
25	0.04156526
25.005	0.04131802
25.01	0.0412023
25.015	0.04109877
25.02	0.04102694
25.025	0.04095311
25.03	0.04087055
25.035	0.04078813
25.04	0.04074319
25.045	0.04070531
25.05	0.04068994
25.055	0.04066635
25.06	0.04077599
25.065	0.04104022
25.07	0.04130981
25.075	0.04159159
25.08	0.0417517
25.085	0.04177204
25.09	0.04181843
25.095	0.04190353
25.1	0.04199196
25.105	0.04211399
25.11	0.0422241
25.115	0.04233281
25.12	0.04245715
25.125	0.04254533
25.13	0.04260323
25.135	0.04265872
25.14	0.0427216
25.145	0.04275952
25.15	0.04281656
25.155	0.04292669
25.16	0.04302257
25.165	0.04312474
25.17	0.04323173
25.175	0.04311943
25.18	0.04295672
25.185	0.04279017
25.19	0.04263259
25.195	0.04246442
25.2	0.04228196
25.205	0.04211182
25.21	0.04192563
25.215	0.04173585
25.22	0.041533
25.225	0.04128012
25.23	0.04101795
25.235	0.04076397
25.24	0.04051803
25.245	0.04022772
25.25	0.03992439
25.255	0.03967673
25.26	0.03945472
25.265	0.03921812
25.27	0.03886793
25.275	0.03848738
25.28	0.03812234
25.285	0.03784801
25.29	0.03765289
25.295	0.03739545
25.3	0.03713149
25.305	0.0368535
25.31	0.03657367
25.315	0.03630399
25.32	0.03602583
25.325	0.03574893
25.33	0.0355019
25.335	0.03527461
25.34	0.03504465
25.345	0.03480148
25.35	0.03456861
25.355	0.03433588
25.36	0.03411245
25.365	0.03390006
25.37	0.03372746
25.375	0.03353878
25.38	0.03345615
25.385	0.03338577
25.39	0.03331639
25.395	0.03324135
25.4	0.03317147
25.405	0.0331093
25.41	0.03301427
25.415	0.03292838
25.42	0.03284979
25.425	0.03276891
25.43	0.03271222
25.435	0.03263872
25.44	0.03255136
25.445	0.03244088
25.45	0.03237135
25.455	0.03240023
25.46	0.03228204
25.465	0.03213198
25.47	0.03197743
25.475	0.03189756
25.48	0.03188083
25.485	0.03177536
25.49	0.03161267
25.495	0.03144362
25.5	0.03132992
25.505	0.03122217
25.51	0.03113889
25.515	0.03106987
25.52	0.03103774
25.525	0.03101038
25.53	0.03100301
25.535	0.03097504
25.54	0.03095842
25.545	0.03094882
25.55	0.03096378
25.555	0.03098878
25.56	0.03108921
25.565	0.03121403
25.57	0.03133844
25.575	0.03154227
25.58	0.03173295
25.585	0.03194694
25.59	0.03218486
25.595	0.03245989
25.6	0.03271321
25.605	0.03296764
25.61	0.03322377
25.615	0.03351976
25.62	0.03389709
25.625	0.034311
25.63	0.03473432
25.635	0.0351821
25.64	0.03564076
25.645	0.03609943
25.65	0.03657158
25.655	0.03701115
25.66	0.03734311
25.665	0.037773
25.67	0.03819668
25.675	0.03861389
25.68	0.0390186
25.685	0.03934962
25.69	0.03972465
25.695	0.04012937
25.7	0.04066826
25.705	0.04126369
25.71	0.04184567
25.715	0.04240678
25.72	0.04299335
25.725	0.043517
25.73	0.04403688
25.735	0.04451449
25.74	0.04499395
25.745	0.04545103
25.75	0.04591185
25.755	0.0463886
25.76	0.04685126
25.765	0.04724915
25.77	0.04766397
25.775	0.0480693
25.78	0.0483726
25.785	0.04868784
25.79	0.04904563
25.795	0.04939312
25.8	0.04971075
25.805	0.05007865
25.81	0.05048216
25.815	0.05092127
25.82	0.05136701
25.825	0.05170718
25.83	0.05201701
25.835	0.05231596
25.84	0.05264222
25.845	0.05297895
25.85	0.05335034
25.855	0.0537068
25.86	0.05406832
25.865	0.05440583
25.87	0.05468785
25.875	0.05498285
25.88	0.0552866
25.885	0.05559171
25.89	0.05593074
25.895	0.05631877
25.9	0.05672045
25.905	0.05697018
25.91	0.05712746
25.915	0.05738952
25.92	0.05769442
25.925	0.05792838
25.93	0.05818943
25.935	0.0584461
25.94	0.05873237
25.945	0.0592093
25.95	0.05976069
25.955	0.0603073
25.96	0.06082677
25.965	0.06134259
25.97	0.06271527
25.975	0.06480075
25.98	0.06684611
25.985	0.06885684
25.99	0.07081455
25.995	0.07305508
26	0.07542112
26.005	0.07774201
26.01	0.07997897
26.015	0.08214999
26.02	0.08442386
26.025	0.08662613
26.03	0.08880224
26.035	0.09091013
26.04	0.09298935
26.045	0.09497957
26.05	0.0970138
26.055	0.09907262
26.06	0.1011595
26.065	0.1033124
26.07	0.105501
26.075	0.1076594
26.08	0.1098145
26.085	0.1119709
26.09	0.1140994
26.095	0.1163466
26.1	0.1185207
26.105	0.1206382
26.11	0.1227799
26.115	0.1249317
26.12	0.1269799
26.125	0.1289688
26.13	0.1309439
26.135	0.1328873
26.14	0.1348689
26.145	0.1368707
26.15	0.1386867
26.155	0.1404309
26.16	0.1421524
26.165	0.1438442
26.17	0.1455254
26.175	0.1464498
26.18	0.1466912
26.185	0.1469379
26.19	0.1472004
26.195	0.1474564
26.2	0.1473371
26.205	0.1470514
26.21	0.1467795
26.215	0.1464908
26.22	0.1461829
26.225	0.1457037
26.23	0.1452096
26.235	0.144745
26.24	0.144371
26.245	0.1439836
26.25	0.1436103
26.255	0.1431912
26.26	0.142675
26.265	0.1422132
26.27	0.141626
26.275	0.1410002
26.28	0.1404224
26.285	0.1398226
26.29	0.1392664
26.295	0.1387896
26.3	0.1380483
26.305	0.1372855
26.31	0.1366937
26.315	0.1360167
26.32	0.1352678
26.325	0.1345106
26.33	0.1337837
26.335	0.133053
26.34	0.1323122
26.345	0.131433
26.35	0.1304243
26.355	0.129536
26.36	0.1286444
26.365	0.1277326
26.37	0.1268251
26.375	0.1259348
26.38	0.1254935
26.385	0.1254621
26.39	0.1253957
26.395	0.1252954
26.4	0.1252076
26.405	0.1253662
26.41	0.1255665
26.415	0.1257081
26.42	0.1258612
26.425	0.1260345
26.43	0.1262322
26.435	0.1264359
26.44	0.126563
26.445	0.1264978
26.45	0.1264259
26.455	0.1263349
26.46	0.1261291
26.465	0.1259476
26.47	0.1254969
26.475	0.1250642
26.48	0.1245609
26.485	0.1239455
26.49	0.1232689
26.495	0.1223563
26.5	0.1212119
26.505	0.1201931
26.51	0.1191942
26.515	0.1177847
26.52	0.1164338
26.525	0.115127
26.53	0.1138309
26.535	0.1124499
26.54	0.111052
26.545	0.1096427
26.55	0.108305
26.555	0.1070438
26.56	0.1056437
26.565	0.1042436
26.57	0.1028612
26.575	0.1014697
26.58	0.0999644
26.585	0.09839408
26.59	0.09676295
26.595	0.09510796
26.6	0.09345061
26.605	0.09173715
26.61	0.08994144
26.615	0.08817076
26.62	0.08636602
26.625	0.08452388
26.63	0.08257503
26.635	0.08063766
26.64	0.07866357
26.645	0.07670558
26.65	0.07490374
26.655	0.07307668
26.66	0.07123146
26.665	0.06951229
26.67	0.06774608
26.675	0.06621808
26.68	0.06470662
26.685	0.06330755
26.69	0.06198457
26.695	0.06069161
26.7	0.05966744
26.705	0.05891229
26.71	0.05818456
26.715	0.05743387
26.72	0.05713945
26.725	0.05678834
26.73	0.05639541
26.735	0.05600318
26.74	0.05572137
26.745	0.05543758
26.75	0.05515686
26.755	0.05487208
26.76	0.05455096
26.765	0.05435456
26.77	0.0541829
26.775	0.05393125
26.78	0.05374452
26.785	0.05368144
26.79	0.05367733
26.795	0.05370248
26.8	0.05383764
26.805	0.0539581
26.81	0.05409726
26.815	0.05428859
26.82	0.05445137
26.825	0.05466357
26.83	0.05484915
26.835	0.05510671
26.84	0.05538778
26.845	0.05567005
26.85	0.05601468
26.855	0.05626531
26.86	0.05649416
26.865	0.05670975
26.87	0.05691782
26.875	0.0571477
26.88	0.05734228
26.885	0.05754935
26.89	0.05781048
26.895	0.05807101
26.9	0.05836994
26.905	0.05865332
26.91	0.0588859
26.915	0.05905359
26.92	0.05922739
26.925	0.05932519
26.93	0.05942968
26.935	0.05953695
26.94	0.05965959
26.945	0.05974395
26.95	0.05982757
26.955	0.05996369
26.96	0.06005933
26.965	0.06014868
26.97	0.06024315
26.975	0.06034186
26.98	0.060465
26.985	0.06042863
26.99	0.06035874
26.995	0.06025695
27	0.06021271
27.005	0.0600268
27.01	0.05984809
27.015	0.05968617
27.02	0.0595045
27.025	0.05935724
27.03	0.0592159
27.035	0.05912572
27.04	0.05906378
27.045	0.05900702
27.05	0.05894487
27.055	0.05876962
27.06	0.05862364
27.065	0.05850521
27.07	0.05840615
27.075	0.05831124
27.08	0.05824539
27.085	0.05822356
27.09	0.05819828
27.095	0.05795618
27.1	0.0576831
27.105	0.05737927
27.11	0.05707445
27.115	0.05675299
27.12	0.05649574
27.125	0.05621508
27.13	0.05597303
27.135	0.05581155
27.14	0.0557324
27.145	0.05562152
27.15	0.05549659
27.155	0.05537963
27.16	0.05513058
27.165	0.05491077
27.17	0.05469268
27.175	0.05446793
27.18	0.05416865
27.185	0.05387914
27.19	0.0536828
27.195	0.05349101
27.2	0.05332738
27.205	0.05305504
27.21	0.05287841
27.215	0.05270128
27.22	0.05249947
27.225	0.05230689
27.23	0.05206658
27.235	0.05185035
27.24	0.0515756
27.245	0.05123504
27.25	0.05090122
27.255	0.05056701
27.26	0.05028507
27.265	0.04999395
27.27	0.04967148
27.275	0.04935884
27.28	0.0490462
27.285	0.04870471
27.29	0.04835149
27.295	0.04799095
27.3	0.04779679
27.305	0.04764832
27.31	0.04752161
27.315	0.04739276
27.32	0.04728885
27.325	0.04715951
27.33	0.04706216
27.335	0.04702537
27.34	0.04683895
27.345	0.04651352
27.35	0.04631758
27.355	0.04628413
27.36	0.04625126
27.365	0.04630291
27.37	0.04636482
27.375	0.04651309
27.38	0.04670044
27.385	0.0469432
27.39	0.04718531
27.395	0.04742163
27.4	0.04765445
27.405	0.0478604
27.41	0.0481238
27.415	0.04835245
27.42	0.04858354
27.425	0.04884304
27.43	0.04910156
27.435	0.04939296
27.44	0.04964515
27.445	0.0499305
27.45	0.05024502
27.455	0.05055508
27.46	0.0509041
27.465	0.05124808
27.47	0.05162023
27.475	0.05205379
27.48	0.05243051
27.485	0.05282722
27.49	0.05328016
27.495	0.05372993
27.5	0.05420987
27.505	0.0547048
27.51	0.05517892
27.515	0.05564756
27.52	0.05615164
27.525	0.05670624
27.53	0.05723031
27.535	0.05772869
27.54	0.05814288
27.545	0.0586004
27.55	0.05907546
27.555	0.05938496
27.56	0.05948066
27.565	0.05955674
27.57	0.05963269
27.575	0.05969158
27.58	0.05964006
27.585	0.0595351
27.59	0.05943464
27.595	0.05932887
27.6	0.05922668
27.605	0.05913935
27.61	0.05906486
27.615	0.05898564
27.62	0.05893068
27.625	0.0588655
27.63	0.05875975
27.635	0.05866407
27.64	0.05855148
27.645	0.05842913
27.65	0.05829497
27.655	0.05816367
27.66	0.05800802
27.665	0.05778737
27.67	0.05757628
27.675	0.0573371
27.68	0.05700152
27.685	0.05669449
27.69	0.05633501
27.695	0.05588055
27.7	0.05541705
27.705	0.05489434
27.71	0.05428857
27.715	0.05367036
27.72	0.05304499
27.725	0.05232421
27.73	0.05145983
27.735	0.05061835
27.74	0.04978461
27.745	0.04894877
27.75	0.04812296
27.755	0.04731903
27.76	0.04657376
27.765	0.04594715
27.77	0.04533016
27.775	0.04469872
27.78	0.04407035
27.785	0.0435065
27.79	0.04295474
27.795	0.04235989
27.8	0.04175929
27.805	0.04116144
27.81	0.04053954
27.815	0.03990129
27.82	0.03926629
27.825	0.03860277
27.83	0.03793702
27.835	0.03729639
27.84	0.03661422
27.845	0.03593141
27.85	0.03527263
27.855	0.03460562
27.86	0.03392535
27.865	0.03325827
27.87	0.03261692
27.875	0.03195382
27.88	0.0312851
27.885	0.03069828
27.89	0.03009112
27.895	0.02952434
27.9	0.0290637
27.905	0.0286155
27.91	0.02821093
27.915	0.02789094
27.92	0.02758552
27.925	0.02730871
27.93	0.02712073
27.935	0.02708307
27.94	0.02701328
27.945	0.0269719
27.95	0.02696859
27.955	0.02691299
27.96	0.02680785
27.965	0.02674018
27.97	0.02668452
27.975	0.02663461
27.98	0.02660486
27.985	0.02659576
27.99	0.02662122
27.995	0.02666804
28	0.0267979
28.005	0.02693694
28.01	0.02704209
28.015	0.02714402
28.02	0.02726026
28.025	0.02737421
28.03	0.02746299
28.035	0.02755264
28.04	0.02764237
28.045	0.02774898
28.05	0.02785869
28.055	0.02795912
28.06	0.02806538
28.065	0.02817079
28.07	0.02828003
28.075	0.02846544
28.08	0.02875245
28.085	0.02905137
28.09	0.02936484
28.095	0.02970034
28.1	0.0302166
28.105	0.03085419
28.11	0.03147425
28.115	0.03208038
28.12	0.03267502
28.125	0.03325558
28.13	0.03377705
28.135	0.03429073
28.14	0.03479163
28.145	0.03529604
28.15	0.03572144
28.155	0.03615094
28.16	0.03659405
28.165	0.0370619
28.17	0.03752248
28.175	0.03797612
28.18	0.03840531
28.185	0.03881574
28.19	0.03919304
28.195	0.03955026
28.2	0.03994402
28.205	0.04029002
28.21	0.04063119
28.215	0.04099805
28.22	0.04139261
28.225	0.04184352
28.23	0.04229179
28.235	0.04275767
28.24	0.04321634
28.245	0.04367126
28.25	0.0441472
28.255	0.04462954
28.26	0.04516527
28.265	0.04568951
28.27	0.04622868
28.275	0.0467697
28.28	0.04725861
28.285	0.04762173
28.29	0.04798894
28.295	0.0483742
28.3	0.04873886
28.305	0.04889398
28.31	0.04884157
28.315	0.04888971
28.32	0.04894672
28.325	0.04900485
28.33	0.04907624
28.335	0.04916636
28.34	0.04925899
28.345	0.0493756
28.35	0.04954595
28.355	0.04977195
28.36	0.04999198
28.365	0.05022151
28.37	0.05050075
28.375	0.0509379
28.38	0.05148067
28.385	0.05209932
28.39	0.05272147
28.395	0.05346578
28.4	0.05420518
28.405	0.05533403
28.41	0.05652355
28.415	0.057679
28.42	0.05881233
28.425	0.05999539
28.43	0.06106044
28.435	0.06215536
28.44	0.06326903
28.445	0.06438488
28.45	0.06552252
28.455	0.06666597
28.46	0.06784588
28.465	0.06903212
28.47	0.07020812
28.475	0.07133285
28.48	0.07255813
28.485	0.07414879
28.49	0.07597808
28.495	0.07786166
28.5	0.07968915
28.505	0.08147676
28.51	0.08352788
28.515	0.08609003
28.52	0.08855184
28.525	0.09093925
28.53	0.09326592
28.535	0.09562986
28.54	0.09801207
28.545	0.1003683
28.55	0.1026434
28.555	0.1048201
28.56	0.1069513
28.565	0.1091285
28.57	0.1112963
28.575	0.1134347
28.58	0.1153937
28.585	0.1172828
28.59	0.1191127
28.595	0.1209084
28.6	0.1226501
28.605	0.1243534
28.61	0.1257063
28.615	0.1269758
28.62	0.128318
28.625	0.129637
28.63	0.1309828
28.635	0.1323425
28.64	0.133646
28.645	0.1348958
28.65	0.1361169
28.655	0.1374634
28.66	0.1388762
28.665	0.1402143
28.67	0.1415874
28.675	0.1429498
28.68	0.1443809
28.685	0.1456966
28.69	0.1466992
28.695	0.1474542
28.7	0.1483308
28.705	0.1492392
28.71	0.1501681
28.715	0.1508404
28.72	0.150983
28.725	0.1510563
28.73	0.1511317
28.735	0.1512099
28.74	0.1511589
28.745	0.1510309
28.75	0.1508644
28.755	0.1507094
28.76	0.1506325
28.765	0.1505301
28.77	0.1503275
28.775	0.150089
28.78	0.1498303
28.785	0.1496333
28.79	0.1495242
28.795	0.1493901
28.8	0.1493189
28.805	0.1491673
28.81	0.149023
28.815	0.1489542
28.82	0.148917
28.825	0.1487375
28.83	0.1485612
28.835	0.1482009
28.84	0.147833
28.845	0.1475085
28.85	0.1472033
28.855	0.1469032
28.86	0.1463008
28.865	0.1454996
28.87	0.1447174
28.875	0.1437282
28.88	0.1427364
28.885	0.141587
28.89	0.1404434
28.895	0.1393123
28.9	0.1383187
28.905	0.1368709
28.91	0.1352979
28.915	0.1336514
28.92	0.1320818
28.925	0.1307407
28.93	0.1294439
28.935	0.1281344
28.94	0.126832
28.945	0.1256294
28.95	0.1244222
28.955	0.1232317
28.96	0.1220326
28.965	0.1206669
28.97	0.1193133
28.975	0.1179778
28.98	0.1166079
28.985	0.115138
28.99	0.113632
28.995	0.1117914
29	0.1099469
29.005	0.1079151
29.01	0.1059269
29.015	0.1039131
29.02	0.1019091
29.025	0.09989199
29.03	0.09794205
29.035	0.09594338
29.04	0.09407926
29.045	0.09222957
29.05	0.09023112
29.055	0.08820522
29.06	0.08614454
29.065	0.08432355
29.07	0.08261157
29.075	0.08093052
29.08	0.07943634
29.085	0.07786754
29.09	0.07640816
29.095	0.07497121
29.1	0.07368406
29.105	0.07230581
29.11	0.07139657
29.115	0.07057911
29.12	0.06980433
29.125	0.06908681
29.13	0.0684108
29.135	0.06773275
29.14	0.06705768
29.145	0.06627268
29.15	0.0653504
29.155	0.06451093
29.16	0.0636473
29.165	0.06275069
29.17	0.0620601
29.175	0.06134095
29.18	0.06060244
29.185	0.05991585
29.19	0.05938029
29.195	0.05889868
29.2	0.05876091
29.205	0.05866477
29.21	0.05873026
29.215	0.05880446
29.22	0.05887549
29.225	0.05896917
29.23	0.05916796
29.235	0.05941665
29.24	0.05969536
29.245	0.05999162
29.25	0.06014373
29.255	0.06038971
29.26	0.06060814
29.265	0.06092473
29.27	0.06121485
29.275	0.0615379
29.28	0.06172369
29.285	0.06191753
29.29	0.0621776
29.295	0.06243734
29.3	0.06269514
29.305	0.06295351
29.31	0.06326815
29.315	0.06362375
29.32	0.06399879
29.325	0.06438655
29.33	0.06477254
29.335	0.0652355
29.34	0.06569047
29.345	0.06612246
29.35	0.06664248
29.355	0.06722686
29.36	0.0677257
29.365	0.06827478
29.37	0.06890901
29.375	0.06943577
29.38	0.06997801
29.385	0.07054563
29.39	0.07110219
29.395	0.0716218
29.4	0.07205791
29.405	0.07250148
29.41	0.07289634
29.415	0.0732364
29.42	0.07359314
29.425	0.07392972
29.43	0.07430842
29.435	0.0744174
29.44	0.07444168
29.445	0.07443604
29.45	0.0744056
29.455	0.0744252
29.46	0.07445375
29.465	0.07446631
29.47	0.07428257
29.475	0.07405422
29.48	0.07384212
29.485	0.07367933
29.49	0.0735387
29.495	0.07334196
29.5	0.07315642
29.505	0.07299142
29.51	0.07283225
29.515	0.0726455
29.52	0.07236368
29.525	0.07207839
29.53	0.07176548
29.535	0.07144338
29.54	0.071024
29.545	0.07060275
29.55	0.07019206
29.555	0.06971425
29.56	0.06921552
29.565	0.06874288
29.57	0.06822722
29.575	0.06760848
29.58	0.06701476
29.585	0.0663905
29.59	0.06576093
29.595	0.06512779
29.6	0.06450849
29.605	0.06392661
29.61	0.06333076
29.615	0.06273787
29.62	0.06216319
29.625	0.0615389
29.63	0.06100599
29.635	0.06040358
29.64	0.06000919
29.645	0.05971269
29.65	0.05944541
29.655	0.0591871
29.66	0.058939
29.665	0.05869367
29.67	0.05847026
29.675	0.05837534
29.68	0.05835214
29.685	0.05832599
29.69	0.05829966
29.695	0.058207
29.7	0.05814838
29.705	0.05806168
29.71	0.05794334
29.715	0.05782225
29.72	0.05771495
29.725	0.05767273
29.73	0.05763167
29.735	0.05760733
29.74	0.05763442
29.745	0.05770073
29.75	0.057772
29.755	0.05783644
29.76	0.05793515
29.765	0.05805782
29.77	0.0582037
29.775	0.05822492
29.78	0.05822088
29.785	0.05824009
29.79	0.0582774
29.795	0.058316
29.8	0.05835927
29.805	0.05841372
29.81	0.05847132
29.815	0.05853358
29.82	0.05861028
29.825	0.05870637
29.83	0.05881007
29.835	0.05868332
29.84	0.05851699
29.845	0.05828199
29.85	0.05796036
29.855	0.0576176
29.86	0.05727817
29.865	0.05692571
29.87	0.05654136
29.875	0.05614334
29.88	0.05574775
29.885	0.0553071
29.89	0.05481602
29.895	0.05430892
29.9	0.05383558
29.905	0.05336704
29.91	0.05289937
29.915	0.05240082
29.92	0.05189519
29.925	0.0513761
29.93	0.05084376
29.935	0.05030797
29.94	0.04976477
29.945	0.04910814
29.95	0.04849543
29.955	0.04787058
29.96	0.04723464
29.965	0.04660019
29.97	0.04593089
29.975	0.04521063
29.98	0.04461763
29.985	0.04406042
29.99	0.04346285
29.995	0.04286499
30	0.04228785
30.005	0.04169294
30.01	0.04107533
30.015	0.04046224
30.02	0.03984976
30.025	0.03923478
30.03	0.03858809
30.035	0.03795163
30.04	0.03750491
30.045	0.03714081
30.05	0.03684061
30.055	0.0365867
30.06	0.03634356
30.065	0.03608874
30.07	0.03584262
30.075	0.03564572
30.08	0.03545831
30.085	0.03526423
30.09	0.03511025
30.095	0.03501153
30.1	0.0349398
30.105	0.03487265
30.11	0.0347672
30.115	0.03467758
30.12	0.03464293
30.125	0.03456316
30.13	0.03449863
30.135	0.0344605
30.14	0.03441547
30.145	0.03436227
30.15	0.03439278
30.155	0.03430791
30.16	0.03422577
30.165	0.03415362
30.17	0.03409306
30.175	0.03403899
30.18	0.03401141
30.185	0.03398524
30.19	0.03396569
30.195	0.03398874
30.2	0.03397807
30.205	0.03391627
30.21	0.03386637
30.215	0.03379451
30.22	0.03370028
30.225	0.03357913
30.23	0.03344132
30.235	0.0333278
30.24	0.03321467
30.245	0.03311468
30.25	0.03299207
30.255	0.0328348
30.26	0.03269426
30.265	0.03255056
30.27	0.03241963
30.275	0.03229178
30.28	0.03210208
30.285	0.03191419
30.29	0.03172614
30.295	0.03152434
30.3	0.03131283
30.305	0.03108048
30.31	0.03082613
30.315	0.03059977
30.32	0.03037688
30.325	0.03013296
30.33	0.02991636
30.335	0.02969197
30.34	0.02942084
30.345	0.02915762
30.35	0.02890406
30.355	0.02864527
30.36	0.02845211
30.365	0.02827199
30.37	0.02810333
30.375	0.027881
30.38	0.02766262
30.385	0.02744993
30.39	0.02723782
30.395	0.02706452
30.4	0.02685348
30.405	0.02666092
30.41	0.02647995
30.415	0.02629086
30.42	0.02612319
30.425	0.02595804
30.43	0.02580062
30.435	0.02564845
30.44	0.025474
30.445	0.02528635
30.45	0.02511689
30.455	0.02496152
30.46	0.02483628
30.465	0.02469928
30.47	0.02458532
30.475	0.02447481
30.48	0.02436324
30.485	0.02429314
30.49	0.02422237
30.495	0.02416193
30.5	0.02411027
30.505	0.02406405
30.51	0.02404721
30.515	0.02406745
30.52	0.02410363
30.525	0.02411246
30.53	0.0241956
30.535	0.02431918
30.54	0.02444361
30.545	0.02461366
30.55	0.02476868
30.555	0.02492135
30.56	0.02507038
30.565	0.025235
30.57	0.0253629
30.575	0.02547482
30.58	0.02561452
30.585	0.02576229
30.59	0.02592544
30.595	0.02611555
30.6	0.02632912
30.605	0.02655641
30.61	0.02679341
30.615	0.02703784
30.62	0.0272738
30.625	0.02755218
30.63	0.02783521
30.635	0.02812095
30.64	0.02845032
30.645	0.02877735
30.65	0.0291945
30.655	0.02957038
30.66	0.02996358
30.665	0.03035268
30.67	0.03076909
30.675	0.03115664
30.68	0.0317668
30.685	0.0326743
30.69	0.03355821
30.695	0.03443137
30.7	0.03531816
30.705	0.03619629
30.71	0.03718798
30.715	0.03815959
30.72	0.03913893
30.725	0.04014764
30.73	0.0411427
30.735	0.04204886
30.74	0.04290927
30.745	0.04375472
30.75	0.04457528
30.755	0.0454296
30.76	0.04631868
30.765	0.04722083
30.77	0.04812142
30.775	0.04903409
30.78	0.04994623
30.785	0.05084775
30.79	0.051745
30.795	0.05260912
30.8	0.05343976
30.805	0.0543594
30.81	0.05526743
30.815	0.05618857
30.82	0.05723017
30.825	0.05825731
30.83	0.05925947
30.835	0.06025547
30.84	0.06134685
30.845	0.06238516
30.85	0.06340903
30.855	0.06433915
30.86	0.06526321
30.865	0.06620657
30.87	0.06713873
30.875	0.06803395
30.88	0.06894696
30.885	0.06969964
30.89	0.0701858
30.895	0.07091462
30.9	0.07180976
30.905	0.0727422
30.91	0.07386027
30.915	0.07488315
30.92	0.07606978
30.925	0.07745507
30.93	0.07909966
30.935	0.0812014
30.94	0.08347811
30.945	0.08622711
30.95	0.08920242
30.955	0.09210499
30.96	0.09494119
30.965	0.09765511
30.97	0.1002949
30.975	0.1029046
30.98	0.105446
30.985	0.1079083
30.99	0.1103251
30.995	0.1126769
31	0.1149817
31.005	0.117258
31.01	0.1195028
31.015	0.1217241
31.02	0.1239193
31.025	0.1260104
31.03	0.1280649
31.035	0.1301751
31.04	0.1322888
31.045	0.1342685
31.05	0.1362246
31.055	0.138162
31.06	0.1401374
31.065	0.1420957
31.07	0.1440119
31.075	0.1459409
31.08	0.1478498
31.085	0.1498233
31.09	0.1518137
31.095	0.1538667
31.1	0.1556696
31.105	0.1573763
31.11	0.1590128
31.115	0.1604706
31.12	0.16207
31.125	0.1635407
31.13	0.1647908
31.135	0.1657661
31.14	0.1662651
31.145	0.1667403
31.15	0.1666781
31.155	0.1663659
31.16	0.1660262
31.165	0.1656892
31.17	0.1654158
31.175	0.1651139
31.18	0.1647495
31.185	0.1643923
31.19	0.164041
31.195	0.1636729
31.2	0.163311
31.205	0.1629717
31.21	0.1626121
31.215	0.1621062
31.22	0.1615753
31.225	0.1609965
31.23	0.1605096
31.235	0.1600312
31.24	0.1594044
31.245	0.1588449
31.25	0.1583375
31.255	0.1578299
31.26	0.1574259
31.265	0.1569465
31.27	0.1564836
31.275	0.1559905
31.28	0.155432
31.285	0.1548981
31.29	0.1541538
31.295	0.15333
31.3	0.1524169
31.305	0.1516135
31.31	0.1507076
31.315	0.1498118
31.32	0.1489608
31.325	0.1477682
31.33	0.1465526
31.335	0.145425
31.34	0.1443692
31.345	0.1435974
31.35	0.1425086
31.355	0.1417219
31.36	0.1409352
31.365	0.1401822
31.37	0.1393264
31.375	0.1383364
31.38	0.1373699
31.385	0.1364312
31.39	0.1354626
31.395	0.1344861
31.4	0.1335137
31.405	0.1325375
31.41	0.1315011
31.415	0.1304742
31.42	0.1295584
31.425	0.1286438
31.43	0.1277949
31.435	0.126662
31.44	0.1254973
31.445	0.1244109
31.45	0.1229918
31.455	0.1215267
31.46	0.1200743
31.465	0.1183125
31.47	0.1165531
31.475	0.1146808
31.48	0.1128118
31.485	0.1109514
31.49	0.1090327
31.495	0.1072402
31.5	0.1054883
31.505	0.1038034
31.51	0.1020905
31.515	0.100482
31.52	0.0988771
31.525	0.09727212
31.53	0.09588237
31.535	0.09453501
31.54	0.09314933
31.545	0.09181607
31.55	0.09037345
31.555	0.089243
31.56	0.08810269
31.565	0.08709611
31.57	0.08602688
31.575	0.0850408
31.58	0.08414118
31.585	0.08322011
31.59	0.08231171
31.595	0.08139011
31.6	0.08046729
31.605	0.0795686
31.61	0.07867445
31.615	0.0778128
31.62	0.07690924
31.625	0.07600778
31.63	0.07513743
31.635	0.07409591
31.64	0.07330296
31.645	0.07252141
31.65	0.07170148
31.655	0.07121109
31.66	0.07078992
31.665	0.07027861
31.67	0.06996982
31.675	0.06967759
31.68	0.06946724
31.685	0.06925736
31.69	0.0691095
31.695	0.0689146
31.7	0.06872684
31.705	0.06858654
31.71	0.06836134
31.715	0.06813246
31.72	0.06790931
31.725	0.0675905
31.73	0.06728897
31.735	0.06704509
31.74	0.06677705
31.745	0.06655965
31.75	0.06634698
31.755	0.0662461
31.76	0.06615141
31.765	0.06607038
31.77	0.06606395
31.775	0.06604188
31.78	0.06601648
31.785	0.06599261
31.79	0.06595862
31.795	0.06589277
31.8	0.06584662
31.805	0.06578467
31.81	0.06564279
31.815	0.06542267
31.82	0.06520534
31.825	0.0650173
31.83	0.06478612
31.835	0.06447034
31.84	0.0642628
31.845	0.06410102
31.85	0.06397769
31.855	0.06388737
31.86	0.0637647
31.865	0.06354077
31.87	0.06332814
31.875	0.06314933
31.88	0.06302324
31.885	0.06289237
31.89	0.06276633
31.895	0.06246435
31.9	0.06214216
31.905	0.06181518
31.91	0.06144678
31.915	0.06114759
31.92	0.06084901
31.925	0.06054802
31.93	0.0603166
31.935	0.06014516
31.94	0.05992651
31.945	0.05973706
31.95	0.05954661
31.955	0.0593652
31.96	0.05909837
31.965	0.0589039
31.97	0.0586692
31.975	0.05826502
31.98	0.05789864
31.985	0.05757288
31.99	0.0573206
31.995	0.0570808
32	0.05683844
32.005	0.05661572
32.01	0.05641751
32.015	0.05624476
32.02	0.05612713
32.025	0.05601225
32.03	0.05589927
32.035	0.05582016
32.04	0.05578926
32.045	0.0557594
32.05	0.05573403
32.055	0.05566903
32.06	0.05560475
32.065	0.05557966
32.07	0.05561854
32.075	0.05585749
32.08	0.0562137
32.085	0.05650068
32.09	0.05680484
32.095	0.05710922
32.1	0.0575594
32.105	0.05811303
32.11	0.05866871
32.115	0.05916295
32.12	0.05961075
32.125	0.06006813
32.13	0.06053225
32.135	0.06109378
32.14	0.06156017
32.145	0.06204296
32.15	0.06251302
32.155	0.0629691
32.16	0.06342014
32.165	0.06390976
32.17	0.06426998
32.175	0.06464433
32.18	0.06510552
32.185	0.06556531
32.19	0.06597542
32.195	0.06629219
32.2	0.06660527
32.205	0.06693042
32.21	0.06722532
32.215	0.06749278
32.22	0.0677696
32.225	0.06805731
32.23	0.06833289
32.235	0.06858885
32.24	0.06884804
32.245	0.06910345
32.25	0.06933897
32.255	0.06951641
32.26	0.06964442
32.265	0.06977078
32.27	0.06986489
32.275	0.06994126
32.28	0.06975047
32.285	0.06938278
32.29	0.06899452
32.295	0.06857683
32.3	0.06815931
32.305	0.06768609
32.31	0.06712134
32.315	0.06650771
32.32	0.06593683
32.325	0.06538532
32.33	0.06480456
32.335	0.06420482
32.34	0.06340959
32.345	0.06259575
32.35	0.06178579
32.355	0.06096774
32.36	0.06013537
32.365	0.05928821
32.37	0.05841386
32.375	0.05758544
32.38	0.05675056
32.385	0.05588618
32.39	0.05500702
32.395	0.05414347
32.4	0.05327537
32.405	0.05240282
32.41	0.05151091
32.415	0.05062331
32.42	0.04975306
32.425	0.0488945
32.43	0.04800206
32.435	0.04713566
32.44	0.04629777
32.445	0.04543184
32.45	0.04456648
32.455	0.04370079
32.46	0.04283615
32.465	0.04203861
32.47	0.04125279
32.475	0.04048431
32.48	0.03972044
32.485	0.03917377
32.49	0.03875428
32.495	0.03840675
32.5	0.03810044
32.505	0.03775053
32.51	0.03742028
32.515	0.03716859
32.52	0.03698498
32.525	0.03678899
32.53	0.03659365
32.535	0.03646943
32.54	0.03634577
32.545	0.03639016
32.55	0.03646715
32.555	0.03649266
32.56	0.03652749
32.565	0.03658565
32.57	0.03670461
32.575	0.03684331
32.58	0.0369964
32.585	0.03713961
32.59	0.037289
32.595	0.03743045
32.6	0.03757142
32.605	0.03774779
32.61	0.03789402
32.615	0.03804556
32.62	0.03820426
32.625	0.03832019
32.63	0.03839649
32.635	0.03845619
32.64	0.03843641
32.645	0.03835339
32.65	0.03829221
32.655	0.03820315
32.66	0.0381131
32.665	0.03807235
32.67	0.03801356
32.675	0.0379244
32.68	0.03782335
32.685	0.0377242
32.69	0.03761981
32.695	0.03751473
32.7	0.03737301
32.705	0.03719292
32.71	0.03702386
32.715	0.03687253
32.72	0.03672783
32.725	0.03655465
32.73	0.03638939
32.735	0.03621429
32.74	0.03596094
32.745	0.03572232
32.75	0.0354794
32.755	0.03525953
32.76	0.03510601
32.765	0.03498619
32.77	0.03485233
32.775	0.03459496
32.78	0.03433178
32.785	0.03407284
32.79	0.03383392
32.795	0.03360107
32.8	0.03337251
32.805	0.03314244
32.81	0.03292501
32.815	0.0327751
32.82	0.03262403
32.825	0.03245486
32.83	0.03233233
32.835	0.03222516
32.84	0.03216195
32.845	0.03214284
32.85	0.03216688
32.855	0.03215218
32.86	0.03215208
32.865	0.03215753
32.87	0.03213815
32.875	0.03212328
32.88	0.03210393
32.885	0.0321023
32.89	0.0321043
32.895	0.03213355
32.9	0.03218739
32.905	0.03225459
32.91	0.03234529
32.915	0.03256685
32.92	0.03299324
32.925	0.03340784
32.93	0.03384374
32.935	0.03427577
32.94	0.03468324
32.945	0.03509115
32.95	0.03547622
32.955	0.03585548
32.96	0.03625785
32.965	0.03658404
32.97	0.03685933
32.975	0.03713818
32.98	0.03747374
32.985	0.03779975
32.99	0.03814399
32.995	0.03845964
33	0.03876095
33.005	0.03907796
33.01	0.03940005
33.015	0.03971
33.02	0.0399468
33.025	0.04025339
33.03	0.04060935
33.035	0.04092926
33.04	0.0412227
33.045	0.04148006
33.05	0.04174402
33.055	0.0419976
33.06	0.04225925
33.065	0.04252352
33.07	0.0427879
33.075	0.0430555
33.08	0.04332274
33.085	0.04361971
33.09	0.04389901
33.095	0.04420802
33.1	0.04449347
33.105	0.04477143
33.11	0.04504084
33.115	0.04530812
33.12	0.04542657
33.125	0.04525123
33.13	0.04516003
33.135	0.04508184
33.14	0.04500244
33.145	0.0449357
33.15	0.04488738
33.155	0.04485389
33.16	0.04482644
33.165	0.04475905
33.17	0.04472389
33.175	0.04472207
33.18	0.04476096
33.185	0.04479529
33.19	0.04486947
33.195	0.04500429
33.2	0.04514618
33.205	0.04531488
33.21	0.04551292
33.215	0.04569677
33.22	0.04588367
33.225	0.04610412
33.23	0.04624549
33.235	0.04631394
33.24	0.04639508
33.245	0.04649707
33.25	0.04674942
33.255	0.04699153
33.26	0.04724822
33.265	0.04757362
33.27	0.04789578
33.275	0.04825741
33.28	0.04891574
33.285	0.04955279
33.29	0.05019995
33.295	0.05085372
33.3	0.05143271
33.305	0.05211007
33.31	0.05298228
33.315	0.05402714
33.32	0.05540821
33.325	0.05703809
33.33	0.05893349
33.335	0.06118602
33.34	0.06415359
33.345	0.06801189
33.35	0.07235239
33.355	0.0767114
33.36	0.08128159
33.365	0.08640622
33.37	0.09146717
33.375	0.09629389
33.38	0.1009401
33.385	0.1053698
33.39	0.1096438
33.395	0.1137325
33.4	0.1176393
33.405	0.1216213
33.41	0.1255464
33.415	0.1294662
33.42	0.1332969
33.425	0.1370219
33.43	0.1406419
33.435	0.1442448
33.44	0.1479699
33.445	0.1516108
33.45	0.1551643
33.455	0.158625
33.46	0.1621607
33.465	0.1656182
33.47	0.1689676
33.475	0.1722719
33.48	0.1755316
33.485	0.1785838
33.49	0.1815945
33.495	0.1845445
33.5	0.187444
33.505	0.1903361
33.51	0.1931367
33.515	0.1958021
33.52	0.1983347
33.525	0.2006376
33.53	0.2028511
33.535	0.2049315
33.54	0.2066875
33.545	0.207937
33.55	0.208537
33.555	0.2086629
33.56	0.2086827
33.565	0.2083649
33.57	0.2073907
33.575	0.2062652
33.58	0.2051044
33.585	0.2038769
33.59	0.202636
33.595	0.2013788
33.6	0.2001551
33.605	0.19892
33.61	0.1974328
33.615	0.1959117
33.62	0.194232
33.625	0.1925045
33.63	0.1908184
33.635	0.1891194
33.64	0.1872913
33.645	0.185125
33.65	0.1829559
33.655	0.1807732
33.66	0.1784848
33.665	0.1759081
33.67	0.1732931
33.675	0.1706758
33.68	0.1680036
33.685	0.1652162
33.69	0.1624429
33.695	0.1596136
33.7	0.1567261
33.705	0.1537935
33.71	0.1507964
33.715	0.1477952
33.72	0.1448569
33.725	0.1419345
33.73	0.1391673
33.735	0.1362506
33.74	0.1333389
33.745	0.1306414
33.75	0.1282795
33.755	0.1263683
33.76	0.1248642
33.765	0.123207
33.77	0.1217999
33.775	0.1209216
33.78	0.1200966
33.785	0.1192846
33.79	0.1185929
33.795	0.117904
33.8	0.1172382
33.805	0.1164632
33.81	0.115712
33.815	0.1151839
33.82	0.1144835
33.825	0.1138284
33.83	0.1131985
33.835	0.112394
33.84	0.1116442
33.845	0.1110306
33.85	0.1106858
33.855	0.110243
33.86	0.1097576
33.865	0.1093598
33.87	0.1091993
33.875	0.1090447
33.88	0.1088599
33.885	0.108629
33.89	0.1084526
33.895	0.108302
33.9	0.1081502
33.905	0.1080705
33.91	0.1079786
33.915	0.1077737
33.92	0.107508
33.925	0.1070244
33.93	0.1065267
33.935	0.1058398
33.94	0.1052509
33.945	0.1047848
33.95	0.1042625
33.955	0.1037241
33.96	0.1031914
33.965	0.1025477
33.97	0.1020819
33.975	0.1015987
33.98	0.1011389
33.985	0.1006883
33.99	0.1002485
33.995	0.09963853
34	0.09907432
34.005	0.09841094
34.01	0.09779433
34.015	0.09712087
34.02	0.09639716
34.025	0.0958341
34.03	0.09531557
34.035	0.09482863
34.04	0.09442909
34.045	0.09389582
34.05	0.09326061
34.055	0.09265212
34.06	0.09209018
34.065	0.09157376
34.07	0.0910482
34.075	0.09040078
34.08	0.08973958
34.085	0.0890627
34.09	0.08841453
34.095	0.08777236
34.1	0.08711063
34.105	0.08643498
34.11	0.08558521
34.115	0.0847258
34.12	0.0839436
34.125	0.08314562
34.13	0.08249467
34.135	0.08183345
34.14	0.08127909
34.145	0.08077079
34.15	0.08012365
34.155	0.07968396
34.16	0.07946299
34.165	0.07927552
34.17	0.07916742
34.175	0.07908047
34.18	0.07908371
34.185	0.07906793
34.19	0.07904905
34.195	0.07905615
34.2	0.07917244
34.205	0.07914636
34.21	0.07918944
34.215	0.0792193
34.22	0.07929373
34.225	0.07943743
34.23	0.07965342
34.235	0.07990227
34.24	0.08006729
34.245	0.08020997
34.25	0.08044142
34.255	0.08076517
34.26	0.08101664
34.265	0.0812784
34.27	0.0815161
34.275	0.08176023
34.28	0.08208067
34.285	0.08240901
34.29	0.08272216
34.295	0.08304377
34.3	0.08336481
34.305	0.08367649
34.31	0.08400369
34.315	0.08442639
34.32	0.08485056
34.325	0.08533877
34.33	0.085868
34.335	0.08639675
34.34	0.08691889
34.345	0.08744479
34.35	0.08793289
34.355	0.08833002
34.36	0.0883935
34.365	0.08809916
34.37	0.08778607
34.375	0.08746028
34.38	0.08709157
34.385	0.08660818
34.39	0.08612766
34.395	0.08567931
34.4	0.08515678
34.405	0.08463538
34.41	0.08417884
34.415	0.08372743
34.42	0.0833099
34.425	0.08289227
34.43	0.08240458
34.435	0.08169111
34.44	0.08097714
34.445	0.08033803
34.45	0.07969175
34.455	0.07902233
34.46	0.07828317
34.465	0.07756594
34.47	0.0768394
34.475	0.0760742
34.48	0.07532705
34.485	0.07461419
34.49	0.07387185
34.495	0.07315085
34.5	0.07242413
34.505	0.07169348
34.51	0.07097518
34.515	0.07029865
34.52	0.06961364
34.525	0.06891382
34.53	0.0681705
34.535	0.06741118
34.54	0.06669349
34.545	0.06602303
34.55	0.06535125
34.555	0.06472312
34.56	0.06412131
34.565	0.06375961
34.57	0.06368976
34.575	0.06363399
34.58	0.06358954
34.585	0.06357753
34.59	0.06364556
34.595	0.06371277
34.6	0.06376202
34.605	0.06387929
34.61	0.06397692
34.615	0.06408508
34.62	0.0641609
34.625	0.0641903
34.63	0.06421852
34.635	0.06426303
34.64	0.06447795
34.645	0.06463165
34.65	0.0647022
34.655	0.0648013
34.66	0.06487001
34.665	0.06497649
34.67	0.06508688
34.675	0.06521684
34.68	0.06538072
34.685	0.06548944
34.69	0.06549078
34.695	0.06548565
34.7	0.06547356
34.705	0.0654598
34.71	0.0654258
34.715	0.06538338
34.72	0.06521033
34.725	0.0650373
34.73	0.06487366
34.735	0.06457006
34.74	0.06424454
34.745	0.06382716
34.75	0.06332061
34.755	0.06280041
34.76	0.06218774
34.765	0.0616635
34.77	0.06114089
34.775	0.06052875
34.78	0.05989494
34.785	0.05927764
34.79	0.05865488
34.795	0.05802261
34.8	0.05739132
34.805	0.05677259
34.81	0.05613247
34.815	0.05550858
34.82	0.05487431
34.825	0.05426263
34.83	0.05366936
34.835	0.05308045
34.84	0.05251698
34.845	0.05195619
34.85	0.05143943
34.855	0.05094005
34.86	0.05042024
34.865	0.04993866
34.87	0.04945195
34.875	0.04895496
34.88	0.04840717
34.885	0.04787156
34.89	0.04737292
34.895	0.04694336
34.9	0.04656535
34.905	0.04621812
34.91	0.04588357
34.915	0.04560996
34.92	0.04533153
34.925	0.04515287
34.93	0.0450019
34.935	0.04486495
34.94	0.04490116
34.945	0.04498912
34.95	0.04513045
34.955	0.0453261
34.96	0.04552246
34.965	0.04575538
34.97	0.04593718
34.975	0.04607128
34.98	0.04624877
34.985	0.04643419
34.99	0.04655136
34.995	0.04666704
35	0.04678787
35.005	0.04689149
35.01	0.04697212
35.015	0.0470366
35.02	0.04707086
35.025	0.04709397
35.03	0.04711507
35.035	0.0471129
35.04	0.04707712
35.045	0.04702188
35.05	0.04694431
35.055	0.04684334
35.06	0.04676077
35.065	0.04668988
35.07	0.04661838
35.075	0.04655736
35.08	0.04650089
35.085	0.04646859
35.09	0.04639479
35.095	0.04630271
35.1	0.04622822
35.105	0.04610145
35.11	0.04592462
35.115	0.04572774
35.12	0.04543654
35.125	0.0451519
35.13	0.04487671
35.135	0.04453744
35.14	0.04416284
35.145	0.04373235
35.15	0.04324754
35.155	0.04274084
35.16	0.04219455
35.165	0.04167373
35.17	0.04116986
35.175	0.04067744
35.18	0.04021548
35.185	0.03976677
35.19	0.03931908
35.195	0.03889947
35.2	0.038462
35.205	0.03800345
35.21	0.03755477
35.215	0.03711791
35.22	0.03666927
35.225	0.03623714
35.23	0.03585943
35.235	0.03553966
35.24	0.03524261
35.245	0.03497005
35.25	0.0347091
35.255	0.03445357
35.26	0.03423871
35.265	0.03402335
35.27	0.03383059
35.275	0.03363925
35.28	0.03342523
35.285	0.033221
35.29	0.03300674
35.295	0.03282322
35.3	0.03266381
35.305	0.0324875
35.31	0.03234674
35.315	0.03224029
35.32	0.03213004
35.325	0.03208192
35.33	0.03203069
35.335	0.03194701
35.34	0.03192557
35.345	0.03192578
35.35	0.03199697
35.355	0.03208637
35.36	0.03221541
35.365	0.03238839
35.37	0.03247531
35.375	0.03255988
35.38	0.0326648
35.385	0.03276181
35.39	0.03283283
35.395	0.03290539
35.4	0.03298029
35.405	0.0330521
35.41	0.03314908
35.415	0.03324434
35.42	0.03333943
35.425	0.03345766
35.43	0.03356337
35.435	0.03357057
35.44	0.03345394
35.445	0.03333603
35.45	0.03322351
35.455	0.03311571
35.46	0.03300556
35.465	0.03285527
35.47	0.0327152
35.475	0.0325245
35.48	0.03231697
35.485	0.03211096
35.49	0.0318976
35.495	0.03168848
35.5	0.03147602
35.505	0.03123403
35.51	0.03099345
35.515	0.03078251
35.52	0.0305895
35.525	0.03043246
35.53	0.03047922
35.535	0.03053175
35.54	0.03060862
35.545	0.03064986
35.55	0.03072081
35.555	0.03074731
35.56	0.03078692
35.565	0.03081277
35.57	0.03093472
35.575	0.03110308
35.58	0.0313192
35.585	0.03157264
35.59	0.03181528
35.595	0.03248803
35.6	0.03352447
35.605	0.03453783
35.61	0.03553076
35.615	0.03647426
35.62	0.03739621
35.625	0.03830547
35.63	0.03933184
35.635	0.04035907
35.64	0.04144461
35.645	0.04255431
35.65	0.04365678
35.655	0.04474075
35.66	0.04584898
35.665	0.04694875
35.67	0.04821642
35.675	0.04944161
35.68	0.05065499
35.685	0.05220033
35.69	0.05374356
35.695	0.05523884
35.7	0.05670152
35.705	0.05816801
35.71	0.05964894
35.715	0.06112388
35.72	0.06256245
35.725	0.06404902
35.73	0.06562181
35.735	0.06697742
35.74	0.06830627
35.745	0.06973665
35.75	0.0712906
35.755	0.07285506
35.76	0.07457207
35.765	0.07640784
35.77	0.07852851
35.775	0.0809848
35.78	0.08369474
35.785	0.08666314
35.79	0.0896351
35.795	0.09278373
35.8	0.09586916
35.805	0.09861673
35.81	0.1013391
35.815	0.1039917
35.82	0.1065943
35.825	0.1091847
35.83	0.1117904
35.835	0.1142689
35.84	0.1166811
35.845	0.1190438
35.85	0.1213683
35.855	0.123697
35.86	0.1261695
35.865	0.1289103
35.87	0.1315896
35.875	0.1344154
35.88	0.1373265
35.885	0.1401781
35.89	0.1427122
35.895	0.1452036
35.9	0.1476863
35.905	0.1501245
35.91	0.1524937
35.915	0.1548525
35.92	0.1572946
35.925	0.1596857
35.93	0.162034
35.935	0.164239
35.94	0.1664694
35.945	0.1686682
35.95	0.1707825
35.955	0.1727737
35.96	0.1747515
35.965	0.1765649
35.97	0.1782689
35.975	0.1798687
35.98	0.1810706
35.985	0.1820328
35.99	0.1826458
35.995	0.1831351
36	0.1833533
36.005	0.1833073
36.01	0.1833234
36.015	0.1832845
36.02	0.18326
36.025	0.183227
36.03	0.1831405
36.035	0.1829913
36.04	0.1828494
36.045	0.1827213
36.05	0.1825692
36.055	0.1824021
36.06	0.1821568
36.065	0.1816645
36.07	0.1806799
36.075	0.1796854
36.08	0.1783022
36.085	0.1766878
36.09	0.175056
36.095	0.1736413
36.1	0.1722537
36.105	0.1708096
36.11	0.1694276
36.115	0.1680763
36.12	0.1666232
36.125	0.1649428
36.13	0.1633327
36.135	0.1616143
36.14	0.1599713
36.145	0.1582983
36.15	0.1567342
36.155	0.1551044
36.16	0.1534737
36.165	0.151722
36.17	0.1500154
36.175	0.1483159
36.18	0.1462872
36.185	0.1444538
36.19	0.1426244
36.195	0.1410001
36.2	0.139489
36.205	0.1381427
36.21	0.1370373
36.215	0.1359105
36.22	0.1348101
36.225	0.1336666
36.23	0.1325211
36.235	0.1313951
36.24	0.1302497
36.245	0.129093
36.25	0.1279212
36.255	0.1267629
36.26	0.1256244
36.265	0.1245508
36.27	0.1236005
36.275	0.1230153
36.28	0.1224588
36.285	0.1220847
36.29	0.1218772
36.295	0.1216851
36.3	0.1211383
36.305	0.1204147
36.31	0.1197213
36.315	0.1188229
36.32	0.1178353
36.325	0.1169133
36.33	0.1160585
36.335	0.11497
36.34	0.1139661
36.345	0.1128573
36.35	0.1116992
36.355	0.1101825
36.36	0.1087346
36.365	0.1073065
36.37	0.1059498
36.375	0.1045922
36.38	0.1031428
36.385	0.1020082
36.39	0.1008864
36.395	0.09986062
36.4	0.09884911
36.405	0.09771581
36.41	0.09655997
36.415	0.09531231
36.42	0.09405681
36.425	0.09278688
36.43	0.09151382
36.435	0.09018947
36.44	0.08883685
36.445	0.08748457
36.45	0.08612083
36.455	0.08470336
36.46	0.08323981
36.465	0.08171259
36.47	0.08010938
36.475	0.07853669
36.48	0.0769617
36.485	0.07534091
36.49	0.0738155
36.495	0.072239
36.5	0.07058153
36.505	0.06919191
36.51	0.06792994
36.515	0.06659438
36.52	0.06538924
36.525	0.0642407
36.53	0.06309248
36.535	0.06199996
36.54	0.06110495
36.545	0.06018921
36.55	0.05934009
36.555	0.05852305
36.56	0.05804018
36.565	0.05753366
36.57	0.05704726
36.575	0.05661573
36.58	0.05618412
36.585	0.05589429
36.59	0.0556352
36.595	0.05537782
36.6	0.05510968
36.605	0.05473606
36.61	0.05439869
36.615	0.05408853
36.62	0.05384564
36.625	0.05362823
36.63	0.05345664
36.635	0.05333368
36.64	0.05325698
36.645	0.05326243
36.65	0.05338105
36.655	0.0535307
36.66	0.05373561
36.665	0.05397875
36.67	0.05422336
36.675	0.05450188
36.68	0.05475936
36.685	0.05493014
36.69	0.05499924
36.695	0.05519889
36.7	0.0553935
36.705	0.05561438
36.71	0.05584536
36.715	0.05609966
36.72	0.05638124
36.725	0.05668531
36.73	0.05698225
36.735	0.05723716
36.74	0.05751402
36.745	0.05778829
36.75	0.0580498
36.755	0.05838919
36.76	0.0588085
36.765	0.05919967
36.77	0.05954906
36.775	0.05985818
36.78	0.06008639
36.785	0.0603083
36.79	0.0605286
36.795	0.06072717
36.8	0.06091904
36.805	0.06112814
36.81	0.06137708
36.815	0.06168248
36.82	0.06194523
36.825	0.0622272
36.83	0.06248448
36.835	0.06265339
36.84	0.06280841
36.845	0.06298871
36.85	0.06306875
36.855	0.06305408
36.86	0.06298806
36.865	0.06286331
36.87	0.06271817
36.875	0.06258599
36.88	0.06245493
36.885	0.06232338
36.89	0.06223215
36.895	0.06216913
36.9	0.06189676
36.905	0.0616699
36.91	0.06144508
36.915	0.0612365
36.92	0.06104888
36.925	0.06087801
36.93	0.0607033
36.935	0.0605464
36.94	0.06039529
36.945	0.06027153
36.95	0.06023643
36.955	0.06025036
36.96	0.06014874
36.965	0.05995363
36.97	0.05976634
36.975	0.05967884
36.98	0.05965738
36.985	0.05968256
36.99	0.05971675
36.995	0.05974371
37	0.05982853
37.005	0.05993677
37.01	0.06004845
37.015	0.06022322
37.02	0.06038151
37.025	0.06057163
37.03	0.06077294
37.035	0.06103227
37.04	0.0613577
37.045	0.06162342
37.05	0.06183313
37.055	0.06209427
37.06	0.06235322
37.065	0.06265405
37.07	0.06301417
37.075	0.06337785
37.08	0.06373092
37.085	0.06409258
37.09	0.06446217
37.095	0.06483278
37.1	0.06523581
37.105	0.06573394
37.11	0.06616044
37.115	0.06657922
37.12	0.06695159
37.125	0.06732297
37.13	0.06768041
37.135	0.06803494
37.14	0.06835852
37.145	0.06868891
37.15	0.06897774
37.155	0.06910891
37.16	0.06917626
37.165	0.06927858
37.17	0.06936468
37.175	0.06940163
37.18	0.06931809
37.185	0.06912328
37.19	0.06888673
37.195	0.06864646
37.2	0.06841606
37.205	0.06810519
37.21	0.06775923
37.215	0.06739718
37.22	0.06693262
37.225	0.06643526
37.23	0.06592893
37.235	0.06535039
37.24	0.06467692
37.245	0.06395656
37.25	0.06329048
37.255	0.06262872
37.26	0.06195417
37.265	0.06136903
37.27	0.06076575
37.275	0.06009925
37.28	0.05942793
37.285	0.05874791
37.29	0.05803172
37.295	0.0572987
37.3	0.05654156
37.305	0.05574972
37.31	0.05495707
37.315	0.05419457
37.32	0.05342787
37.325	0.05267666
37.33	0.05184017
37.335	0.05099996
37.34	0.05014575
37.345	0.04929738
37.35	0.04845912
37.355	0.04762076
37.36	0.04688526
37.365	0.04620973
37.37	0.04550418
37.375	0.04484491
37.38	0.04424339
37.385	0.04373288
37.39	0.04331562
37.395	0.04293572
37.4	0.04254439
37.405	0.04211509
37.41	0.04173925
37.415	0.04139214
37.42	0.04104172
37.425	0.04078198
37.43	0.04055741
37.435	0.04030622
37.44	0.04009746
37.445	0.03998144
37.45	0.03989736
37.455	0.03969828
37.46	0.03951095
37.465	0.03932227
37.47	0.03894774
37.475	0.03854072
37.48	0.03817544
37.485	0.03781101
37.49	0.03745835
37.495	0.03712966
37.5	0.03680698
37.505	0.03650355
37.51	0.03624819
37.515	0.03596552
37.52	0.03568592
37.525	0.03539681
37.53	0.03509212
37.535	0.03485593
37.54	0.03459862
37.545	0.03432755
37.55	0.03405602
37.555	0.03371325
37.56	0.03341891
37.565	0.03318287
37.57	0.03289678
37.575	0.03264645
37.58	0.03240511
37.585	0.0321698
37.59	0.03194447
37.595	0.03172703
37.6	0.03151422
37.605	0.03130978
37.61	0.03113589
37.615	0.03096836
37.62	0.03079069
37.625	0.03062824
37.63	0.03043546
37.635	0.03024669
37.64	0.0300835
37.645	0.02996804
37.65	0.02981192
37.655	0.02965657
37.66	0.02965345
37.665	0.0296604
37.67	0.0297135
37.675	0.02986851
37.68	0.03006263
37.685	0.03025856
37.69	0.0304445
37.695	0.03061256
37.7	0.03080835
37.705	0.03101779
37.71	0.03120369
37.715	0.03132902
37.72	0.03146784
37.725	0.03161357
37.73	0.03178044
37.735	0.03198682
37.74	0.03219299
37.745	0.03241088
37.75	0.03264349
37.755	0.03287441
37.76	0.03314059
37.765	0.03332293
37.77	0.03354954
37.775	0.0338235
37.78	0.03413682
37.785	0.03443345
37.79	0.03471038
37.795	0.03496423
37.8	0.03520532
37.805	0.03544109
37.81	0.03569001
37.815	0.0359796
37.82	0.03626463
37.825	0.03654694
37.83	0.03682528
37.835	0.03713147
37.84	0.0374742
37.845	0.0379182
37.85	0.03832239
37.855	0.03871658
37.86	0.03910449
37.865	0.0394368
37.87	0.03981056
37.875	0.04013005
37.88	0.04046278
37.885	0.04078418
37.89	0.04120133
37.895	0.0416332
37.9	0.04234882
37.905	0.04300055
37.91	0.04384152
37.915	0.04468394
37.92	0.0455254
37.925	0.04635038
37.93	0.04715264
37.935	0.04791737
37.94	0.04864021
37.945	0.04935394
37.95	0.05010647
37.955	0.05096009
37.96	0.05179728
37.965	0.05263044
37.97	0.05347658
37.975	0.0541909
37.98	0.05487535
37.985	0.05557213
37.99	0.05651203
37.995	0.05745401
38	0.05840352
38.005	0.05934121
38.01	0.06032872
38.015	0.06139645
38.02	0.06239553
38.025	0.06346068
38.03	0.06451025
38.035	0.06561827
38.04	0.06669197
38.045	0.06773319
38.05	0.06864817
38.055	0.06955607
38.06	0.07046115
38.065	0.07136425
38.07	0.07227666
38.075	0.07312896
38.08	0.07399291
38.085	0.07506837
38.09	0.07613774
38.095	0.07709694
38.1	0.07802939
38.105	0.07877273
38.11	0.08014181
38.115	0.08129858
38.12	0.08260485
38.125	0.08469013
38.13	0.08715726
38.135	0.0895579
38.14	0.09192103
38.145	0.09443456
38.15	0.09735453
38.155	0.1005074
38.16	0.1034637
38.165	0.1064752
38.17	0.1094063
38.175	0.112262
38.18	0.1150642
38.185	0.1178217
38.19	0.1204659
38.195	0.1228246
38.2	0.1253556
38.205	0.1278897
38.21	0.1304417
38.215	0.1329295
38.22	0.1352761
38.225	0.1375937
38.23	0.1398198
38.235	0.1420242
38.24	0.144158
38.245	0.1462673
38.25	0.1484193
38.255	0.1505908
38.26	0.1527967
38.265	0.1549953
38.27	0.1571628
38.275	0.1593138
38.28	0.1615418
38.285	0.1637641
38.29	0.1657509
38.295	0.167755
38.3	0.1698397
38.305	0.1719203
38.31	0.1739413
38.315	0.1753787
38.32	0.176834
38.325	0.1781582
38.33	0.1787337
38.335	0.1788878
38.34	0.1790369
38.345	0.1791974
38.35	0.179159
38.355	0.1786658
38.36	0.1777922
38.365	0.1769941
38.37	0.1761216
38.375	0.1752798
38.38	0.1744446
38.385	0.1736801
38.39	0.1728733
38.395	0.1720837
38.4	0.1713725
38.405	0.1703279
38.41	0.1692016
38.415	0.1679938
38.42	0.1667906
38.425	0.1656192
38.43	0.164505
38.435	0.1634076
38.44	0.1622839
38.445	0.1611288
38.45	0.1599657
38.455	0.1586808
38.46	0.1573352
38.465	0.1558724
38.47	0.1543499
38.475	0.1528014
38.48	0.1511923
38.485	0.1493809
38.49	0.1474771
38.495	0.1456679
38.5	0.1437305
38.505	0.1415776
38.51	0.1393483
38.515	0.1371475
38.52	0.1352744
38.525	0.1333649
38.53	0.131426
38.535	0.1299754
38.54	0.1288015
38.545	0.1276217
38.55	0.1263581
38.555	0.125195
38.56	0.1242346
38.565	0.1235102
38.57	0.1226175
38.575	0.1215856
38.58	0.120446
38.585	0.1192695
38.59	0.1178621
38.595	0.1164824
38.6	0.1151002
38.605	0.1137136
38.61	0.1125643
38.615	0.1114349
38.62	0.1102836
38.625	0.109001
38.63	0.1077234
38.635	0.1062261
38.64	0.1046478
38.645	0.1030789
38.65	0.1015325
38.655	0.09994152
38.66	0.098328
38.665	0.09673133
38.67	0.09514723
38.675	0.09356451
38.68	0.09197556
38.685	0.09038166
38.69	0.08886519
38.695	0.08738175
38.7	0.08587328
38.705	0.08447585
38.71	0.08317279
38.715	0.0818957
38.72	0.08059754
38.725	0.07928021
38.73	0.07799639
38.735	0.07679141
38.74	0.0755038
38.745	0.07419463
38.75	0.07287595
38.755	0.07161
38.76	0.0703625
38.765	0.06922866
38.77	0.06812335
38.775	0.06716811
38.78	0.06637922
38.785	0.06560747
38.79	0.06483337
38.795	0.0643275
38.8	0.06379066
38.805	0.0631881
38.81	0.06253987
38.815	0.06192089
38.82	0.06129701
38.825	0.06076379
38.83	0.06038545
38.835	0.06002245
38.84	0.05997956
38.845	0.06001864
38.85	0.05997756
38.855	0.05995658
38.86	0.0599887
38.865	0.06015495
38.87	0.06032437
38.875	0.06054471
38.88	0.06078699
38.885	0.06099795
38.89	0.06124354
38.895	0.06157078
38.9	0.06190306
38.905	0.06222381
38.91	0.06245486
38.915	0.06275211
38.92	0.06301601
38.925	0.06324132
38.93	0.06346113
38.935	0.0636043
38.94	0.06373955
38.945	0.06390554
38.95	0.06406477
38.955	0.06423137
38.96	0.06441546
38.965	0.06458087
38.97	0.06470793
38.975	0.0648315
38.98	0.06495533
38.985	0.06509969
38.99	0.06532526
38.995	0.06557464
39	0.06571114
39.005	0.06585015
39.01	0.06602878
39.015	0.06621652
39.02	0.06634044
39.025	0.06648288
39.03	0.06658937
39.035	0.06667271
39.04	0.06660724
39.045	0.06630454
39.05	0.0660316
39.055	0.06580885
39.06	0.06552041
39.065	0.06517699
39.07	0.0647811
39.075	0.06446062
39.08	0.06413714
39.085	0.06382884
39.09	0.06353865
39.095	0.06323137
39.1	0.06284878
39.105	0.06245791
39.11	0.06207108
39.115	0.06168547
39.12	0.06124813
39.125	0.06081913
39.13	0.06046504
39.135	0.06011361
39.14	0.05980187
39.145	0.05950011
39.15	0.05924536
39.155	0.05899684
39.16	0.05871476
39.165	0.05840953
39.17	0.05813109
39.175	0.05788802
39.18	0.05763834
39.185	0.05735521
39.19	0.05708323
39.195	0.05681737
39.2	0.05658454
39.205	0.05641768
39.21	0.05625019
39.215	0.05607018
39.22	0.05590999
39.225	0.05577593
39.23	0.05564782
39.235	0.05554764
39.24	0.05546441
39.245	0.05553845
39.25	0.05575552
39.255	0.05591072
39.26	0.05606416
39.265	0.05629858
39.27	0.05657004
39.275	0.05686936
39.28	0.05695838
39.285	0.05705381
39.29	0.05710239
39.295	0.05714656
39.3	0.05719523
39.305	0.05728875
39.31	0.05738855
39.315	0.05750003
39.32	0.05762535
39.325	0.05777341
39.33	0.05795161
39.335	0.05801694
39.34	0.05808059
39.345	0.05816072
39.35	0.05823138
39.355	0.05826031
39.36	0.0583074
39.365	0.0583338
39.37	0.05834154
39.375	0.05830957
39.38	0.05827325
39.385	0.05826091
39.39	0.05827428
39.395	0.05828819
39.4	0.05818157
39.405	0.05797752
39.41	0.05775736
39.415	0.05755306
39.42	0.05736237
39.425	0.05715579
39.43	0.05696018
39.435	0.05674345
39.44	0.05654236
39.445	0.05634569
39.45	0.05610388
39.455	0.05582815
39.46	0.05553688
39.465	0.05519295
39.47	0.05477501
39.475	0.05434712
39.48	0.05391444
39.485	0.05360373
39.49	0.05327744
39.495	0.05293355
39.5	0.05259193
39.505	0.05225412
39.51	0.05190966
39.515	0.0515617
39.52	0.05118341
39.525	0.05081496
39.53	0.05044875
39.535	0.05004575
39.54	0.04971215
39.545	0.04938658
39.55	0.04902686
39.555	0.04866521
39.56	0.04826568
39.565	0.04780551
39.57	0.04737325
39.575	0.04695863
39.58	0.04658218
39.585	0.04620494
39.59	0.04578321
39.595	0.04535668
39.6	0.04492938
39.605	0.04459142
39.61	0.04430019
39.615	0.04400043
39.62	0.04366326
39.625	0.04328608
39.63	0.0429019
39.635	0.04249991
39.64	0.04210571
39.645	0.04164392
39.65	0.04115726
39.655	0.04064288
39.66	0.04017303
39.665	0.03974708
39.67	0.03936444
39.675	0.03902432
39.68	0.03868282
39.685	0.03834139
39.69	0.03797925
39.695	0.03762085
39.7	0.03730878
39.705	0.03697883
39.71	0.03663636
39.715	0.03629636
39.72	0.03595203
39.725	0.03562682
39.73	0.03530022
39.735	0.03496391
39.74	0.03461197
39.745	0.03425729
39.75	0.0338608
39.755	0.03348406
39.76	0.0330916
39.765	0.03277721
39.77	0.0325124
39.775	0.03224303
39.78	0.03197146
39.785	0.03165684
39.79	0.03134173
39.795	0.03105236
39.8	0.03072981
39.805	0.03039308
39.81	0.03006572
39.815	0.02975373
39.82	0.02946269
39.825	0.02920243
39.83	0.02896458
39.835	0.02873613
39.84	0.0285188
39.845	0.02831297
39.85	0.02815718
39.855	0.02800577
39.86	0.02784858
39.865	0.02764063
39.87	0.02741953
39.875	0.02720233
39.88	0.02698164
39.885	0.02673708
39.89	0.02649256
39.895	0.02627661
39.9	0.02605948
39.905	0.02583049
39.91	0.02560771
39.915	0.02539364
39.92	0.02517191
39.925	0.02495062
39.93	0.02473331
39.935	0.024508
39.94	0.0242795
39.945	0.02411877
39.95	0.02395895
39.955	0.02383323
39.96	0.02371131
39.965	0.02359196
39.97	0.02343234
39.975	0.02326796
39.98	0.02311286
39.985	0.02294721
39.99	0.0228118
39.995	0.0226804
40	0.02254832
40.005	0.02244687
40.01	0.0224487
40.015	0.02257897
40.02	0.02278418
40.025	0.0230453
40.03	0.0232984
40.035	0.02354919
40.04	0.02379532
40.045	0.02403748
40.05	0.02427842
40.055	0.02451956
40.06	0.02476879
40.065	0.02506134
40.07	0.02537546
40.075	0.02568448
40.08	0.02598997
40.085	0.02630361
40.09	0.02664032
40.095	0.02696339
40.1	0.0272558
40.105	0.02756973
40.11	0.02793796
40.115	0.02831123
40.12	0.02867897
40.125	0.02904396
40.13	0.02947502
40.135	0.02997739
40.14	0.03063289
40.145	0.0313578
40.15	0.03201796
40.155	0.03269373
40.16	0.03335925
40.165	0.03400845
40.17	0.03465342
40.175	0.035289
40.18	0.03590688
40.185	0.03651769
40.19	0.03712623
40.195	0.03773662
40.2	0.03837808
40.205	0.03909338
40.21	0.0398457
40.215	0.04058213
40.22	0.04117526
40.225	0.04168719
40.23	0.04215124
40.235	0.04262101
40.24	0.04310663
40.245	0.04360001
40.25	0.04408885
40.255	0.04457957
40.26	0.04523075
40.265	0.04587386
40.27	0.0465134
40.275	0.04717213
40.28	0.04783526
40.285	0.04850075
40.29	0.04915513
40.295	0.04978953
40.3	0.0504171
40.305	0.0511554
40.31	0.05195104
40.315	0.0526882
40.32	0.0534389
40.325	0.05417612
40.33	0.05492393
40.335	0.05561339
40.34	0.05620921
40.345	0.05662807
40.35	0.05695644
40.355	0.05748557
40.36	0.05801836
40.365	0.05855068
40.37	0.05913942
40.375	0.059729
40.38	0.06050398
40.385	0.06228929
40.39	0.06425105
40.395	0.06622581
40.4	0.06821566
40.405	0.07054335
40.41	0.07356032
40.415	0.07677373
40.42	0.08004937
40.425	0.0836768
40.43	0.08735825
40.435	0.09094925
40.44	0.09440906
40.445	0.09791363
40.45	0.1017408
40.455	0.1054505
40.46	0.1090492
40.465	0.1124327
40.47	0.1157232
40.475	0.1189346
40.48	0.1220609
40.485	0.1251287
40.49	0.128116
40.495	0.1311819
40.5	0.1341835
40.505	0.1372638
40.51	0.1401941
40.515	0.143132
40.52	0.1460135
40.525	0.1488385
40.53	0.1516226
40.535	0.1543422
40.54	0.1570212
40.545	0.1597017
40.55	0.1624336
40.555	0.165159
40.56	0.1677104
40.565	0.1702187
40.57	0.1726899
40.575	0.1750839
40.58	0.1774686
40.585	0.1797048
40.59	0.1812333
40.595	0.1825894
40.6	0.1839256
40.605	0.1852082
40.61	0.186175
40.615	0.1864865
40.62	0.1865152
40.625	0.1863427
40.63	0.1857709
40.635	0.1850546
40.64	0.1842842
40.645	0.1835216
40.65	0.1825691
40.655	0.1811799
40.66	0.1797706
40.665	0.1783589
40.67	0.1769728
40.675	0.1755696
40.68	0.174137
40.685	0.1727053
40.69	0.1712426
40.695	0.1698008
40.7	0.1682506
40.705	0.166686
40.71	0.1648799
40.715	0.1631257
40.72	0.1611516
40.725	0.1591588
40.73	0.1571441
40.735	0.1551138
40.74	0.1531485
40.745	0.1511476
40.75	0.1490761
40.755	0.1468496
40.76	0.1446027
40.765	0.1425055
40.77	0.1404492
40.775	0.1383591
40.78	0.1363752
40.785	0.1343922
40.79	0.1324393
40.795	0.1309446
40.8	0.12956
40.805	0.1282095
40.81	0.1268443
40.815	0.125675
40.82	0.1252006
40.825	0.1249232
40.83	0.1248025
40.835	0.1250067
40.84	0.1252484
40.845	0.1255199
40.85	0.1257485
40.855	0.1261098
40.86	0.1266229
40.865	0.127106
40.87	0.127515
40.875	0.1278498
40.88	0.1282133
40.885	0.1286152
40.89	0.1289423
40.895	0.1292466
40.9	0.129466
40.905	0.1294861
40.91	0.1294957
40.915	0.1296331
40.92	0.1296803
40.925	0.1298762
40.93	0.1300644
40.935	0.130202
40.94	0.1302821
40.945	0.1301633
40.95	0.1300698
40.955	0.1299535
40.96	0.1298827
40.965	0.1296909
40.97	0.1292492
40.975	0.1286385
40.98	0.1280183
40.985	0.1271888
40.99	0.1261799
40.995	0.1251775
41	0.1241017
41.005	0.122981
41.01	0.1216367
41.015	0.1202955
41.02	0.1189305
41.025	0.1171161
41.03	0.1152904
41.035	0.1134299
41.04	0.1114684
41.045	0.1095262
41.05	0.1075533
41.055	0.1055698
41.06	0.1035607
41.065	0.1016435
41.07	0.09971908
41.075	0.09781863
41.08	0.0959482
41.085	0.09396741
41.09	0.09186945
41.095	0.08979392
41.1	0.08770512
41.105	0.08562982
41.11	0.08377619
41.115	0.08189153
41.12	0.07996566
41.125	0.07811418
41.13	0.07619718
41.135	0.07424032
41.14	0.07243138
41.145	0.07065914
41.15	0.06905948
41.155	0.06737059
41.16	0.06573972
41.165	0.06412559
41.17	0.06263272
41.175	0.06138717
41.18	0.06025274
41.185	0.05913742
41.19	0.0581527
41.195	0.05739167
41.2	0.05664429
41.205	0.05613988
41.21	0.05567601
41.215	0.05551164
41.22	0.05536397
41.225	0.05525235
41.23	0.05558906
41.235	0.05591954
41.24	0.05626514
41.245	0.0566453
41.25	0.05697138
41.255	0.05730197
41.26	0.05760524
41.265	0.05786855
41.27	0.05815481
41.275	0.05844078
41.28	0.05872687
41.285	0.05920226
41.29	0.05976998
41.295	0.06042726
41.3	0.06108219
41.305	0.06174128
41.31	0.06239429
41.315	0.06303214
41.32	0.06368502
41.325	0.06435019
41.33	0.06490285
41.335	0.06546309
41.34	0.06603327
41.345	0.06630695
41.35	0.0665265
41.355	0.06668456
41.36	0.06683537
41.365	0.06691583
41.37	0.06692502
41.375	0.06692286
41.38	0.06690687
41.385	0.06693008
41.39	0.06702157
41.395	0.06712646
41.4	0.06724586
41.405	0.06732307
41.41	0.06712583
41.415	0.06699986
41.42	0.06694139
41.425	0.0668715
41.43	0.0668093
41.435	0.06674394
41.44	0.06671301
41.445	0.06669471
41.45	0.06670638
41.455	0.06679622
41.46	0.06688352
41.465	0.06698272
41.47	0.06709892
41.475	0.06718715
41.48	0.067272
41.485	0.06733865
41.49	0.06708647
41.495	0.06676756
41.5	0.06636957
41.505	0.0659598
41.51	0.06553478
41.515	0.06512177
41.52	0.06471485
41.525	0.06426323
41.53	0.06383004
41.535	0.06352999
41.54	0.06326852
41.545	0.06299948
41.55	0.06292499
41.555	0.0628984
41.56	0.06290853
41.565	0.0629444
41.57	0.06306468
41.575	0.063257
41.58	0.06346047
41.585	0.06377324
41.59	0.06414788
41.595	0.06432329
41.6	0.06457025
41.605	0.06479922
41.61	0.06508325
41.615	0.0655349
41.62	0.06584994
41.625	0.06604265
41.63	0.06625107
41.635	0.0664936
41.64	0.06677324
41.645	0.06697699
41.65	0.06715889
41.655	0.06738315
41.66	0.06754511
41.665	0.06770866
41.67	0.06787042
41.675	0.06803461
41.68	0.06819503
41.685	0.06836743
41.69	0.06856385
41.695	0.0689108
41.7	0.06928742
41.705	0.06970386
41.71	0.07013087
41.715	0.07056077
41.72	0.07098143
41.725	0.07141668
41.73	0.07186894
41.735	0.07227472
41.74	0.07252601
41.745	0.07270791
41.75	0.07285316
41.755	0.07291666
41.76	0.07293683
41.765	0.07294523
41.77	0.07295492
41.775	0.07288391
41.78	0.07277285
41.785	0.07265821
41.79	0.07235356
41.795	0.0719216
41.8	0.07156848
41.805	0.07112392
41.81	0.07064607
41.815	0.07010063
41.82	0.06948976
41.825	0.06891088
41.83	0.06836655
41.835	0.06779646
41.84	0.06714159
41.845	0.06641888
41.85	0.06572721
41.855	0.06503985
41.86	0.0642394
41.865	0.06341871
41.87	0.06259119
41.875	0.06179907
41.88	0.06099241
41.885	0.06018558
41.89	0.05936276
41.895	0.05849866
41.9	0.05760884
41.905	0.05669932
41.91	0.05576735
41.915	0.05477975
41.92	0.0537549
41.925	0.05267179
41.93	0.05152537
41.935	0.05035735
41.94	0.04918896
41.945	0.04808285
41.95	0.04700538
41.955	0.04595434
41.96	0.04494909
41.965	0.04397024
41.97	0.04298096
41.975	0.04197022
41.98	0.04100943
41.985	0.04005535
41.99	0.03906871
41.995	0.03824562
42	0.03757938
42.005	0.03692334
42.01	0.0363443
42.015	0.03581163
42.02	0.03533543
42.025	0.03493328
42.03	0.03457141
42.035	0.03423901
42.04	0.03392556
42.045	0.03372886
42.05	0.03358982
42.055	0.03345248
42.06	0.03331206
42.065	0.03327836
42.07	0.0333044
42.075	0.03331328
42.08	0.03317596
42.085	0.03305358
42.09	0.0329313
42.095	0.03276056
42.1	0.03261701
42.105	0.03247655
42.11	0.03233948
42.115	0.0322161
42.12	0.03212937
42.125	0.03206706
42.13	0.03205046
42.135	0.03202006
42.14	0.03197411
42.145	0.03191782
42.15	0.03190654
42.155	0.03189601
42.16	0.03185608
42.165	0.03182519
42.17	0.03178794
42.175	0.03174875
42.18	0.03170413
42.185	0.03164606
42.19	0.03157951
42.195	0.031516
42.2	0.03142976
42.205	0.03129882
42.21	0.03117244
42.215	0.03104466
42.22	0.03094005
42.225	0.03083334
42.23	0.03070585
42.235	0.03056335
42.24	0.03038427
42.245	0.03020798
42.25	0.02995051
42.255	0.02969652
42.26	0.0294507
42.265	0.02921321
42.27	0.02897144
42.275	0.0287134
42.28	0.02846422
42.285	0.02829924
42.29	0.02810862
42.295	0.02791958
42.3	0.0277937
42.305	0.02766962
42.31	0.0275632
42.315	0.02746631
42.32	0.02735445
42.325	0.02725633
42.33	0.0272138
42.335	0.02717361
42.34	0.02717239
42.345	0.02723944
42.35	0.02736032
42.355	0.02745972
42.36	0.02754661
42.365	0.02765868
42.37	0.02775294
42.375	0.02784563
42.38	0.0279592
42.385	0.02808776
42.39	0.02822753
42.395	0.02837538
42.4	0.02852018
42.405	0.02868301
42.41	0.02876488
42.415	0.0288404
42.42	0.0289317
42.425	0.02897783
42.43	0.02902786
42.435	0.02908438
42.44	0.02914726
42.445	0.02924363
42.45	0.0293528
42.455	0.02951827
42.46	0.02967701
42.465	0.0298172
42.47	0.02993923
42.475	0.03011852
42.48	0.03030069
42.485	0.03049127
42.49	0.03068173
42.495	0.03087889
42.5	0.03107568
42.505	0.03123027
42.51	0.03137036
42.515	0.03149827
42.52	0.03161844
42.525	0.03175594
42.53	0.03185671
42.535	0.0318684
42.54	0.03189528
42.545	0.0319241
42.55	0.03191862
42.555	0.03186636
42.56	0.03184049
42.565	0.03183263
42.57	0.0318114
42.575	0.03179602
42.58	0.03177869
42.585	0.03174431
42.59	0.03175734
42.595	0.03176603
42.6	0.03177671
42.605	0.03199951
42.61	0.03250663
42.615	0.0330679
42.62	0.03364645
42.625	0.03437874
42.63	0.03513843
42.635	0.03589214
42.64	0.03674952
42.645	0.03759622
42.65	0.03844603
42.655	0.03938121
42.66	0.04027375
42.665	0.0411842
42.67	0.04212239
42.675	0.04313102
42.68	0.04404285
42.685	0.04494133
42.69	0.04581161
42.695	0.04667624
42.7	0.04752657
42.705	0.04837428
42.71	0.04923019
42.715	0.05008812
42.72	0.05119083
42.725	0.05229052
42.73	0.05335584
42.735	0.05449239
42.74	0.05569919
42.745	0.05689682
42.75	0.05811849
42.755	0.05928027
42.76	0.06059257
42.765	0.06188038
42.77	0.06317307
42.775	0.06449947
42.78	0.06580087
42.785	0.06708973
42.79	0.06840142
42.795	0.06963469
42.8	0.07085232
42.805	0.07204981
42.81	0.07305201
42.815	0.07380449
42.82	0.07458125
42.825	0.07537835
42.83	0.07603632
42.835	0.07670667
42.84	0.07744463
42.845	0.078274
42.85	0.07919315
42.855	0.08007105
42.86	0.08108489
42.865	0.08303104
42.87	0.0853669
42.875	0.08822215
42.88	0.09181975
42.885	0.09603393
42.89	0.1006115
42.895	0.1054373
42.9	0.1103403
42.905	0.1152675
42.91	0.1200455
42.915	0.1246334
42.92	0.1290555
42.925	0.133149
42.93	0.1371366
42.935	0.1410701
42.94	0.1448433
42.945	0.1484676
42.95	0.151995
42.955	0.15541
42.96	0.1587641
42.965	0.1619221
42.97	0.1650096
42.975	0.1680107
42.98	0.1709316
42.985	0.1738028
42.99	0.1766229
42.995	0.1794118
43	0.1821944
43.005	0.1849316
43.01	0.1876738
43.015	0.1904193
43.02	0.1931858
43.025	0.1959112
43.03	0.1985726
43.035	0.2013205
43.04	0.2040861
43.045	0.2067589
43.05	0.2092639
43.055	0.2117438
43.06	0.2142024
43.065	0.2164626
43.07	0.2180858
43.075	0.2193418
43.08	0.220102
43.085	0.2201209
43.09	0.2195039
43.095	0.218462
43.1	0.2170689
43.105	0.2153721
43.11	0.2134348
43.115	0.2114103
43.12	0.2093811
43.125	0.2073522
43.13	0.2053543
43.135	0.2033197
43.14	0.2011858
43.145	0.1990824
43.15	0.1970232
43.155	0.1949559
43.16	0.1928733
43.165	0.1907579
43.17	0.1886831
43.175	0.1865949
43.18	0.1844989
43.185	0.1823841
43.19	0.180308
43.195	0.1782088
43.2	0.1760713
43.205	0.1740007
43.21	0.1719309
43.215	0.1697359
43.22	0.1674978
43.225	0.1652473
43.23	0.1630156
43.235	0.1608697
43.24	0.1584391
43.245	0.1557829
43.25	0.1531222
43.255	0.1505362
43.26	0.1477223
43.265	0.1448536
43.27	0.1420672
43.275	0.1394983
43.28	0.1371975
43.285	0.135354
43.29	0.13411
43.295	0.1333793
43.3	0.132862
43.305	0.1324341
43.31	0.1322279
43.315	0.1321584
43.32	0.132165
43.325	0.1321344
43.33	0.1320521
43.335	0.1320006
43.34	0.1319269
43.345	0.131923
43.35	0.1318699
43.355	0.1317002
43.36	0.1314784
43.365	0.1312767
43.37	0.1310858
43.375	0.1308766
43.38	0.1306572
43.385	0.130453
43.39	0.1302488
43.395	0.1298706
43.4	0.1294872
43.405	0.1289823
43.41	0.1281095
43.415	0.1271692
43.42	0.1262902
43.425	0.1253978
43.43	0.1243575
43.435	0.1231085
43.44	0.121566
43.445	0.1201416
43.45	0.1188243
43.455	0.1174673
43.46	0.1160801
43.465	0.1148328
43.47	0.1135967
43.475	0.1123555
43.48	0.1112354
43.485	0.1100682
43.49	0.1086796
43.495	0.1072643
43.5	0.1058166
43.505	0.1043693
43.51	0.1030532
43.515	0.1017576
43.52	0.1004664
43.525	0.09913079
43.53	0.09780271
43.535	0.0964718
43.54	0.09504692
43.545	0.09363336
43.55	0.09216463
43.555	0.09058187
43.56	0.08902509
43.565	0.08751163
43.57	0.08596867
43.575	0.08439725
43.58	0.08281507
43.585	0.08119347
43.59	0.07950198
43.595	0.07780232
43.6	0.07621473
43.605	0.07458851
43.61	0.07310252
43.615	0.07195831
43.62	0.07085329
43.625	0.06973227
43.63	0.06861325
43.635	0.06763846
43.64	0.06686669
43.645	0.06634578
43.65	0.06591836
43.655	0.06552004
43.66	0.06515311
43.665	0.06474528
43.67	0.06436497
43.675	0.06387912
43.68	0.0633773
43.685	0.06293548
43.69	0.0624295
43.695	0.06205869
43.7	0.06170119
43.705	0.06136235
43.71	0.06114552
43.715	0.06091129
43.72	0.06060652
43.725	0.06032726
43.73	0.06007985
43.735	0.05989575
43.74	0.05971894
43.745	0.05963596
43.75	0.05958869
43.755	0.05959847
43.76	0.05978529
43.765	0.05996634
43.77	0.06010878
43.775	0.06016642
43.78	0.06022333
43.785	0.06023793
43.79	0.06026942
43.795	0.06028209
43.8	0.06018543
43.805	0.06008893
43.81	0.06001006
43.815	0.05990871
43.82	0.05979128
43.825	0.05967858
43.83	0.059566
43.835	0.05945516
43.84	0.05934703
43.845	0.05925395
43.85	0.05917411
43.855	0.05905306
43.86	0.05889153
43.865	0.05879169
43.87	0.05871331
43.875	0.05858006
43.88	0.05852684
43.885	0.05849747
43.89	0.05845891
43.895	0.05848265
43.9	0.05857065
43.905	0.05864908
43.91	0.05871284
43.915	0.05876319
43.92	0.05883308
43.925	0.05895543
43.93	0.05909572
43.935	0.05914466
43.94	0.0590409
43.945	0.05892495
43.95	0.05875463
43.955	0.05850598
43.96	0.05819735
43.965	0.05787996
43.97	0.05761032
43.975	0.05732178
43.98	0.05709829
43.985	0.05691032
43.99	0.05675585
43.995	0.05670328
44	0.05669427
44.005	0.05678251
44.01	0.05689194
44.015	0.05699472
44.02	0.05711701
44.025	0.05723329
44.03	0.05733278
44.035	0.0574301
44.04	0.05754689
44.045	0.05769912
44.05	0.05782468
44.055	0.05793853
44.06	0.05798503
44.065	0.05805371
44.07	0.05800132
44.075	0.05796004
44.08	0.05793552
44.085	0.05788284
44.09	0.05781663
44.095	0.05776138
44.1	0.0577171
44.105	0.05760543
44.11	0.05750094
44.115	0.05740441
44.12	0.05731265
44.125	0.05722772
44.13	0.05712097
44.135	0.05697185
44.14	0.0568884
44.145	0.0568897
44.15	0.0569164
44.155	0.05696616
44.16	0.05706592
44.165	0.05719596
44.17	0.05717532
44.175	0.05711586
44.18	0.05708735
44.185	0.05704664
44.19	0.05693474
44.195	0.05681463
44.2	0.05650126
44.205	0.05616011
44.21	0.05578106
44.215	0.05533758
44.22	0.05488595
44.225	0.05442603
44.23	0.05398404
44.235	0.05352215
44.24	0.05304047
44.245	0.05250784
44.25	0.05189027
44.255	0.05127225
44.26	0.05065395
44.265	0.05008357
44.27	0.04949559
44.275	0.0489485
44.28	0.04840203
44.285	0.04783613
44.29	0.04726052
44.295	0.04666285
44.3	0.04601045
44.305	0.04535272
44.31	0.04472249
44.315	0.04407996
44.32	0.04346521
44.325	0.04285915
44.33	0.04226197
44.335	0.0416569
44.34	0.04106255
44.345	0.04045803
44.35	0.03986189
44.355	0.03924505
44.36	0.03862436
44.365	0.03797699
44.37	0.0373171
44.375	0.03681126
44.38	0.03634857
44.385	0.03588017
44.39	0.03542282
44.395	0.03501736
44.4	0.03461561
44.405	0.03434451
44.41	0.03409524
44.415	0.03386737
44.42	0.03369456
44.425	0.03352748
44.43	0.03334323
44.435	0.03311843
44.44	0.03293117
44.445	0.03276789
44.45	0.03265152
44.455	0.03259751
44.46	0.03255732
44.465	0.03253595
44.47	0.03253256
44.475	0.03254639
44.48	0.03263588
44.485	0.03268245
44.49	0.0327518
44.495	0.03285087
44.5	0.0329445
44.505	0.03306403
44.51	0.03313794
44.515	0.03321004
44.52	0.03325071
44.525	0.0332023
44.53	0.03312639
44.535	0.0330063
44.54	0.03288507
44.545	0.03278554
44.55	0.03269119
44.555	0.03258176
44.56	0.03250724
44.565	0.03243779
44.57	0.03237927
44.575	0.03232001
44.58	0.03226168
44.585	0.03215009
44.59	0.03201936
44.595	0.0318767
44.6	0.03173594
44.605	0.0315919
44.61	0.03146357
44.615	0.03134844
44.62	0.03123908
44.625	0.0311383
44.63	0.03103604
44.635	0.03094472
44.64	0.03087281
44.645	0.03079268
44.65	0.0307471
44.655	0.03068197
44.66	0.03069059
44.665	0.03068794
44.67	0.03065607
44.675	0.03061699
44.68	0.03057492
44.685	0.03042742
44.69	0.03031272
44.695	0.03020053
44.7	0.0300639
44.705	0.02995235
44.71	0.02984981
44.715	0.02979742
44.72	0.02976217
44.725	0.02975435
44.73	0.02979252
44.735	0.02984442
44.74	0.02995775
44.745	0.03011272
44.75	0.03024086
44.755	0.03035912
44.76	0.03045012
44.765	0.0304752
44.77	0.03050539
44.775	0.03053535
44.78	0.03057214
44.785	0.03060766
44.79	0.03067481
44.795	0.03072844
44.8	0.03078185
44.805	0.03085019
44.81	0.03091973
44.815	0.03099787
44.82	0.031069
44.825	0.03117224
44.83	0.03124695
44.835	0.03132248
44.84	0.03141021
44.845	0.03149964
44.85	0.03159655
44.855	0.03162674
44.86	0.03167064
44.865	0.03157297
44.87	0.03150111
44.875	0.03142145
44.88	0.03135058
44.885	0.03130782
44.89	0.03134679
44.895	0.03138459
44.9	0.03143738
44.905	0.03153577
44.91	0.03165391
44.915	0.03179254
44.92	0.03190994
44.925	0.03201413
44.93	0.03212726
44.935	0.03231274
44.94	0.03248471
44.945	0.03258737
44.95	0.03263861
44.955	0.03270229
44.96	0.03279166
44.965	0.03290405
44.97	0.03305018
44.975	0.03318877
44.98	0.03332875
44.985	0.03345825
44.99	0.03372855
44.995	0.03412918
45	0.03454834
45.005	0.03497387
45.01	0.03540633
45.015	0.03588428
45.02	0.03638525
45.025	0.03685114
45.03	0.03727514
45.035	0.03771729
45.04	0.03819982
45.045	0.03878631
45.05	0.03960463
45.055	0.04056592
45.06	0.04152449
45.065	0.04245531
45.07	0.04342957
45.075	0.04436805
45.08	0.04529913
45.085	0.04624597
45.09	0.04714349
45.095	0.04798305
45.1	0.04880916
45.105	0.04960168
45.11	0.05035958
45.115	0.05110642
45.12	0.05182656
45.125	0.0525488
45.13	0.05326861
45.135	0.05398305
45.14	0.05460421
45.145	0.05524238
45.15	0.05589505
45.155	0.05654342
45.16	0.05718478
45.165	0.05787223
45.17	0.05855264
45.175	0.05925748
45.18	0.05993947
45.185	0.06062998
45.19	0.06133638
45.195	0.06190646
45.2	0.06235154
45.205	0.0628151
45.21	0.06330759
45.215	0.06379317
45.22	0.06421833
45.225	0.06465559
45.23	0.06516152
45.235	0.0656843
45.24	0.06620957
45.245	0.06673373
45.25	0.06723208
45.255	0.06781164
45.26	0.06831329
45.265	0.06898882
45.27	0.07015255
45.275	0.07147979
45.28	0.07314029
45.285	0.07478717
45.29	0.07637336
45.295	0.07813713
45.3	0.08019971
45.305	0.08255873
45.31	0.08522519
45.315	0.08839672
45.32	0.0916206
45.325	0.09492115
45.33	0.0983918
45.335	0.1018348
45.34	0.1051617
45.345	0.1084211
45.35	0.1116424
45.355	0.1147998
45.36	0.1179231
45.365	0.1209664
45.37	0.123868
45.375	0.126736
45.38	0.1295111
45.385	0.1322902
45.39	0.1349954
45.395	0.1376367
45.4	0.1402447
45.405	0.1428323
45.41	0.1453533
45.415	0.1482927
45.42	0.1516281
45.425	0.1550253
45.43	0.1586503
45.435	0.1622524
45.44	0.1658184
45.445	0.1694289
45.45	0.1729974
45.455	0.1764548
45.46	0.1796395
45.465	0.1830199
45.47	0.1863099
45.475	0.189187
45.48	0.1919843
45.485	0.1946319
45.49	0.1972445
45.495	0.1998808
45.5	0.2023642
45.505	0.204569
45.51	0.2064762
45.515	0.2082149
45.52	0.2095563
45.525	0.2107354
45.53	0.2117478
45.535	0.2125808
45.54	0.2133595
45.545	0.2142042
45.55	0.2150335
45.555	0.215832
45.56	0.2167226
45.565	0.2176258
45.57	0.2185251
45.575	0.2194436
45.58	0.2203253
45.585	0.2212113
45.59	0.222031
45.595	0.2228666
45.6	0.2236953
45.605	0.2245218
45.61	0.2253332
45.615	0.2261472
45.62	0.2263318
45.625	0.2258924
45.63	0.2252846
45.635	0.2242173
45.64	0.2230475
45.645	0.2217919
45.65	0.2203998
45.655	0.2189423
45.66	0.217512
45.665	0.2161733
45.67	0.2143711
45.675	0.2124316
45.68	0.2106411
45.685	0.2087075
45.69	0.2065811
45.695	0.2044126
45.7	0.2021031
45.705	0.1997695
45.71	0.1975284
45.715	0.1954014
45.72	0.1931105
45.725	0.1908171
45.73	0.1885848
45.735	0.1864088
45.74	0.1841479
45.745	0.1818217
45.75	0.1792959
45.755	0.1767426
45.76	0.1740881
45.765	0.1710966
45.77	0.167918
45.775	0.1646887
45.78	0.1613944
45.785	0.1580393
45.79	0.1546138
45.795	0.1511501
45.8	0.1475757
45.805	0.1439245
45.81	0.1401878
45.815	0.1363682
45.82	0.1324463
45.825	0.128946
45.83	0.1259194
45.835	0.1229744
45.84	0.1203912
45.845	0.1177557
45.85	0.1151373
45.855	0.1124
45.86	0.1095765
45.865	0.1065597
45.87	0.1034748
45.875	0.1007595
45.88	0.09820337
45.885	0.09565177
45.89	0.09324321
45.895	0.09112199
45.9	0.08896231
45.905	0.08688467
45.91	0.08484424
45.915	0.08276905
45.92	0.08064938
45.925	0.07881039
45.93	0.07723806
45.935	0.07564253
45.94	0.07406116
45.945	0.07273004
45.95	0.07151478
45.955	0.07054446
45.96	0.06957578
45.965	0.06872306
45.97	0.0682566
45.975	0.06797068
45.98	0.0676323
45.985	0.06729995
45.99	0.0670886
45.995	0.06687426
46	0.06683901
46.005	0.0668562
46.01	0.06686233
46.015	0.06684852
46.02	0.06679798
46.025	0.06677486
46.03	0.06677998
46.035	0.06678634
46.04	0.06678466
46.045	0.06680872
46.05	0.06693854
46.055	0.06707879
46.06	0.06743829
46.065	0.06789643
46.07	0.06848777
46.075	0.06896836
46.08	0.0694708
46.085	0.06986091
46.09	0.06995016
46.095	0.0700425
46.1	0.07011789
46.105	0.0702031
46.11	0.07029555
46.115	0.07042846
46.12	0.07056365
46.125	0.07076214
46.13	0.07093845
46.135	0.07113648
46.14	0.07131643
46.145	0.07143628
46.15	0.07153816
46.155	0.07164765
46.16	0.07175949
46.165	0.07184047
46.17	0.07194147
46.175	0.0720501
46.18	0.07217254
46.185	0.07233515
46.19	0.0724707
46.195	0.07243684
46.2	0.07244854
46.205	0.07219564
46.21	0.07187367
46.215	0.07154135
46.22	0.07123345
46.225	0.07100226
46.23	0.07072728
46.235	0.07044434
46.24	0.07016753
46.245	0.06989655
46.25	0.06959446
46.255	0.06933117
46.26	0.06910533
46.265	0.0688559
46.27	0.06860113
46.275	0.06837082
46.28	0.0682797
46.285	0.0682234
46.29	0.06823243
46.295	0.06841127
46.3	0.06859912
46.305	0.06878978
46.31	0.06899807
46.315	0.06921479
46.32	0.06937494
46.325	0.06959874
46.33	0.06986423
46.335	0.07018719
46.34	0.07054061
46.345	0.07111962
46.35	0.07181854
46.355	0.07269685
46.36	0.07382817
46.365	0.07509767
46.37	0.07653965
46.375	0.07819891
46.38	0.08010542
46.385	0.08214624
46.39	0.08427408
46.395	0.08645382
46.4	0.0886947
46.405	0.09087043
46.41	0.09309643
46.415	0.09535898
46.42	0.09762124
46.425	0.09981058
46.43	0.1018831
46.435	0.1039323
46.44	0.1059474
46.445	0.1079129
46.45	0.1098557
46.455	0.1117732
46.46	0.1136233
46.465	0.1154124
46.47	0.1171875
46.475	0.1189371
46.48	0.1206394
46.485	0.1222773
46.49	0.1238797
46.495	0.1254517
46.5	0.1270152
46.505	0.1285738
46.51	0.1301299
46.515	0.1316649
46.52	0.1331793
46.525	0.13469
46.53	0.1361155
46.535	0.1373805
46.54	0.1386049
46.545	0.1397545
46.55	0.1406797
46.555	0.1414928
46.56	0.1421153
46.565	0.1423962
46.57	0.1424197
46.575	0.142237
46.58	0.1417685
46.585	0.1409667
46.59	0.1399509
46.595	0.1387385
46.6	0.1373942
46.605	0.1359643
46.61	0.1344567
46.615	0.1328734
46.62	0.131176
46.625	0.1293891
46.63	0.1275833
46.635	0.1257718
46.64	0.1238889
46.645	0.121974
46.65	0.1200485
46.655	0.1180721
46.66	0.1160613
46.665	0.1140518
46.67	0.1120028
46.675	0.109904
46.68	0.1077716
46.685	0.105561
46.69	0.103291
46.695	0.1009813
46.7	0.09862265
46.705	0.09617213
46.71	0.09360123
46.715	0.09092627
46.72	0.08815957
46.725	0.0852924
46.73	0.08229785
46.735	0.07925592
46.74	0.07625817
46.745	0.07317084
46.75	0.07001917
46.755	0.0669303
46.76	0.06381255
46.765	0.06078373
46.77	0.05805346
46.775	0.05557904
46.78	0.05328188
46.785	0.05128784
46.79	0.04969105
46.795	0.04834538
46.8	0.04723171
46.805	0.04628232
46.81	0.04543368
46.815	0.04468971
46.82	0.04407512
46.825	0.04360323
46.83	0.04322399
46.835	0.04284595
46.84	0.04247354
46.845	0.04218716
46.85	0.04191599
46.855	0.04157121
46.86	0.04120773
46.865	0.04084571
46.87	0.04037154
46.875	0.03990893
46.88	0.03945643
46.885	0.03896354
46.89	0.03855873
46.895	0.03815019
46.9	0.03773098
46.905	0.03731117
46.91	0.03694545
46.915	0.03665596
46.92	0.03637938
46.925	0.03608931
46.93	0.03582883
46.935	0.03561016
46.94	0.03534449
46.945	0.03507182
46.95	0.034794
46.955	0.03451482
46.96	0.03425058
46.965	0.03398991
46.97	0.03362859
46.975	0.03326464
46.98	0.0329189
46.985	0.03256361
46.99	0.03221556
46.995	0.03187324
47	0.03153092
47.005	0.03120986
47.01	0.03090594
47.015	0.0305955
47.02	0.03029824
47.025	0.02997818
47.03	0.02966046
47.035	0.02936169
47.04	0.02905644
47.045	0.02877803
47.05	0.02850855
47.055	0.02816938
47.06	0.02785504
47.065	0.02759869
47.07	0.02734018
47.075	0.02719441
47.08	0.02707035
47.085	0.02694678
47.09	0.02683876
47.095	0.02673435
47.1	0.02669957
47.105	0.02667551
47.11	0.02664535
47.115	0.02660731
47.12	0.02656689
47.125	0.02654572
47.13	0.02658463
47.135	0.02659127
47.14	0.02660503
47.145	0.02663795
47.15	0.02666751
47.155	0.02668901
47.16	0.02671149
47.165	0.02673449
47.17	0.02675531
47.175	0.02684348
47.18	0.02693835
47.185	0.02697605
47.19	0.02703933
47.195	0.02708659
47.2	0.02710855
47.205	0.02712277
47.21	0.02713963
47.215	0.02709683
47.22	0.02705235
47.225	0.02701452
47.23	0.02699445
47.235	0.02697469
47.24	0.02691477
47.245	0.02685894
47.25	0.02679706
47.255	0.02673668
47.26	0.02671738
47.265	0.02672602
47.27	0.02669878
47.275	0.02669614
47.28	0.02662418
47.285	0.02656463
47.29	0.02651181
47.295	0.0264694
47.3	0.02643336
47.305	0.02639607
47.31	0.02634834
47.315	0.02630672
47.32	0.02626541
47.325	0.02621995
47.33	0.02617348
47.335	0.02607939
47.34	0.02600926
47.345	0.02598012
47.35	0.02607263
47.355	0.02627518
47.36	0.02653181
47.365	0.02679307
47.37	0.02707748
47.375	0.02739263
47.38	0.02769166
47.385	0.02796863
47.39	0.02827554
47.395	0.02852185
47.4	0.02879775
47.405	0.02908426
47.41	0.02938027
47.415	0.02967158
47.42	0.03001543
47.425	0.03036234
47.43	0.03069626
47.435	0.03102282
47.44	0.03141199
47.445	0.03183774
47.45	0.03227827
47.455	0.03269322
47.46	0.03314683
47.465	0.03363758
47.47	0.03413016
47.475	0.03463299
47.48	0.03509038
47.485	0.03560621
47.49	0.0361052
47.495	0.03659244
47.5	0.03711742
47.505	0.03762386
47.51	0.03819207
47.515	0.03882419
47.52	0.03948412
47.525	0.04021289
47.53	0.04093213
47.535	0.04165593
47.54	0.04238203
47.545	0.04313588
47.55	0.04384618
47.555	0.04458258
47.56	0.04518432
47.565	0.04578861
47.57	0.04640697
47.575	0.04700179
47.58	0.04761429
47.585	0.0483134
47.59	0.04909243
47.595	0.04987367
47.6	0.05068713
47.605	0.05145021
47.61	0.05221197
47.615	0.05295285
47.62	0.05368327
47.625	0.05436817
47.63	0.05504071
47.635	0.05574912
47.64	0.05663204
47.645	0.05769257
47.65	0.05883441
47.655	0.06022206
47.66	0.0623807
47.665	0.06551747
47.67	0.06925041
47.675	0.07340233
47.68	0.07788871
47.685	0.08266167
47.69	0.0875091
47.695	0.09225731
47.7	0.09693876
47.705	0.1014228
47.71	0.1057534
47.715	0.1099119
47.72	0.1138883
47.725	0.1177274
47.73	0.1214355
47.735	0.1250779
47.74	0.1286254
47.745	0.1321041
47.75	0.1357016
47.755	0.1393518
47.76	0.143063
47.765	0.1469742
47.77	0.1507759
47.775	0.1545059
47.78	0.1582014
47.785	0.1619703
47.79	0.1658346
47.795	0.1696882
47.8	0.1737012
47.805	0.177751
47.81	0.1817795
47.815	0.185817
47.82	0.1900587
47.825	0.194276
47.83	0.1984203
47.835	0.2026231
47.84	0.2067683
47.845	0.210775
47.85	0.2146082
47.855	0.2183089
47.86	0.2218405
47.865	0.2249068
47.87	0.2273733
47.875	0.2293571
47.88	0.2310956
47.885	0.2325027
47.89	0.2337364
47.895	0.234793
47.9	0.2357521
47.905	0.2366005
47.91	0.2374075
47.915	0.238184
47.92	0.2389374
47.925	0.2396877
47.93	0.2404192
47.935	0.2411458
47.94	0.2418338
47.945	0.2425241
47.95	0.24324
47.955	0.2437665
47.96	0.2441263
47.965	0.2445698
47.97	0.2447055
47.975	0.2448463
47.98	0.2449469
47.985	0.2449772
47.99	0.2447746
47.995	0.2442824
48	0.2436781
48.005	0.2427112
48.01	0.2416199
48.015	0.2404389
48.02	0.239097
48.025	0.237293
48.03	0.2353785
48.035	0.2334275
48.04	0.2312165
48.045	0.2289054
48.05	0.2265386
48.055	0.2241661
48.06	0.2218185
48.065	0.2194521
48.07	0.2173215
48.075	0.2153811
48.08	0.2136919
48.085	0.2119117
48.09	0.2102058
48.095	0.2082446
48.1	0.2062743
48.105	0.2043057
48.11	0.2023287
48.115	0.2004014
48.12	0.1984662
48.125	0.196538
48.13	0.1945999
48.135	0.1926806
48.14	0.1907077
48.145	0.1887211
48.15	0.186674
48.155	0.1845035
48.16	0.1823052
48.165	0.1801928
48.17	0.1773363
48.175	0.1746106
48.18	0.1718006
48.185	0.168975
48.19	0.1661537
48.195	0.1634554
48.2	0.1609308
48.205	0.1583589
48.21	0.1560419
48.215	0.1536147
48.22	0.1511904
48.225	0.1488512
48.23	0.1468251
48.235	0.1448149
48.24	0.1428049
48.245	0.1409656
48.25	0.139175
48.255	0.1374265
48.26	0.1356601
48.265	0.1338156
48.27	0.1319529
48.275	0.1297874
48.28	0.1276678
48.285	0.1254379
48.29	0.1232447
48.295	0.1211198
48.3	0.1193262
48.305	0.117442
48.31	0.1155247
48.315	0.1136378
48.32	0.1115686
48.325	0.1094675
48.33	0.107276
48.335	0.1050202
48.34	0.1026311
48.345	0.1002502
48.35	0.0978363
48.355	0.09540775
48.36	0.09295693
48.365	0.09060861
48.37	0.08819875
48.375	0.08665794
48.38	0.08517229
48.385	0.08376223
48.39	0.08234896
48.395	0.08092581
48.4	0.07952258
48.405	0.07809277
48.41	0.07678181
48.415	0.07539844
48.42	0.07416928
48.425	0.07295194
48.43	0.07171752
48.435	0.07055642
48.44	0.0694146
48.445	0.06822246
48.45	0.06697673
48.455	0.06572358
48.46	0.06444765
48.465	0.06319382
48.47	0.06198661
48.475	0.06083628
48.48	0.06002697
48.485	0.05925594
48.49	0.05851747
48.495	0.05803696
48.5	0.05761493
48.505	0.05726617
48.51	0.05718659
48.515	0.0571781
48.52	0.05716955
48.525	0.05731214
48.53	0.05745617
48.535	0.05760431
48.54	0.05776207
48.545	0.05804327
48.55	0.05831888
48.555	0.05861851
48.56	0.05903275
48.565	0.05955336
48.57	0.06008645
48.575	0.06061287
48.58	0.06113917
48.585	0.06153006
48.59	0.06180362
48.595	0.06201965
48.6	0.06223348
48.605	0.06238317
48.61	0.06255048
48.615	0.06271453
48.62	0.06291261
48.625	0.06316326
48.63	0.06350457
48.635	0.06386495
48.64	0.06406958
48.645	0.06428455
48.65	0.0645467
48.655	0.06489113
48.66	0.06519363
48.665	0.06549012
48.67	0.06578488
48.675	0.06605622
48.68	0.06633012
48.685	0.06660349
48.69	0.06682425
48.695	0.0670829
48.7	0.06731819
48.705	0.06739607
48.71	0.06739847
48.715	0.06739525
48.72	0.06737671
48.725	0.06735939
48.73	0.06734765
48.735	0.06733256
48.74	0.0673535
48.745	0.0674097
48.75	0.06736102
48.755	0.06724872
48.76	0.06708358
48.765	0.06677483
48.77	0.06641226
48.775	0.06604112
48.78	0.06566867
48.785	0.06531245
48.79	0.0650319
48.795	0.06484843
48.8	0.06483919
48.805	0.0648221
48.81	0.06481563
48.815	0.06481313
48.82	0.06479631
48.825	0.06476336
48.83	0.06472781
48.835	0.0645183
48.84	0.06426239
48.845	0.06409987
48.85	0.06396865
48.855	0.06374913
48.86	0.06340304
48.865	0.06306544
48.87	0.06274147
48.875	0.06242208
48.88	0.06213379
48.885	0.06182786
48.89	0.06153121
48.895	0.06128054
48.9	0.06100365
48.905	0.06072917
48.91	0.06055388
48.915	0.06042908
48.92	0.06029349
48.925	0.06020346
48.93	0.06024478
48.935	0.06035078
48.94	0.0605863
48.945	0.06105954
48.95	0.06159763
48.955	0.06231126
48.96	0.06320317
48.965	0.06417897
48.97	0.06516666
48.975	0.0662027
48.98	0.06727161
48.985	0.06834739
48.99	0.06944515
48.995	0.07053707
49	0.07153677
49.005	0.07227412
49.01	0.07296327
49.015	0.07365886
49.02	0.07434478
49.025	0.07504572
49.03	0.07575909
49.035	0.07648205
49.04	0.07731411
49.045	0.0782044
49.05	0.07915938
49.055	0.08010084
49.06	0.08109333
49.065	0.08212926
49.07	0.08317178
49.075	0.08422339
49.08	0.08527499
49.085	0.08629923
49.09	0.08734761
49.095	0.08837471
49.1	0.08936977
49.105	0.09036716
49.11	0.0913623
49.115	0.09234253
49.12	0.09330336
49.125	0.09425245
49.13	0.0951406
49.135	0.09587561
49.14	0.09650352
49.145	0.09698924
49.15	0.09717196
49.155	0.09721165
49.16	0.09710527
49.165	0.09682459
49.17	0.09643469
49.175	0.09602588
49.18	0.09554823
49.185	0.09499774
49.19	0.09441791
49.195	0.09372753
49.2	0.09300547
49.205	0.09232783
49.21	0.09173451
49.215	0.09116201
49.22	0.09059063
49.225	0.09002365
49.23	0.08943754
49.235	0.08882975
49.24	0.08819378
49.245	0.08747682
49.25	0.08666682
49.255	0.08567143
49.26	0.08458383
49.265	0.08344314
49.27	0.08226614
49.275	0.08105394
49.28	0.07974314
49.285	0.07837403
49.29	0.07697015
49.295	0.07547802
49.3	0.07395685
49.305	0.07241446
49.31	0.07082714
49.315	0.06920545
49.32	0.06756195
49.325	0.0658817
49.33	0.06416916
49.335	0.0624541
49.34	0.06074734
49.345	0.05907722
49.35	0.05742282
49.355	0.05598379
49.36	0.05465495
49.365	0.05340792
49.37	0.05229034
49.375	0.05126122
49.38	0.05026948
49.385	0.04930805
49.39	0.04839302
49.395	0.04747037
49.4	0.04665625
49.405	0.04585874
49.41	0.04496648
49.415	0.04406917
49.42	0.04316501
49.425	0.04222217
49.43	0.04123587
49.435	0.04024105
49.44	0.03923969
49.445	0.03824205
49.45	0.0373073
49.455	0.03645572
49.46	0.03581242
49.465	0.03529713
49.47	0.03480953
49.475	0.03434363
49.48	0.03398148
49.485	0.03374703
49.49	0.03355497
49.495	0.03336267
49.5	0.03321246
49.505	0.03304643
49.51	0.03288223
49.515	0.03273377
49.52	0.03253028
49.525	0.03226468
49.53	0.03198847
49.535	0.03169824
49.54	0.03139828
49.545	0.03118109
49.55	0.03096758
49.555	0.0308174
49.56	0.03066466
49.565	0.03049491
49.57	0.03035422
49.575	0.03022157
49.58	0.03009734
49.585	0.02996742
49.59	0.02988299
49.595	0.02981117
49.6	0.02975068
49.605	0.0296926
49.61	0.02965194
49.615	0.02966659
49.62	0.02964158
49.625	0.02959632
49.63	0.0295833
49.635	0.02956745
49.64	0.02956426
49.645	0.02957634
49.65	0.02958842
49.655	0.02959889
49.66	0.02960412
49.665	0.02961414
49.67	0.02960573
49.675	0.02961356
49.68	0.02962493
49.685	0.02940169
49.69	0.02912782
49.695	0.02888295
49.7	0.02866215
49.705	0.02845963
49.71	0.02827593
49.715	0.02809104
49.72	0.02789667
49.725	0.02773757
49.73	0.02762737
49.735	0.02755058
49.74	0.02748111
49.745	0.02741296
49.75	0.02732763
49.755	0.02727189
49.76	0.02722676
49.765	0.02726579
49.77	0.02733874
49.775	0.02743307
49.78	0.02751855
49.785	0.02758784
49.79	0.0277263
49.795	0.02787138
49.8	0.02801406
49.805	0.02816066
49.81	0.02829543
49.815	0.02840198
49.82	0.02853483
49.825	0.02883321
49.83	0.02914067
49.835	0.02940571
49.84	0.02971644
49.845	0.03006969
49.85	0.03040081
49.855	0.03071904
49.86	0.03103208
49.865	0.03137137
49.87	0.03171719
49.875	0.03206035
49.88	0.03238246
49.885	0.03270274
49.89	0.0331376
49.895	0.03358563
49.9	0.03398608
49.905	0.03438447
49.91	0.03484876
49.915	0.03537501
49.92	0.03597167
49.925	0.03655968
49.93	0.03719552
49.935	0.03792895
49.94	0.03876644
49.945	0.03959245
49.95	0.04052348
49.955	0.04144227
49.96	0.04238543
49.965	0.04350186
49.97	0.04464799
49.975	0.04576518
49.98	0.04681584
49.985	0.0478704
49.99	0.04917886
49.995	0.0504224
50	0.05174817
50.005	0.05312854
50.01	0.05447424
50.015	0.05581047
50.02	0.05711741
50.025	0.05837841
50.03	0.05954337
50.035	0.06091024
50.04	0.06245659
50.045	0.06398501
50.05	0.06555173
50.055	0.06716343
50.06	0.06879127
50.065	0.07079536
50.07	0.07302695
50.075	0.07560469
50.08	0.07824603
50.085	0.08083922
50.09	0.08362499
50.095	0.08650272
50.1	0.08977835
50.105	0.09352485
50.11	0.09720344
50.115	0.100742
50.12	0.1041366
50.125	0.1073742
50.13	0.1105662
50.135	0.1136525
50.14	0.1165967
50.145	0.1194061
50.15	0.1222332
50.155	0.1249924
50.16	0.1276912
50.165	0.1303207
50.17	0.1328102
50.175	0.1351646
50.18	0.1374696
50.185	0.1398128
50.19	0.142132
50.195	0.1442893
50.2	0.1464214
50.205	0.1485324
50.21	0.1505862
50.215	0.1526638
50.22	0.1547574
50.225	0.1568685
50.23	0.1589519
50.235	0.1609883
50.24	0.1628574
50.245	0.1645584
50.25	0.1663058
50.255	0.1679694
50.26	0.1695658
50.265	0.1711342
50.27	0.1723624
50.275	0.1733425
50.28	0.1739929
50.285	0.1748458
50.29	0.1757307
50.295	0.1764856
50.3	0.177107
50.305	0.177232
50.31	0.1768167
50.315	0.1764221
50.32	0.1760291
50.325	0.1756396
50.33	0.1753161
50.335	0.1749722
50.34	0.1747698
50.345	0.1745699
50.35	0.1744141
50.355	0.1741387
50.36	0.1738268
50.365	0.1735261
50.37	0.1732152
50.375	0.1729445
50.38	0.1727322
50.385	0.172598
50.39	0.1723547
50.395	0.1720845
50.4	0.1717975
50.405	0.1714833
50.41	0.1710811
50.415	0.1706445
50.42	0.1701752
50.425	0.169615
50.43	0.1689808
50.435	0.1683566
50.44	0.1677698
50.445	0.1672277
50.45	0.1667576
50.455	0.1661104
50.46	0.1654758
50.465	0.1648445
50.47	0.1641763
50.475	0.163687
50.48	0.1633138
50.485	0.1630506
50.49	0.162173
50.495	0.1612224
50.5	0.1601188
50.505	0.1590026
50.51	0.1581602
50.515	0.1575022
50.52	0.1566593
50.525	0.155765
50.53	0.1548416
50.535	0.1537912
50.54	0.1526728
50.545	0.1512015
50.55	0.1497331
50.555	0.1481554
50.56	0.1466344
50.565	0.1450648
50.57	0.1434483
50.575	0.1418178
50.58	0.1400813
50.585	0.1382916
50.59	0.1362838
50.595	0.1343146
50.6	0.1322997
50.605	0.1303013
50.61	0.1282983
50.615	0.1262669
50.62	0.1242421
50.625	0.1220812
50.63	0.1199313
50.635	0.117772
50.64	0.1155419
50.645	0.113241
50.65	0.1108833
50.655	0.1084594
50.66	0.1061657
50.665	0.1038237
50.67	0.1014518
50.675	0.09908145
50.68	0.09658343
50.685	0.09401276
50.69	0.09144978
50.695	0.0893386
50.7	0.0871101
50.705	0.08509662
50.71	0.08312179
50.715	0.08112661
50.72	0.07925902
50.725	0.07754035
50.73	0.07586196
50.735	0.07421213
50.74	0.07265694
50.745	0.07118382
50.75	0.07009235
50.755	0.068974
50.76	0.06797466
50.765	0.06695564
50.77	0.06601026
50.775	0.06508177
50.78	0.06410685
50.785	0.06321369
50.79	0.06230197
50.795	0.06165497
50.8	0.06100804
50.805	0.06042266
50.81	0.05985252
50.815	0.0593095
50.82	0.05888062
50.825	0.05846228
50.83	0.05829358
50.835	0.05819467
50.84	0.05812523
50.845	0.05808946
50.85	0.05799654
50.855	0.05795475
50.86	0.05793694
50.865	0.05780158
50.87	0.05769583
50.875	0.05758644
50.88	0.05744812
50.885	0.05737605
50.89	0.05734006
50.895	0.0572881
50.9	0.05739955
50.905	0.05762828
50.91	0.05785307
50.915	0.05808825
50.92	0.05821875
50.925	0.05826053
50.93	0.05837085
50.935	0.05849878
50.94	0.05855663
50.945	0.05861653
50.95	0.058671
50.955	0.05866827
50.96	0.0586706
50.965	0.05863528
50.97	0.05859643
50.975	0.0585944
50.98	0.05861655
50.985	0.05869083
50.99	0.05883712
50.995	0.05902564
51	0.05911096
51.005	0.05917997
51.01	0.05922532
51.015	0.0592816
51.02	0.0592837
51.025	0.0592799
51.03	0.05928485
51.035	0.05912341
51.04	0.05890199
51.045	0.05869726
51.05	0.05848947
51.055	0.05833167
51.06	0.05816792
51.065	0.05798398
51.07	0.0578743
51.075	0.05776696
51.08	0.05767682
51.085	0.05760172
51.09	0.05755064
51.095	0.05748935
51.1	0.05743441
51.105	0.05725139
51.11	0.05705651
51.115	0.05687957
51.12	0.05670475
51.125	0.05658383
51.13	0.05650445
51.135	0.05636303
51.14	0.05611248
51.145	0.0559421
51.15	0.05577086
51.155	0.05556417
51.16	0.05539051
51.165	0.05520695
51.17	0.05505843
51.175	0.05491366
51.18	0.05471846
51.185	0.05447879
51.19	0.05426785
51.195	0.05398045
51.2	0.0536741
51.205	0.05339212
51.21	0.05311589
51.215	0.05298218
51.22	0.0529369
51.225	0.05290563
51.23	0.05289403
51.235	0.05283166
51.24	0.05303769
51.245	0.05329294
51.25	0.05352532
51.255	0.05379406
51.26	0.05409316
51.265	0.05439177
51.27	0.05472101
51.275	0.05511234
51.28	0.05550906
51.285	0.05587446
51.29	0.05629779
51.295	0.05678068
51.3	0.05736043
51.305	0.05806617
51.31	0.05893013
51.315	0.05990841
51.32	0.06091398
51.325	0.06213683
51.33	0.06369152
51.335	0.06550749
51.34	0.0675691
51.345	0.06988386
51.35	0.07219531
51.355	0.07461362
51.36	0.07715112
51.365	0.07962593
51.37	0.08212463
51.375	0.08464952
51.38	0.08713651
51.385	0.08958454
51.39	0.09197899
51.395	0.09424332
51.4	0.09646961
51.405	0.09864591
51.41	0.1007871
51.415	0.1028827
51.42	0.1048219
51.425	0.106641
51.43	0.1084406
51.435	0.1102323
51.44	0.1120186
51.445	0.1136216
51.45	0.115161
51.455	0.1166788
51.46	0.1181584
51.465	0.1196376
51.47	0.121106
51.475	0.1225493
51.48	0.1239098
51.485	0.1252448
51.49	0.1265783
51.495	0.1278199
51.5	0.1289709
51.505	0.1300206
51.51	0.1309495
51.515	0.1317798
51.52	0.1325103
51.525	0.1331731
51.53	0.1336152
51.535	0.133717
51.54	0.133536
51.545	0.1330787
51.55	0.1323525
51.555	0.1314894
51.56	0.1304112
51.565	0.129112
51.57	0.1277722
51.575	0.126297
51.58	0.1246556
51.585	0.1229441
51.59	0.1211867
51.595	0.1194041
51.6	0.1176322
51.605	0.1158357
51.61	0.1140094
51.615	0.1121555
51.62	0.1102735
51.625	0.1083887
51.63	0.1064832
51.635	0.1045267
51.64	0.1024633
51.645	0.1003381
51.65	0.09825006
51.655	0.09613266
51.66	0.09396603
51.665	0.09172578
51.67	0.08933443
51.675	0.08685062
51.68	0.08427978
51.685	0.08165477
51.69	0.0789472
51.695	0.07611604
51.7	0.07325499
51.705	0.07035505
51.71	0.06741336
51.715	0.06444803
51.72	0.06143985
51.725	0.0583846
51.73	0.05523389
51.735	0.0521744
51.74	0.04939282
51.745	0.04684464
51.75	0.04457555
51.755	0.04259798
51.76	0.04076748
51.765	0.03920134
51.77	0.03793153
51.775	0.03668102
51.78	0.03560364
51.785	0.03476734
51.79	0.0340055
51.795	0.03325194
51.8	0.03248163
51.805	0.03167862
51.81	0.03087419
51.815	0.0300633
51.82	0.02921957
51.825	0.02834453
51.83	0.02751644
51.835	0.02676735
51.84	0.0260359
51.845	0.02547166
51.85	0.02493522
51.855	0.02440479
51.86	0.0239197
51.865	0.02343831
51.87	0.02304342
51.875	0.02284996
51.88	0.02272998
51.885	0.02266475
51.89	0.02267039
51.895	0.02270276
51.9	0.02279478
51.905	0.02289005
51.91	0.02299492
51.915	0.02312457
51.92	0.0232406
51.925	0.02334875
51.93	0.02346171
51.935	0.02358562
51.94	0.02374584
51.945	0.02389165
51.95	0.02412244
51.955	0.02431918
51.96	0.02451371
51.965	0.02472128
51.97	0.02495484
51.975	0.02518492
51.98	0.02537554
51.985	0.02557059
51.99	0.02578541
51.995	0.02596489
52	0.02618743
52.005	0.02640384
52.01	0.02666462
52.015	0.02688604
52.02	0.02709198
52.025	0.02729976
52.03	0.02751254
52.035	0.02771115
52.04	0.02787688
52.045	0.02803956
52.05	0.02817718
52.055	0.02838502
52.06	0.02859212
52.065	0.02879418
52.07	0.02900089
52.075	0.02922856
52.08	0.02949994
52.085	0.0297453
52.09	0.02998776
52.095	0.03022616
52.1	0.03044622
52.105	0.03065185
52.11	0.03085733
52.115	0.03105057
52.12	0.03124132
52.125	0.03146248
52.13	0.03170998
52.135	0.03195725
52.14	0.03221429
52.145	0.03239629
52.15	0.03257833
52.155	0.03265489
52.16	0.03277862
52.165	0.03301835
52.17	0.03323812
52.175	0.03346913
52.18	0.0337016
52.185	0.03394725
52.19	0.03418166
52.195	0.03438476
52.2	0.03460228
52.205	0.03478211
52.21	0.03496392
52.215	0.03507727
52.22	0.03520946
52.225	0.03536222
52.23	0.03557284
52.235	0.03579891
52.24	0.03602777
52.245	0.03630183
52.25	0.03659871
52.255	0.03686531
52.26	0.03701921
52.265	0.03717689
52.27	0.0373389
52.275	0.03749687
52.28	0.0376344
52.285	0.03771274
52.29	0.03788761
52.295	0.03805653
52.3	0.03824427
52.305	0.0384986
52.31	0.03877835
52.315	0.03911974
52.32	0.03945966
52.325	0.04004806
52.33	0.0407009
52.335	0.04135194
52.34	0.04201936
52.345	0.04270289
52.35	0.04343542
52.355	0.04435961
52.36	0.04530431
52.365	0.04618192
52.37	0.04688412
52.375	0.04770891
52.38	0.04853028
52.385	0.04933874
52.39	0.05013817
52.395	0.05101103
52.4	0.05203743
52.405	0.05311602
52.41	0.0542433
52.415	0.05537032
52.42	0.05649595
52.425	0.05784992
52.43	0.05940072
52.435	0.06088798
52.44	0.06235471
52.445	0.06379268
52.45	0.06523699
52.455	0.06673874
52.46	0.06822383
52.465	0.06973392
52.47	0.07123725
52.475	0.07284499
52.48	0.07445354
52.485	0.07602197
52.49	0.07757102
52.495	0.07902352
52.5	0.08060925
52.505	0.08218731
52.51	0.08388656
52.515	0.08553371
52.52	0.0871641
52.525	0.08877905
52.53	0.09016111
52.535	0.09143772
52.54	0.0926693
52.545	0.09386092
52.55	0.09513596
52.555	0.09636929
52.56	0.097406
52.565	0.09844537
52.57	0.09948406
52.575	0.1005573
52.58	0.1015038
52.585	0.102398
52.59	0.1034696
52.595	0.1046511
52.6	0.1058426
52.605	0.1069292
52.61	0.1079879
52.615	0.1091659
52.62	0.1103592
52.625	0.1115476
52.63	0.1125857
52.635	0.1133635
52.64	0.114187
52.645	0.114975
52.65	0.1158038
52.655	0.1165961
52.66	0.1173418
52.665	0.1180874
52.67	0.1189238
52.675	0.119926
52.68	0.1210641
52.685	0.1223654
52.69	0.1237999
52.695	0.1254
52.7	0.1270486
52.705	0.1285039
52.71	0.1299203
52.715	0.1310854
52.72	0.1322734
52.725	0.1333821
52.73	0.1344651
52.735	0.1359415
52.74	0.1374569
52.745	0.1390117
52.75	0.1407489
52.755	0.1423761
52.76	0.143996
52.765	0.1456815
52.77	0.1473231
52.775	0.1491036
52.78	0.1508539
52.785	0.1526273
52.79	0.1544039
52.795	0.1562297
52.8	0.1578916
52.805	0.1595568
52.81	0.1611757
52.815	0.1627425
52.82	0.1640626
52.825	0.1653215
52.83	0.1667067
52.835	0.1680024
52.84	0.1694391
52.845	0.1708467
52.85	0.172285
52.855	0.1736652
52.86	0.1750044
52.865	0.1762719
52.87	0.1775218
52.875	0.1786076
52.88	0.1794549
52.885	0.1799634
52.89	0.1801922
52.895	0.1802345
52.9	0.1800249
52.905	0.179732
52.91	0.1794701
52.915	0.1791941
52.92	0.1789991
52.925	0.1787621
52.93	0.1785533
52.935	0.1783564
52.94	0.1776616
52.945	0.1769285
52.95	0.1761275
52.955	0.1750366
52.96	0.1739206
52.965	0.172794
52.97	0.1716226
52.975	0.170455
52.98	0.169022
52.985	0.1675831
52.99	0.166127
52.995	0.1646498
53	0.1626752
53.005	0.1607287
53.01	0.1585625
53.015	0.156404
53.02	0.154237
53.025	0.1521797
53.03	0.1501107
53.035	0.1476923
53.04	0.1453343
53.045	0.1427804
53.05	0.1400695
53.055	0.1372391
53.06	0.1343446
53.065	0.1314352
53.07	0.1285271
53.075	0.1255796
53.08	0.1226848
53.085	0.1198329
53.09	0.1171719
53.095	0.1147044
53.1	0.1123362
53.105	0.1101236
53.11	0.1079841
53.115	0.1058602
53.12	0.1037219
53.125	0.1015743
53.13	0.09943567
53.135	0.09725999
53.14	0.09510449
53.145	0.09333235
53.15	0.09167813
53.155	0.09003965
53.16	0.08858796
53.165	0.08712692
53.17	0.08565258
53.175	0.08418131
53.18	0.0826938
53.185	0.08139301
53.19	0.08008018
53.195	0.0787292
53.2	0.07736494
53.205	0.07661519
53.21	0.0758857
53.215	0.07542949
53.22	0.07498584
53.225	0.07452562
53.23	0.07403913
53.235	0.07358227
53.24	0.07351788
53.245	0.07343793
53.25	0.07354239
53.255	0.07378971
53.26	0.07405664
53.265	0.07436673
53.27	0.07464558
53.275	0.07501611
53.28	0.07538634
53.285	0.07572655
53.29	0.07613837
53.295	0.07662515
53.3	0.07703834
53.305	0.0774029
53.31	0.07777118
53.315	0.07805067
53.32	0.07834343
53.325	0.07864065
53.33	0.07892788
53.335	0.07919384
53.34	0.07944093
53.345	0.07948909
53.35	0.07951282
53.355	0.07926114
53.36	0.07901019
53.365	0.07881814
53.37	0.07868292
53.375	0.07852332
53.38	0.07837008
53.385	0.07819857
53.39	0.07807416
53.395	0.07793425
53.4	0.07782308
53.405	0.07771845
53.41	0.07761178
53.415	0.07746402
53.42	0.07731962
53.425	0.07718
53.43	0.07707858
53.435	0.07698821
53.44	0.07687839
53.445	0.07663409
53.45	0.0763959
53.455	0.0760976
53.46	0.07582761
53.465	0.07559708
53.47	0.07535664
53.475	0.07512209
53.48	0.07470073
53.485	0.0741594
53.49	0.0736349
53.495	0.07312394
53.5	0.07258147
53.505	0.07207161
53.51	0.07157397
53.515	0.07106723
53.52	0.0705623
53.525	0.06992231
53.53	0.06925644
53.535	0.06851216
53.54	0.06773548
53.545	0.06698626
53.55	0.06642999
53.555	0.06594246
53.56	0.06560148
53.565	0.06527592
53.57	0.06496897
53.575	0.06471087
53.58	0.06451144
53.585	0.06432999
53.59	0.06416295
53.595	0.06396007
53.6	0.06372656
53.605	0.06345676
53.61	0.06316404
53.615	0.06287123
53.62	0.06261368
53.625	0.06235133
53.63	0.06205813
53.635	0.06171774
53.64	0.06139713
53.645	0.06109274
53.65	0.06089877
53.655	0.06072526
53.66	0.0605901
53.665	0.0604306
53.67	0.06024013
53.675	0.06004249
53.68	0.05985102
53.685	0.05977881
53.69	0.05981605
53.695	0.05985198
53.7	0.05986079
53.705	0.05972042
53.71	0.05957115
53.715	0.05945126
53.72	0.05931242
53.725	0.05921349
53.73	0.0592054
53.735	0.0592269
53.74	0.05930543
53.745	0.05942361
53.75	0.05953772
53.755	0.05952781
53.76	0.05949906
53.765	0.05948564
53.77	0.05945716
53.775	0.05935294
53.78	0.05914209
53.785	0.05883229
53.79	0.05847733
53.795	0.0581267
53.8	0.05780075
53.805	0.05751601
53.81	0.05732611
53.815	0.05717398
53.82	0.05703196
53.825	0.05694789
53.83	0.05687512
53.835	0.05679626
53.84	0.05678473
53.845	0.05673363
53.85	0.05665757
53.855	0.05654868
53.86	0.05642919
53.865	0.05631507
53.87	0.05620218
53.875	0.05609587
53.88	0.05602961
53.885	0.05596436
53.89	0.05590858
53.895	0.05582994
53.9	0.05575275
53.905	0.05566571
53.91	0.05571194
53.915	0.05576585
53.92	0.05579665
53.925	0.05585081
53.93	0.05587261
53.935	0.05588914
53.94	0.05586548
53.945	0.05583348
53.95	0.05576841
53.955	0.05562565
53.96	0.0554463
53.965	0.05524329
53.97	0.05504108
53.975	0.05484522
53.98	0.05469707
53.985	0.05456908
53.99	0.05449862
53.995	0.05445104
54	0.05437228
54.005	0.05428616
54.01	0.05417723
54.015	0.05390443
54.02	0.05357985
54.025	0.05323632
54.03	0.05277464
54.035	0.05227889
54.04	0.05179157
54.045	0.05120418
54.05	0.05062434
54.055	0.05005596
54.06	0.04946425
54.065	0.04881274
54.07	0.04813269
54.075	0.0474516
54.08	0.04676765
54.085	0.04601117
54.09	0.04524289
54.095	0.04444868
54.1	0.04366703
54.105	0.04287074
54.11	0.04208169
54.115	0.04127804
54.12	0.04047724
54.125	0.03967468
54.13	0.03884051
54.135	0.03801925
54.14	0.03718719
54.145	0.03641439
54.15	0.03565764
54.155	0.03491512
54.16	0.03424223
54.165	0.03367685
54.17	0.03314842
54.175	0.03260971
54.18	0.03206628
54.185	0.03148475
54.19	0.03094385
54.195	0.03037349
54.2	0.02980414
54.205	0.02923571
54.21	0.02866288
54.215	0.0281138
54.22	0.02771607
54.225	0.02735169
54.23	0.02701886
54.235	0.02675374
54.24	0.0264975
54.245	0.02626957
54.25	0.02612948
54.255	0.02599954
54.26	0.02586906
54.265	0.02578431
54.27	0.02577968
54.275	0.02579296
54.28	0.02581951
54.285	0.02585041
54.29	0.02595253
54.295	0.02604919
54.3	0.02613314
54.305	0.02617828
54.31	0.02621924
54.315	0.02626639
54.32	0.02630911
54.325	0.02629475
54.33	0.02628344
54.335	0.02631275
54.34	0.02635085
54.345	0.02639797
54.35	0.02632564
54.355	0.02620582
54.36	0.026088
54.365	0.02596233
54.37	0.02583249
54.375	0.02568998
54.38	0.02556024
54.385	0.02544022
54.39	0.02534932
54.395	0.02526335
54.4	0.0253032
54.405	0.02533062
54.41	0.02538479
54.415	0.02544098
54.42	0.02548165
54.425	0.0255318
54.43	0.02558882
54.435	0.02562953
54.44	0.02571394
54.445	0.02584631
54.45	0.02595145
54.455	0.02615568
54.46	0.02637297
54.465	0.0266017
54.47	0.02682865
54.475	0.02704202
54.48	0.02726403
54.485	0.02753905
54.49	0.02782462
54.495	0.02807446
54.5	0.02833551
54.505	0.02861642
54.51	0.02891607
54.515	0.02922302
54.52	0.02952975
54.525	0.02984093
54.53	0.03017089
54.535	0.03049597
54.54	0.03078986
54.545	0.03114352
54.55	0.03159864
54.555	0.03209706
54.56	0.03260513
54.565	0.0330976
54.57	0.03358799
54.575	0.03408828
54.58	0.03463814
54.585	0.0351983
54.59	0.03573738
54.595	0.03626598
54.6	0.03677923
54.605	0.03715753
54.61	0.03755323
54.615	0.03796338
54.62	0.0383666
54.625	0.0387816
54.63	0.03923302
54.635	0.03968403
54.64	0.04012816
54.645	0.04056572
54.65	0.04111922
54.655	0.04166417
54.66	0.04231643
54.665	0.04297139
54.67	0.04375837
54.675	0.04467844
54.68	0.04560296
54.685	0.04656548
54.69	0.04748031
54.695	0.04836311
54.7	0.04927003
54.705	0.05016644
54.71	0.05113192
54.715	0.05235663
54.72	0.05372261
54.725	0.05540698
54.73	0.05743235
54.735	0.05944425
54.74	0.06142011
54.745	0.06334033
54.75	0.06515529
54.755	0.0669334
54.76	0.06913881
54.765	0.07151121
54.77	0.07388624
54.775	0.07649591
54.78	0.07918827
54.785	0.08179849
54.79	0.08444984
54.795	0.08724075
54.8	0.09002765
54.805	0.09309612
54.81	0.09658231
54.815	0.09993583
54.82	0.1031698
54.825	0.1064017
54.83	0.1096358
54.835	0.1129699
54.84	0.1162072
54.845	0.119462
54.85	0.1227965
54.855	0.1259468
54.86	0.12903
54.865	0.1321339
54.87	0.1353587
54.875	0.1384519
54.88	0.141428
54.885	0.1443637
54.89	0.1472282
54.895	0.1500485
54.9	0.1528233
54.905	0.1555299
54.91	0.158214
54.915	0.1607977
54.92	0.1633133
54.925	0.1657463
54.93	0.1680341
54.935	0.1700589
54.94	0.172039
54.945	0.1739788
54.95	0.1759699
54.955	0.1779372
54.96	0.1798303
54.965	0.1814909
54.97	0.1830056
54.975	0.1844474
54.98	0.1856366
54.985	0.1867174
54.99	0.1877572
54.995	0.1886703
55	0.189384
55.005	0.1900343
55.01	0.1903493
55.015	0.1901602
55.02	0.1900132
55.025	0.1899612
55.03	0.1898416
55.035	0.1896002
55.04	0.1892128
55.045	0.1888531
55.05	0.1883827
55.055	0.187723
55.06	0.1870989
55.065	0.1864995
55.07	0.1856721
55.075	0.1845522
55.08	0.1834018
55.085	0.1822117
55.09	0.1810223
55.095	0.1799058
55.1	0.1787483
55.105	0.1775777
55.11	0.1764618
55.115	0.1752863
55.12	0.1742246
55.125	0.173094
55.13	0.171967
55.135	0.1707605
55.14	0.169615
55.145	0.1684776
55.15	0.1673368
55.155	0.1660632
55.16	0.1647928
55.165	0.1635303
55.17	0.1621758
55.175	0.1608303
55.18	0.1595203
55.185	0.1584116
55.19	0.1573049
55.195	0.1562518
55.2	0.1552687
55.205	0.1545484
55.21	0.1538555
55.215	0.1534049
55.22	0.1532789
55.225	0.1530928
55.23	0.1526717
55.235	0.1522224
55.24	0.1518518
55.245	0.1513645
55.25	0.1508074
55.255	0.1502708
55.26	0.1497916
55.265	0.149308
55.27	0.14875
55.275	0.1483507
55.28	0.1481255
55.285	0.1479716
55.29	0.1479189
55.295	0.1477599
55.3	0.1473704
55.305	0.1470315
55.31	0.1467277
55.315	0.1463031
55.32	0.1459099
55.325	0.1452811
55.33	0.1444946
55.335	0.1435702
55.34	0.142645
55.345	0.1417475
55.35	0.1407943
55.355	0.139854
55.36	0.1389158
55.365	0.1379591
55.37	0.1370126
55.375	0.1361502
55.38	0.1352668
55.385	0.1343475
55.39	0.1332207
55.395	0.1320831
55.4	0.1308759
55.405	0.1296434
55.41	0.128023
55.415	0.1264047
55.42	0.1246023
55.425	0.1227473
55.43	0.12083
55.435	0.1190504
55.44	0.1173281
55.445	0.1155943
55.45	0.1140211
55.455	0.1124623
55.46	0.1109213
55.465	0.109437
55.47	0.1079211
55.475	0.1064382
55.48	0.1048529
55.485	0.1032462
55.49	0.1015203
55.495	0.09959235
55.5	0.09773269
55.505	0.09603529
55.51	0.09422812
55.515	0.09227794
55.52	0.09035356
55.525	0.08839206
55.53	0.08661421
55.535	0.08507491
55.54	0.08369012
55.545	0.08243971
55.55	0.08124013
55.555	0.08010223
55.56	0.07890313
55.565	0.07777398
55.57	0.07664354
55.575	0.07550968
55.58	0.07449903
55.585	0.07356158
55.59	0.07265911
55.595	0.07195488
55.6	0.07126163
55.605	0.07059942
55.61	0.06996694
55.615	0.06967859
55.62	0.06935809
55.625	0.06920779
55.63	0.06906972
55.635	0.06902
55.64	0.06893618
55.645	0.06874803
55.65	0.06852126
55.655	0.06829825
55.66	0.06809463
55.665	0.0678959
55.67	0.06764863
55.675	0.06744172
55.68	0.06723536
55.685	0.06712503
55.69	0.06710134
55.695	0.06714958
55.7	0.06733318
55.705	0.0675179
55.71	0.06767095
55.715	0.0679107
55.72	0.0682216
55.725	0.06856048
55.73	0.06889691
55.735	0.0691776
55.74	0.06950371
55.745	0.06984205
55.75	0.07010353
55.755	0.07023854
55.76	0.07032763
55.765	0.07042796
55.77	0.07052756
55.775	0.07062806
55.78	0.07070719
55.785	0.07068
55.79	0.07064197
55.795	0.07058109
55.8	0.07051108
55.805	0.07050865
55.81	0.07045425
55.815	0.07037688
55.82	0.07030262
55.825	0.07008476
55.83	0.06987202
55.835	0.06969592
55.84	0.06956662
55.845	0.06943648
55.85	0.06936371
55.855	0.06931617
55.86	0.06927583
55.865	0.06921737
55.87	0.06920602
55.875	0.06917636
55.88	0.06912992
55.885	0.06905298
55.89	0.06898941
55.895	0.06874481
55.9	0.06851317
55.905	0.06831936
55.91	0.06814493
55.915	0.06818016
55.92	0.06829078
55.925	0.06841938
55.93	0.06866268
55.935	0.06906981
55.94	0.06962129
55.945	0.07016215
55.95	0.07075877
55.955	0.07152142
55.96	0.07236835
55.965	0.07330037
55.97	0.07440025
55.975	0.07557347
55.98	0.07675283
55.985	0.0779409
55.99	0.07921713
55.995	0.08051811
56	0.08180406
56.005	0.08306988
56.01	0.0842639
56.015	0.08548216
56.02	0.08668478
56.025	0.08787237
56.03	0.0891427
56.035	0.09039615
56.04	0.0915895
56.045	0.09269947
56.05	0.09378716
56.055	0.09486724
56.06	0.09589316
56.065	0.09690131
56.07	0.09790756
56.075	0.09884698
56.08	0.09979765
56.085	0.1007242
56.09	0.1016237
56.095	0.1025068
56.1	0.1034536
56.105	0.1043605
56.11	0.105191
56.115	0.105981
56.12	0.1065232
56.125	0.1069117
56.13	0.1072838
56.135	0.107505
56.14	0.1074994
56.145	0.1073147
56.15	0.1070232
56.155	0.1066248
56.16	0.1060441
56.165	0.1053867
56.17	0.1046157
56.175	0.1035961
56.18	0.1024211
56.185	0.1011779
56.19	0.09988698
56.195	0.09849085
56.2	0.09700344
56.205	0.09547916
56.21	0.09393017
56.215	0.09237291
56.22	0.09078923
56.225	0.089184
56.23	0.08755124
56.235	0.08588671
56.24	0.08418821
56.245	0.08252409
56.25	0.08082647
56.255	0.0791149
56.26	0.07735647
56.265	0.07559599
56.27	0.07379189
56.275	0.07194029
56.28	0.0700579
56.285	0.06811774
56.29	0.06610801
56.295	0.06408638
56.3	0.06202127
56.305	0.05987914
56.31	0.05769301
56.315	0.05549238
56.32	0.05325311
56.325	0.05120675
56.33	0.04925978
56.335	0.0472307
56.34	0.04528492
56.345	0.04354133
56.35	0.04197125
56.355	0.04053429
56.36	0.03920118
56.365	0.0380767
56.37	0.03703927
56.375	0.03616194
56.38	0.03559993
56.385	0.03525359
56.39	0.03500871
56.395	0.03481229
56.4	0.03473954
56.405	0.03480519
56.41	0.03492067
56.415	0.03503611
56.42	0.03516457
56.425	0.0352807
56.43	0.0353815
56.435	0.0354656
56.44	0.03555282
56.445	0.03563678
56.45	0.03551767
56.455	0.03546783
56.46	0.03541066
56.465	0.03536086
56.47	0.0353188
56.475	0.03526783
56.48	0.03520755
56.485	0.03518859
56.49	0.03517785
56.495	0.0352154
56.5	0.03522931
56.505	0.03519798
56.51	0.03514761
56.515	0.03509505
56.52	0.03506621
56.525	0.03499138
56.53	0.03482062
56.535	0.03467198
56.54	0.03455128
56.545	0.03442698
56.55	0.03430614
56.555	0.03417684
56.56	0.0340465
56.565	0.03391839
56.57	0.03378878
56.575	0.03366285
56.58	0.03349151
56.585	0.03333589
56.59	0.0331791
56.595	0.0329969
56.6	0.03280405
56.605	0.03261435
56.61	0.03236628
56.615	0.03207048
56.62	0.03177537
56.625	0.0314702
56.63	0.03117311
56.635	0.03088189
56.64	0.0305973
56.645	0.03030541
56.65	0.03001824
56.655	0.02985967
56.66	0.02973554
56.665	0.02960169
56.67	0.02946385
56.675	0.02931027
56.68	0.02917225
56.685	0.02904389
56.69	0.02888823
56.695	0.02874412
56.7	0.02859818
56.705	0.02847172
56.71	0.0283761
56.715	0.02828987
56.72	0.02821024
56.725	0.02807363
56.73	0.0279657
56.735	0.02792348
56.74	0.02781544
56.745	0.02767645
56.75	0.02754562
56.755	0.02742125
56.76	0.02730515
56.765	0.02720364
56.77	0.02709731
56.775	0.02699987
56.78	0.02695423
56.785	0.0269967
56.79	0.02709145
56.795	0.02718085
56.8	0.0272926
56.805	0.02741183
56.81	0.02751822
56.815	0.02762538
56.82	0.02776047
56.825	0.02789546
56.83	0.02803169
56.835	0.02821491
56.84	0.02840769
56.845	0.02863355
56.85	0.02886215
56.855	0.02909246
56.86	0.02928128
56.865	0.02938845
56.87	0.02948185
56.875	0.02958057
56.88	0.02970404
56.885	0.02982998
56.89	0.03002776
56.895	0.03023384
56.9	0.03042973
56.905	0.03065293
56.91	0.03088597
56.915	0.03111375
56.92	0.03136097
56.925	0.03173869
56.93	0.03226015
56.935	0.03280337
56.94	0.03336693
56.945	0.03398533
56.95	0.03460646
56.955	0.0352236
56.96	0.03583968
56.965	0.03647806
56.97	0.03710507
56.975	0.03772155
56.98	0.03831584
56.985	0.03882809
56.99	0.03926133
56.995	0.03961274
57	0.03995617
57.005	0.04028794
57.01	0.04064495
57.015	0.04112981
57.02	0.04175335
57.025	0.04251659
57.03	0.04327051
57.035	0.04401449
57.04	0.04470318
57.045	0.045443
57.05	0.04612864
57.055	0.04683408
57.06	0.04752182
57.065	0.04825786
57.07	0.04904243
57.075	0.04982493
57.08	0.0505942
57.085	0.05133758
57.09	0.05209328
57.095	0.05276453
57.1	0.05343123
57.105	0.05410968
57.11	0.054751
57.115	0.05543864
57.12	0.05615333
57.125	0.05684644
57.13	0.05744862
57.135	0.05792589
57.14	0.05837839
57.145	0.0588778
57.15	0.0593606
57.155	0.05984338
57.16	0.06035143
57.165	0.06083501
57.17	0.06132833
57.175	0.06191151
57.18	0.06275477
57.185	0.06389907
57.19	0.06511918
57.195	0.06637945
57.2	0.06768633
57.205	0.06900609
57.21	0.07063491
57.215	0.07238189
57.22	0.0740188
57.225	0.07569622
57.23	0.07717432
57.235	0.07861998
57.24	0.08022151
57.245	0.081828
57.25	0.08333437
57.255	0.08483428
57.26	0.08627816
57.265	0.08771402
57.27	0.08907654
57.275	0.09038371
57.28	0.09177493
57.285	0.09323359
57.29	0.0947045
57.295	0.0961281
57.3	0.09755758
57.305	0.09896269
57.31	0.1003294
57.315	0.1016843
57.32	0.1029907
57.325	0.1042729
57.33	0.1055455
57.335	0.1067945
57.34	0.1080502
57.345	0.1093308
57.35	0.1106101
57.355	0.1118921
57.36	0.1131714
57.365	0.1144059
57.37	0.1156341
57.375	0.1168177
57.38	0.1178906
57.385	0.1187514
57.39	0.119275
57.395	0.1197155
57.4	0.1201032
57.405	0.1204527
57.41	0.1207847
57.415	0.1207752
57.42	0.1205854
57.425	0.1204419
57.43	0.1202636
57.435	0.1203126
57.44	0.1205057
57.445	0.1206402
57.45	0.1207499
57.455	0.1209072
57.46	0.1211206
57.465	0.1213688
57.47	0.1215951
57.475	0.1218472
57.48	0.1221158
57.485	0.1222302
57.49	0.1222325
57.495	0.1222417
57.5	0.122518
57.505	0.1227778
57.51	0.1230683
57.515	0.123729
57.52	0.1243993
57.525	0.1250357
57.53	0.125965
57.535	0.1269103
57.54	0.1278761
57.545	0.1288445
57.55	0.1298226
57.555	0.1306558
57.56	0.1315802
57.565	0.132537
57.57	0.1335325
57.575	0.1346754
57.58	0.1358428
57.585	0.1370499
57.59	0.1383304
57.595	0.1397567
57.6	0.1412508
57.605	0.1428156
57.61	0.1445499
57.615	0.1462855
57.62	0.1480942
57.625	0.1500046
57.63	0.1517842
57.635	0.153348
57.64	0.1546326
57.645	0.1557068
57.65	0.1565852
57.655	0.1574448
57.66	0.1582651
57.665	0.1589817
57.67	0.1596529
57.675	0.1603391
57.68	0.1610119
57.685	0.1616765
57.69	0.1623962
57.695	0.163129
57.7	0.1637879
57.705	0.164065
57.71	0.1643705
57.715	0.1646465
57.72	0.1643681
57.725	0.1640768
57.73	0.1638227
57.735	0.16308
57.74	0.1622895
57.745	0.1614741
57.75	0.1606436
57.755	0.1597004
57.76	0.1588624
57.765	0.1578219
57.77	0.156677
57.775	0.1554603
57.78	0.1539661
57.785	0.1524274
57.79	0.1508624
57.795	0.1491686
57.8	0.1474263
57.805	0.1455867
57.81	0.1435935
57.815	0.1412026
57.82	0.1386993
57.825	0.1362053
57.83	0.1335191
57.835	0.1308623
57.84	0.1283406
57.845	0.1259154
57.85	0.123609
57.855	0.1214365
57.86	0.1192742
57.865	0.1170898
57.87	0.1149482
57.875	0.1128167
57.88	0.1106195
57.885	0.1084446
57.89	0.1062291
57.895	0.103992
57.9	0.1017814
57.905	0.09960656
57.91	0.09771263
57.915	0.09570147
57.92	0.09363589
57.925	0.09204926
57.93	0.09047036
57.935	0.08888183
57.94	0.08773769
57.945	0.08665429
57.95	0.08553701
57.955	0.08443359
57.96	0.08344764
57.965	0.08234908
57.97	0.08140162
57.975	0.08055345
57.98	0.07978164
57.985	0.07926473
57.99	0.07874131
57.995	0.07821997
58	0.07786642
58.005	0.07755143
58.01	0.07730474
58.015	0.07721395
58.02	0.07745643
58.025	0.07782621
58.03	0.07808185
58.035	0.07850646
58.04	0.07895834
58.045	0.07937827
58.05	0.07982441
58.055	0.08006425
58.06	0.08031168
58.065	0.08049106
58.07	0.08066473
58.075	0.0808192
58.08	0.08092787
58.085	0.08104911
58.09	0.08101667
58.095	0.08098364
58.1	0.08088325
58.105	0.08066137
58.11	0.08041957
58.115	0.08013139
58.12	0.07989519
58.125	0.0796829
58.13	0.07942791
58.135	0.07908624
58.14	0.07859484
58.145	0.07809968
58.15	0.07753577
58.155	0.07699915
58.16	0.07642779
58.165	0.07592573
58.17	0.07542471
58.175	0.07497556
58.18	0.07451403
58.185	0.07401252
58.19	0.07348658
58.195	0.07297681
58.2	0.07246561
58.205	0.07192294
58.21	0.07134515
58.215	0.07070279
58.22	0.06997918
58.225	0.06926116
58.23	0.06842695
58.235	0.06765623
58.24	0.06675334
58.245	0.06574504
58.25	0.06472816
58.255	0.06367626
58.26	0.06276062
58.265	0.06181974
58.27	0.06087836
58.275	0.05994847
58.28	0.05899631
58.285	0.05804373
58.29	0.05708628
58.295	0.05631761
58.3	0.05554951
58.305	0.05488622
58.31	0.05433511
58.315	0.05378897
58.32	0.05328448
58.325	0.05278076
58.33	0.05228488
58.335	0.05178952
58.34	0.05137109
58.345	0.05108948
58.35	0.05080932
58.355	0.05058636
58.36	0.05037012
58.365	0.05016752
58.37	0.04974461
58.375	0.0493697
58.38	0.04893592
58.385	0.04857548
58.39	0.04838411
58.395	0.04836365
58.4	0.04839422
58.405	0.04849586
58.41	0.04868711
58.415	0.04890697
58.42	0.04934026
58.425	0.0499522
58.43	0.05058184
58.435	0.05137309
58.44	0.05231005
58.445	0.05342371
58.45	0.05461398
58.455	0.05583717
58.46	0.05707325
58.465	0.0582849
58.47	0.05948226
58.475	0.06070976
58.48	0.06188633
58.485	0.06303909
58.49	0.06420355
58.495	0.06535387
58.5	0.06631354
58.505	0.06723821
58.51	0.06803928
58.515	0.06879437
58.52	0.06954293
58.525	0.07027061
58.53	0.07097523
58.535	0.07166659
58.54	0.07236429
58.545	0.07305125
58.55	0.07373626
58.555	0.07441131
58.56	0.07507185
58.565	0.07572484
58.57	0.07637763
58.575	0.07709139
58.58	0.07780058
58.585	0.07855023
58.59	0.07920775
58.595	0.07967577
58.6	0.07999069
58.605	0.08024865
58.61	0.08042844
58.615	0.08053057
58.62	0.08063184
58.625	0.08055099
58.63	0.08031369
58.635	0.0800424
58.64	0.07964791
58.645	0.07905688
58.65	0.07833488
58.655	0.07755491
58.66	0.07667979
58.665	0.07572867
58.67	0.07476662
58.675	0.07378637
58.68	0.07274759
58.685	0.07171196
58.69	0.07067809
58.695	0.06958783
58.7	0.06844703
58.705	0.06737759
58.71	0.06630059
58.715	0.06526554
58.72	0.06422903
58.725	0.06318188
58.73	0.06213349
58.735	0.06107446
58.74	0.05998434
58.745	0.05887453
58.75	0.05774581
58.755	0.05659182
58.76	0.05543401
58.765	0.05426905
58.77	0.05307864
58.775	0.05186306
58.78	0.05062368
58.785	0.04934786
58.79	0.04793553
58.795	0.04655007
58.8	0.04528978
58.805	0.04405087
58.81	0.04284247
58.815	0.04165093
58.82	0.04050381
58.825	0.03932096
58.83	0.0382949
58.835	0.03740135
58.84	0.036522
58.845	0.03576974
58.85	0.03519417
58.855	0.03475931
58.86	0.03435611
58.865	0.03406306
58.87	0.03385438
58.875	0.03363722
58.88	0.03342396
58.885	0.03325306
58.89	0.03306034
58.895	0.03293414
58.9	0.03285394
58.905	0.03281724
58.91	0.03276587
58.915	0.0327169
58.92	0.03267034
58.925	0.03260778
58.93	0.03252399
58.935	0.0324159
58.94	0.03232088
58.945	0.03224827
58.95	0.03218249
58.955	0.03211447
58.96	0.03204617
58.965	0.03191789
58.97	0.03173582
58.975	0.03158319
58.98	0.03143935
58.985	0.03132091
58.99	0.03124148
58.995	0.03125744
59	0.0312789
59.005	0.0313256
59.01	0.03144958
59.015	0.0315351
59.02	0.03165046
59.025	0.03176514
59.03	0.03185719
59.035	0.0319448
59.04	0.03204339
59.045	0.03214205
59.05	0.03221541
59.055	0.03229415
59.06	0.03234999
59.065	0.03242796
59.07	0.03250489
59.075	0.03259443
59.08	0.03269171
59.085	0.03281895
59.09	0.03294644
59.095	0.03307496
59.1	0.03306295
59.105	0.03304987
59.11	0.03304928
59.115	0.03305497
59.12	0.03306563
59.125	0.03306492
59.13	0.03306899
59.135	0.03308032
59.14	0.03310348
59.145	0.03310229
59.15	0.03310126
59.155	0.03308918
59.16	0.03310953
59.165	0.0331917
59.17	0.0332971
59.175	0.03345831
59.18	0.03365284
59.185	0.03381318
59.19	0.03394014
59.195	0.03399994
59.2	0.03404248
59.205	0.0340807
59.21	0.03407503
59.215	0.03409302
59.22	0.03413169
59.225	0.03416931
59.23	0.03421568
59.235	0.03432569
59.24	0.03451131
59.245	0.03470524
59.25	0.03489801
59.255	0.03513382
59.26	0.03542892
59.265	0.03600872
59.27	0.03656629
59.275	0.03711801
59.28	0.03765161
59.285	0.03820649
59.29	0.038716
59.295	0.03925689
59.3	0.03979312
59.305	0.04033647
59.31	0.04089541
59.315	0.04143506
59.32	0.04199408
59.325	0.04256854
59.33	0.04314307
59.335	0.04372274
59.34	0.04430183
59.345	0.04493811
59.35	0.04558382
59.355	0.04622927
59.36	0.04686521
59.365	0.04745199
59.37	0.04797236
59.375	0.04853837
59.38	0.04924898
59.385	0.04986354
59.39	0.0504815
59.395	0.05108612
59.4	0.05172479
59.405	0.05240975
59.41	0.05310768
59.415	0.05389096
59.42	0.05463801
59.425	0.05540129
59.43	0.05617953
59.435	0.05693716
59.44	0.05764125
59.445	0.05825173
59.45	0.05888936
59.455	0.05954195
59.46	0.06015565
59.465	0.06071765
59.47	0.06100115
59.475	0.06149904
59.48	0.061989
59.485	0.06247175
59.49	0.06293011
59.495	0.06338988
59.5	0.06378453
59.505	0.06419097
59.51	0.06467608
59.515	0.06567969
59.52	0.06690358
59.525	0.06808061
59.53	0.06922746
59.535	0.07051874
59.54	0.07217734
59.545	0.07379446
59.55	0.07550962
59.555	0.07718586
59.56	0.07881868
59.565	0.080499
59.57	0.08233454
59.575	0.08419272
59.58	0.08641228
59.585	0.0883972
59.59	0.09036177
59.595	0.09228454
59.6	0.09417885
59.605	0.09603538
59.61	0.0978327
59.615	0.09965886
59.62	0.1013729
59.625	0.1030757
59.63	0.1047298
59.635	0.1063283
59.64	0.1080896
59.645	0.1098371
59.65	0.1116155
59.655	0.1133768
59.66	0.1150899
59.665	0.1167813
59.67	0.1184505
59.675	0.1201611
59.68	0.1216352
59.685	0.1231028
59.69	0.1245622
59.695	0.1259956
59.7	0.1274119
59.705	0.1288319
59.71	0.1302233
59.715	0.1316008
59.72	0.1324368
59.725	0.1330828
59.73	0.1337537
59.735	0.1344135
59.74	0.1349146
59.745	0.1349924
59.75	0.1350919
59.755	0.1350038
59.76	0.1349283
59.765	0.1348637
59.77	0.1347051
59.775	0.1343268
59.78	0.1338732
59.785	0.1328498
59.79	0.1320275
59.795	0.1320815
59.8	0.1323332
59.805	0.1325792
59.81	0.1328139
59.815	0.1330233
59.82	0.1331381
59.825	0.133291
59.83	0.1334212
59.835	0.133555
59.84	0.1337319
59.845	0.1336199
59.85	0.133506
59.855	0.133361
59.86	0.1331529
59.865	0.1329675
59.87	0.132836
59.875	0.1327162
59.88	0.1325623
59.885	0.1325243
59.89	0.132466
59.895	0.1323955
59.9	0.1323718
59.905	0.1323543
59.91	0.1323487
59.915	0.1324334
59.92	0.1324317
59.925	0.1327801
59.93	0.1331476
59.935	0.1334688
59.94	0.1339064
59.945	0.1344114
59.95	0.1351833
59.955	0.1359299
59.96	0.1367439
59.965	0.1375192
59.97	0.1382703
59.975	0.1390667
59.98	0.1399807
59.985	0.1409335
59.99	0.1421526
59.995	0.1430665
60	0.1423684
60.005	0.141298
60.01	0.1402301
60.015	0.1391475
60.02	0.1380811
60.025	0.1370279
60.03	0.1359413
60.035	0.1348571
60.04	0.1337752
60.045	0.1326144
60.05	0.1315741
60.055	0.1305103
60.06	0.1294102
60.065	0.1283201
60.07	0.1272222
60.075	0.1260044
60.08	0.1247664
60.085	0.1235435
60.09	0.1222688
60.095	0.1210119
60.1	0.1197424
60.105	0.1183759
60.11	0.1170045
60.115	0.1155859
60.12	0.1139729
60.125	0.1123986
60.13	0.1106152
60.135	0.1088543
60.14	0.1070845
60.145	0.1050104
60.15	0.1028801
60.155	0.1005903
60.16	0.09821906
60.165	0.0958332
60.17	0.09343861
60.175	0.09102502
60.18	0.08853855
60.185	0.08595097
60.19	0.08328145
60.195	0.08053649
60.2	0.07796795
60.205	0.07679404
60.21	0.07596648
60.215	0.07509336
60.22	0.07428158
60.225	0.07344839
60.23	0.07269715
60.235	0.07197259
60.24	0.07124259
60.245	0.07046636
60.25	0.06977104
60.255	0.06909139
60.26	0.06844014
60.265	0.06784095
60.27	0.06728157
60.275	0.06662533
60.28	0.06610488
60.285	0.06557704
60.29	0.06507175
60.295	0.06459988
60.3	0.06408266
60.305	0.06360155
60.31	0.06320566
60.315	0.06274251
60.32	0.06232505
60.325	0.062037
60.33	0.06175496
60.335	0.06155414
60.34	0.06136252
60.345	0.06124397
60.35	0.0613196
60.355	0.06142465
60.36	0.06152985
60.365	0.06167308
60.37	0.06178157
60.375	0.06181828
60.38	0.06178337
60.385	0.06175573
60.39	0.0617047
60.395	0.06162069
60.4	0.06149313
60.405	0.06138341
60.41	0.06133127
60.415	0.06123505
60.42	0.06119275
60.425	0.06102342
60.43	0.06086213
60.435	0.06055331
60.44	0.06024281
60.445	0.05993211
60.45	0.05964756
60.455	0.05932642
60.46	0.0590002
60.465	0.05864477
60.47	0.05831674
60.475	0.05796964
60.48	0.05773795
60.485	0.05743609
60.49	0.05716233
60.495	0.05686984
60.5	0.05657574
60.505	0.05627617
60.51	0.0559103
60.515	0.05551728
60.52	0.05521597
60.525	0.05491365
60.53	0.05460528
60.535	0.05430812
60.54	0.05409628
60.545	0.05388429
60.55	0.05354515
60.555	0.05324382
60.56	0.05300011
60.565	0.0528257
60.57	0.05266314
60.575	0.05249555
60.58	0.05238102
60.585	0.05229977
60.59	0.05220612
60.595	0.05213867
60.6	0.05209589
60.605	0.0521135
60.61	0.05216162
60.615	0.05215706
60.62	0.05224549
60.625	0.05252531
60.63	0.0529488
60.635	0.05349994
60.64	0.05443681
60.645	0.05542801
60.65	0.056777
60.655	0.0583658
60.66	0.06009351
60.665	0.06203729
60.67	0.06411167
60.675	0.06624607
60.68	0.06847561
60.685	0.07072472
60.69	0.07302442
60.695	0.07528257
60.7	0.07754834
60.705	0.0797724
60.71	0.08194003
60.715	0.08407733
60.72	0.08619011
60.725	0.08826614
60.73	0.09026964
60.735	0.0922475
60.74	0.09416866
60.745	0.09604696
60.75	0.09789669
60.755	0.09973585
60.76	0.1015383
60.765	0.1032634
60.77	0.1049646
60.775	0.1066351
60.78	0.1082804
60.785	0.1099006
60.79	0.1115153
60.795	0.1131144
60.8	0.1147022
60.805	0.1162764
60.81	0.1178183
60.815	0.1193188
60.82	0.1208019
60.825	0.1222172
60.83	0.1234152
60.835	0.1245405
60.84	0.1255431
60.845	0.1262768
60.85	0.1269298
60.855	0.1272533
60.86	0.1273287
60.865	0.1272435
60.87	0.1269033
60.875	0.1263904
60.88	0.1256907
60.885	0.1248069
60.89	0.1237475
60.895	0.1225571
60.9	0.1212966
60.905	0.1199178
60.91	0.1185036
60.915	0.1170634
60.92	0.1155932
60.925	0.1140739
60.93	0.1124331
60.935	0.1107649
60.94	0.1090615
60.945	0.10734
60.95	0.1055809
60.955	0.1037784
60.96	0.1019482
60.965	0.1000866
60.97	0.0981867
60.975	0.0962426
60.98	0.09425854
60.985	0.09223526
60.99	0.09014545
60.995	0.08795913
61	0.08569916
61.005	0.08335388
61.01	0.08092055
61.015	0.0783873
61.02	0.07575656
61.025	0.07303773
61.03	0.0702267
61.035	0.06748352
61.04	0.06468165
61.045	0.06187015
61.05	0.05920199
61.055	0.0565039
61.06	0.0540268
61.065	0.05174318
61.07	0.04956756
61.075	0.04764207
61.08	0.04583884
61.085	0.04425082
61.09	0.04290787
61.095	0.04180631
61.1	0.04087598
61.105	0.03999362
61.11	0.03920506
61.115	0.03838241
61.12	0.03757489
61.125	0.03677172
61.13	0.03599575
61.135	0.03540512
61.14	0.03483912
61.145	0.03428446
61.15	0.03370829
61.155	0.03313157
61.16	0.03256734
61.165	0.03199852
61.17	0.03141934
61.175	0.03090745
61.18	0.03039515
61.185	0.02987342
61.19	0.02936301
61.195	0.02891187
61.2	0.02853352
61.205	0.02819429
61.21	0.02788852
61.215	0.02759714
61.22	0.02736833
61.225	0.02719991
61.23	0.02700286
61.235	0.02685965
61.24	0.02673639
61.245	0.02661778
61.25	0.02648941
61.255	0.02637317
61.26	0.02625038
61.265	0.02616778
61.27	0.02604007
61.275	0.02590228
61.28	0.025731
61.285	0.02561947
61.29	0.02552368
61.295	0.02532886
61.3	0.02514188
61.305	0.02493679
61.31	0.02475961
61.315	0.02466735
61.32	0.02462072
61.325	0.02457959
61.33	0.02454032
61.335	0.02449689
61.34	0.02448523
61.345	0.02448074
61.35	0.02446167
61.355	0.02445463
61.36	0.02446389
61.365	0.02446966
61.37	0.02447641
61.375	0.02448843
61.38	0.02447733
61.385	0.0245012
61.39	0.02452435
61.395	0.02453648
61.4	0.02450185
61.405	0.02454821
61.41	0.02462754
61.415	0.02470957
61.42	0.02480252
61.425	0.02489173
61.43	0.02497131
61.435	0.02508336
61.44	0.02519942
61.445	0.02530196
61.45	0.02540009
61.455	0.02552189
61.46	0.02562215
61.465	0.02572572
61.47	0.02587451
61.475	0.02603887
61.48	0.02632166
61.485	0.0266069
61.49	0.02687188
61.495	0.02711512
61.5	0.02740502
61.505	0.02768076
61.51	0.02794549
61.515	0.02821342
61.52	0.02846552
61.525	0.02872369
61.53	0.02901317
61.535	0.02930995
61.54	0.02960899
61.545	0.02985621
61.55	0.03011751
61.555	0.03043569
61.56	0.03075954
61.565	0.03108816
61.57	0.03141218
61.575	0.03173949
61.58	0.03205557
61.585	0.03234608
61.59	0.03258164
61.595	0.03284319
61.6	0.03311813
61.605	0.03343276
61.61	0.03362824
61.615	0.03376154
61.62	0.03393515
61.625	0.03412513
61.63	0.03431037
61.635	0.03451819
61.64	0.03472413
61.645	0.03497959
61.65	0.0352849
61.655	0.03559844
61.66	0.03589189
61.665	0.03618921
61.67	0.03649509
61.675	0.03673292
61.68	0.03700578
61.685	0.03713711
61.69	0.03734842
61.695	0.03755391
61.7	0.0377748
61.705	0.03803321
61.71	0.03829168
61.715	0.03857458
61.72	0.03898238
61.725	0.03961742
61.73	0.04024811
61.735	0.04081617
61.74	0.04138835
61.745	0.0419484
61.75	0.0425382
61.755	0.04322866
61.76	0.04389112
61.765	0.04452601
61.77	0.04516839
61.775	0.04586087
61.78	0.0465794
61.785	0.0472907
61.79	0.04800665
61.795	0.0487398
61.8	0.04944871
61.805	0.05013795
61.81	0.05079406
61.815	0.05148364
61.82	0.05218665
61.825	0.05283135
61.83	0.05347761
61.835	0.05446198
61.84	0.05568295
61.845	0.05690174
61.85	0.05806749
61.855	0.05947018
61.86	0.06096502
61.865	0.06245505
61.87	0.06393118
61.875	0.06537082
61.88	0.06713846
61.885	0.0690534
61.89	0.07097961
61.895	0.07283685
61.9	0.07481221
61.905	0.07688226
61.91	0.0789237
61.915	0.0809795
61.92	0.08298696
61.925	0.0848629
61.93	0.0865054
61.935	0.0881102
61.94	0.08969921
61.945	0.09126484
61.95	0.09289193
61.955	0.09447849
61.96	0.09602879
61.965	0.09758913
61.97	0.09913299
61.975	0.1006601
61.98	0.1024792
61.985	0.1043253
61.99	0.1061491
61.995	0.1079507
62	0.1097157
62.005	0.1114429
62.01	0.1131624
62.015	0.1149532
62.02	0.1167242
62.025	0.1184642
62.03	0.1202164
62.035	0.121998
62.04	0.1234809
62.045	0.1247558
62.05	0.1260109
62.055	0.1272505
62.06	0.1282034
62.065	0.1290369
62.07	0.1299651
62.075	0.1308866
62.08	0.131798
62.085	0.1325324
62.09	0.1330516
62.095	0.1335569
62.1	0.1340182
62.105	0.1343586
62.11	0.1345767
62.115	0.1347218
62.12	0.1349823
62.125	0.1354422
62.13	0.1359291
62.135	0.1364749
62.14	0.1370441
62.145	0.1377815
62.15	0.1384903
62.155	0.1392815
62.16	0.1400956
62.165	0.1408372
62.17	0.1415436
62.175	0.142382
62.18	0.1433569
62.185	0.143848
62.19	0.1442233
62.195	0.1445831
62.2	0.1450029
62.205	0.1456074
62.21	0.1462192
62.215	0.1467979
62.22	0.147234
62.225	0.1476761
62.23	0.1481304
62.235	0.1486745
62.24	0.149115
62.245	0.1497402
62.25	0.1504849
62.255	0.1512119
62.26	0.1519668
62.265	0.1528676
62.27	0.1537963
62.275	0.1545303
62.28	0.1552356
62.285	0.155958
62.29	0.1565341
62.295	0.1572164
62.3	0.1578666
62.305	0.1585431
62.31	0.1591868
62.315	0.1598139
62.32	0.1604974
62.325	0.1608951
62.33	0.1609456
62.335	0.1609584
62.34	0.1609978
62.345	0.160994
62.35	0.1607044
62.355	0.1604365
62.36	0.1598689
62.365	0.1592519
62.37	0.1586363
62.375	0.1579813
62.38	0.1570699
62.385	0.1558599
62.39	0.1548377
62.395	0.153856
62.4	0.1528742
62.405	0.1517504
62.41	0.150266
62.415	0.1487761
62.42	0.1472909
62.425	0.1458463
62.43	0.1443462
62.435	0.1428089
62.44	0.1409886
62.445	0.1391838
62.45	0.1371456
62.455	0.1348897
62.46	0.1326091
62.465	0.1302015
62.47	0.1276785
62.475	0.1251156
62.48	0.122597
62.485	0.120059
62.49	0.1174199
62.495	0.1149081
62.5	0.1122655
62.505	0.1095963
62.51	0.1068555
62.515	0.1041262
62.52	0.1013943
62.525	0.09853556
62.53	0.09586384
62.535	0.09341693
62.54	0.0909686
62.545	0.0883582
62.55	0.08572865
62.555	0.08326733
62.56	0.08070555
62.565	0.0784158
62.57	0.07610972
62.575	0.07381757
62.58	0.07153302
62.585	0.06949155
62.59	0.0678169
62.595	0.06631569
62.6	0.06482389
62.605	0.06329786
62.61	0.06191436
62.615	0.06093479
62.62	0.05991711
62.625	0.05886626
62.63	0.05786736
62.635	0.05693898
62.64	0.05605604
62.645	0.05554833
62.65	0.05508473
62.655	0.05494167
62.66	0.05509329
62.665	0.05526016
62.67	0.05561361
62.675	0.05608153
62.68	0.05660837
62.685	0.05720722
62.69	0.05776785
62.695	0.05842308
62.7	0.05908014
62.705	0.05982069
62.71	0.06054563
62.715	0.06128475
62.72	0.06204505
62.725	0.06283222
62.73	0.06361207
62.735	0.06431405
62.74	0.06504022
62.745	0.06572359
62.75	0.06641387
62.755	0.0670671
62.76	0.06774371
62.765	0.06844871
62.77	0.06919383
62.775	0.06993746
62.78	0.07062663
62.785	0.07131439
62.79	0.07194403
62.795	0.07241236
62.8	0.07257947
62.805	0.07271106
62.81	0.0728415
62.815	0.07296057
62.82	0.07306559
62.825	0.0731246
62.83	0.07322153
62.835	0.07325285
62.84	0.07325215
62.845	0.07319532
62.85	0.07311614
62.855	0.07301409
62.86	0.07286325
62.865	0.0727188
62.87	0.07254636
62.875	0.07227214
62.88	0.0719305
62.885	0.07149011
62.89	0.07099434
62.895	0.07049711
62.9	0.06989584
62.905	0.06929008
62.91	0.06867362
62.915	0.06805444
62.92	0.06738959
62.925	0.06666023
62.93	0.06585706
62.935	0.06506318
62.94	0.06430597
62.945	0.06342789
62.95	0.06254097
62.955	0.06168467
62.96	0.06081244
62.965	0.05994122
62.97	0.05900117
62.975	0.05794454
62.98	0.05689739
62.985	0.05588674
62.99	0.05495781
62.995	0.05422545
63	0.05374165
63.005	0.05365823
63.01	0.053819
63.015	0.05431582
63.02	0.05509814
63.025	0.05618652
63.03	0.05755412
63.035	0.05914134
63.04	0.06101139
63.045	0.06297729
63.05	0.06507318
63.055	0.06715492
63.06	0.06923256
63.065	0.07135014
63.07	0.07338672
63.075	0.0754
63.08	0.07741437
63.085	0.07941073
63.09	0.08148805
63.095	0.08354868
63.1	0.08556098
63.105	0.08758942
63.11	0.08957465
63.115	0.09151422
63.12	0.09341357
63.125	0.09528837
63.13	0.09715827
63.135	0.09901
63.14	0.1008307
63.145	0.1026219
63.15	0.1044278
63.155	0.1062077
63.16	0.1079587
63.165	0.1096903
63.17	0.1113656
63.175	0.113026
63.18	0.1146808
63.185	0.1162853
63.19	0.1178497
63.195	0.1193033
63.2	0.1205897
63.205	0.1217388
63.21	0.1226975
63.215	0.1234396
63.22	0.1238846
63.225	0.1240794
63.23	0.1240016
63.235	0.1236929
63.24	0.123087
63.245	0.1221953
63.25	0.1211568
63.255	0.1199399
63.26	0.1186652
63.265	0.117322
63.27	0.1158754
63.275	0.1144108
63.28	0.1129047
63.285	0.111374
63.29	0.1098228
63.295	0.1081175
63.3	0.1063663
63.305	0.1045835
63.31	0.1027386
63.315	0.1008577
63.32	0.0989434
63.325	0.09699153
63.33	0.09500216
63.335	0.09295248
63.34	0.09085945
63.345	0.08871748
63.35	0.08652415
63.355	0.0842877
63.36	0.08199412
63.365	0.07962914
63.37	0.07718447
63.375	0.07468677
63.38	0.07211623
63.385	0.0694616
63.39	0.06669526
63.395	0.06380464
63.4	0.06084786
63.405	0.05786576
63.41	0.05484792
63.415	0.05189588
63.42	0.04904509
63.425	0.0464122
63.43	0.04397244
63.435	0.04179081
63.44	0.03983668
63.445	0.03828542
63.45	0.03714431
63.455	0.03621055
63.46	0.03553117
63.465	0.03491964
63.47	0.03439697
63.475	0.03399067
63.48	0.03360047
63.485	0.03322225
63.49	0.03282428
63.495	0.03241346
63.5	0.03222493
63.505	0.03205302
63.51	0.03189166
63.515	0.03177688
63.52	0.03165809
63.525	0.03154663
63.53	0.03143987
63.535	0.03132776
63.54	0.03123443
63.545	0.03115315
63.55	0.03112913
63.555	0.03106982
63.56	0.03092703
63.565	0.03076813
63.57	0.03063105
63.575	0.03054607
63.58	0.03045868
63.585	0.03034172
63.59	0.03021686
63.595	0.03014421
63.6	0.0301148
63.605	0.03011199
63.61	0.03016929
63.615	0.03025162
63.62	0.030256
63.625	0.03030179
63.63	0.03033984
63.635	0.03037677
63.64	0.03041838
63.645	0.0304755
63.65	0.03053729
63.655	0.0305737
63.66	0.03061703
63.665	0.0306667
63.67	0.03072981
63.675	0.0307898
63.68	0.03086864
63.685	0.03093875
63.69	0.03102551
63.695	0.0311309
63.7	0.03124738
63.705	0.03136449
63.71	0.03149144
63.715	0.03161979
63.72	0.03174667
63.725	0.03187481
63.73	0.03199197
63.735	0.03209861
63.74	0.03220946
63.745	0.03230038
63.75	0.03235209
63.755	0.0322821
63.76	0.03225547
63.765	0.03227109
63.77	0.03235201
63.775	0.03241014
63.78	0.03239415
63.785	0.03237169
63.79	0.03236336
63.795	0.03234873
63.8	0.03233874
63.805	0.03230882
63.81	0.03228838
63.815	0.03221362
63.82	0.0321195
63.825	0.03204862
63.83	0.03190688
63.835	0.03177075
63.84	0.03165274
63.845	0.03153829
63.85	0.03142492
63.855	0.03132946
63.86	0.03124784
63.865	0.03112673
63.87	0.03100977
63.875	0.03087822
63.88	0.03073652
63.885	0.03059459
63.89	0.03048329
63.895	0.030372
63.9	0.03025997
63.905	0.03013444
63.91	0.03001892
63.915	0.02990524
63.92	0.02980654
63.925	0.0297075
63.93	0.02961609
63.935	0.02954362
63.94	0.02947554
63.945	0.02943403
63.95	0.0294347
63.955	0.02946508
63.96	0.02957399
63.965	0.02965107
63.97	0.02973989
63.975	0.02972358
63.98	0.02971914
63.985	0.02977958
63.99	0.02989434
63.995	0.03000729
64	0.03012486
64.005	0.03022532
64.01	0.0303333
64.015	0.03042472
64.02	0.03055927
64.025	0.03070915
64.03	0.03089336
64.035	0.03109237
64.04	0.03134972
64.045	0.03158432
64.05	0.03181777
64.055	0.032048
64.06	0.03224242
64.065	0.03243573
64.07	0.03264949
64.075	0.03285554
64.08	0.03303187
64.085	0.03321092
64.09	0.03339659
64.095	0.03355216
64.1	0.03375205
64.105	0.03394076
64.11	0.03422563
64.115	0.03456424
64.12	0.03496234
64.125	0.0353479
64.13	0.03572953
64.135	0.03610593
64.14	0.03645109
64.145	0.03683863
64.15	0.03724978
64.155	0.03766057
64.16	0.0380727
64.165	0.03847828
64.17	0.03890638
64.175	0.03932789
64.18	0.03980465
64.185	0.04025987
64.19	0.04067922
64.195	0.04103613
64.2	0.04140067
64.205	0.04191442
64.21	0.04249427
64.215	0.04306623
64.22	0.04363597
64.225	0.04426676
64.23	0.04514019
64.235	0.04601541
64.24	0.04688356
64.245	0.04769982
64.25	0.04870283
64.255	0.04967709
64.26	0.05069783
64.265	0.05178022
64.27	0.0528407
64.275	0.05396884
64.28	0.05511487
64.285	0.05627411
64.29	0.05749763
64.295	0.05873807
64.3	0.0599456
64.305	0.0612856
64.31	0.06268227
64.315	0.063951
64.32	0.06511315
64.325	0.06620287
64.33	0.06727562
64.335	0.06835595
64.34	0.06944036
64.345	0.07052169
64.35	0.0715737
64.355	0.07256269
64.36	0.07350979
64.365	0.074469
64.37	0.07545367
64.375	0.07643783
64.38	0.07745088
64.385	0.07853736
64.39	0.0796694
64.395	0.08080615
64.4	0.08201499
64.405	0.08325327
64.41	0.08433398
64.415	0.08537594
64.42	0.08640517
64.425	0.08743883
64.43	0.08840066
64.435	0.08927301
64.44	0.09009354
64.445	0.09090849
64.45	0.0918819
64.455	0.09277588
64.46	0.09388714
64.465	0.09499148
64.47	0.09603624
64.475	0.09707056
64.48	0.09801194
64.485	0.09890567
64.49	0.09977149
64.495	0.1006888
64.5	0.1015492
64.505	0.1024505
64.51	0.1031444
64.515	0.1038101
64.52	0.1045913
64.525	0.1054197
64.53	0.1062976
64.535	0.1071902
64.54	0.1081459
64.545	0.10917
64.55	0.1103467
64.555	0.1114894
64.56	0.112722
64.565	0.1140264
64.57	0.1154803
64.575	0.1168658
64.58	0.1183009
64.585	0.1196559
64.59	0.1208535
64.595	0.1220652
64.6	0.1233676
64.605	0.1246586
64.61	0.1258991
64.615	0.1274002
64.62	0.1295064
64.625	0.1322312
64.63	0.1351245
64.635	0.1379795
64.64	0.1406286
64.645	0.1432651
64.65	0.1458866
64.655	0.1482461
64.66	0.1504658
64.665	0.1523927
64.67	0.1543415
64.675	0.1563341
64.68	0.1583359
64.685	0.1603253
64.69	0.1623569
64.695	0.1647559
64.7	0.1671397
64.705	0.1695086
64.71	0.1718271
64.715	0.1741874
64.72	0.1765241
64.725	0.1789491
64.73	0.1813181
64.735	0.1835998
64.74	0.1858381
64.745	0.1879896
64.75	0.1900102
64.755	0.1918173
64.76	0.1936188
64.765	0.1953025
64.77	0.1968876
64.775	0.1982413
64.78	0.1995983
64.785	0.2008474
64.79	0.2021082
64.795	0.2034191
64.8	0.2046904
64.805	0.2058188
64.81	0.2068492
64.815	0.2078551
64.82	0.2085746
64.825	0.2084995
64.83	0.2075972
64.835	0.206387
64.84	0.2051799
64.845	0.2040465
64.85	0.2029157
64.855	0.2017297
64.86	0.2006155
64.865	0.1995883
64.87	0.1986524
64.875	0.1975799
64.88	0.196393
64.885	0.1951417
64.89	0.1938889
64.895	0.1925751
64.9	0.1905829
64.905	0.1883536
64.91	0.18609
64.915	0.1837609
64.92	0.1813551
64.925	0.1788366
64.93	0.175886
64.935	0.1728959
64.94	0.1698847
64.945	0.1668051
64.95	0.1636277
64.955	0.1604677
64.96	0.157364
64.965	0.1542023
64.97	0.1510324
64.975	0.1478701
64.98	0.1447871
64.985	0.1416491
64.99	0.1384997
64.995	0.1352792
65	0.1319433
65.005	0.1284172
65.01	0.1248937
65.015	0.1213654
65.02	0.1177837
65.025	0.1143429
65.03	0.1115514
65.035	0.1094772
65.04	0.1076519
65.045	0.1057177
65.05	0.1037454
65.055	0.1016198
65.06	0.09951142
65.065	0.09737451
65.07	0.09505057
65.075	0.09263748
65.08	0.09029711
65.085	0.08801294
65.09	0.08573815
65.095	0.08343388
65.1	0.0810339
65.105	0.07937239
65.11	0.07797382
65.115	0.07654011
65.12	0.07515476
65.125	0.07388231
65.13	0.07273896
65.135	0.07213696
65.14	0.07152154
65.145	0.07091216
65.15	0.0703313
65.155	0.06988333
65.16	0.06936631
65.165	0.06883722
65.17	0.06825143
65.175	0.06775587
65.18	0.06716267
65.185	0.06660308
65.19	0.06609525
65.195	0.06560697
65.2	0.06520574
65.205	0.06491317
65.21	0.06480775
65.215	0.06474135
65.22	0.06468231
65.225	0.06458466
65.23	0.06453278
65.235	0.06458606
65.24	0.06465347
65.245	0.06488404
65.25	0.06519012
65.255	0.06551445
65.26	0.06605023
65.265	0.0665447
65.27	0.0670172
65.275	0.06758128
65.28	0.06819998
65.285	0.06884208
65.29	0.06950305
65.295	0.07020897
65.3	0.07083468
65.305	0.07151896
65.31	0.07226057
65.315	0.0730533
65.32	0.07388715
65.325	0.0747716
65.33	0.07553765
65.335	0.07625631
65.34	0.07692407
65.345	0.07757386
65.35	0.07825632
65.355	0.07893695
65.36	0.07961122
65.365	0.08027956
65.37	0.08095304
65.375	0.0816708
65.38	0.08230527
65.385	0.08297447
65.39	0.08361328
65.395	0.08411553
65.4	0.08463249
65.405	0.08500302
65.41	0.08525469
65.415	0.08550795
65.42	0.08573553
65.425	0.085987
65.43	0.08624141
65.435	0.08644636
65.44	0.0864948
65.445	0.08653911
65.45	0.08632229
65.455	0.08609851
65.46	0.0858538
65.465	0.08543488
65.47	0.08502615
65.475	0.08463674
65.48	0.08425189
65.485	0.08384559
65.49	0.08345168
65.495	0.08305239
65.5	0.08255801
65.505	0.08218156
65.51	0.08174046
65.515	0.08118022
65.52	0.08060189
65.525	0.07996904
65.53	0.07922828
65.535	0.07849435
65.54	0.07778968
65.545	0.07713292
65.55	0.07654192
65.555	0.07590071
65.56	0.07525808
65.565	0.07466712
65.57	0.07413559
65.575	0.07359836
65.58	0.07301321
65.585	0.07238161
65.59	0.07176534
65.595	0.07116226
65.6	0.07062889
65.605	0.07006214
65.61	0.06957578
65.615	0.06916075
65.62	0.06874154
65.625	0.06833963
65.63	0.06790141
65.635	0.06747697
65.64	0.06708743
65.645	0.06681872
65.65	0.06651858
65.655	0.06642502
65.66	0.06637281
65.665	0.06633457
65.67	0.06648642
65.675	0.0666928
65.68	0.06685137
65.685	0.06703687
65.69	0.06725468
65.695	0.06747094
65.7	0.06766703
65.705	0.06791776
65.71	0.06797005
65.715	0.06806763
65.72	0.06826286
65.725	0.06845761
65.73	0.0686619
65.735	0.06890572
65.74	0.06919727
65.745	0.06949515
65.75	0.06974349
65.755	0.06987229
65.76	0.0699569
65.765	0.07002968
65.77	0.0699333
65.775	0.06976169
65.78	0.06957009
65.785	0.06939837
65.79	0.06928236
65.795	0.0691243
65.8	0.06892417
65.805	0.06875735
65.81	0.06860634
65.815	0.06845763
65.82	0.06830935
65.825	0.0681737
65.83	0.06802328
65.835	0.0678481
65.84	0.06765005
65.845	0.06742849
65.85	0.06717233
65.855	0.06694508
65.86	0.0666589
65.865	0.06629948
65.87	0.06593505
65.875	0.06544124
65.88	0.06483481
65.885	0.06423663
65.89	0.06359753
65.895	0.06288327
65.9	0.0621595
65.905	0.06144698
65.91	0.06071482
65.915	0.06005543
65.92	0.05938662
65.925	0.05866078
65.93	0.05792346
65.935	0.05720845
65.94	0.05650226
65.945	0.05576075
65.95	0.05499025
65.955	0.05425577
65.96	0.05358987
65.965	0.05295362
65.97	0.05232118
65.975	0.05179155
65.98	0.05130209
65.985	0.05082798
65.99	0.05035968
65.995	0.049891
66	0.04944808
66.005	0.04905381
66.01	0.04864923
66.015	0.0483042
66.02	0.04796899
66.025	0.04763018
66.03	0.04725352
66.035	0.04688502
66.04	0.04655559
66.045	0.04624521
66.05	0.04594785
66.055	0.04566982
66.06	0.04537658
66.065	0.0451393
66.07	0.04496688
66.075	0.04477619
66.08	0.04465129
66.085	0.04460313
66.09	0.04458826
66.095	0.04456924
66.1	0.04456839
66.105	0.04452586
66.11	0.04447803
66.115	0.04445987
66.12	0.04446719
66.125	0.04450066
66.13	0.04452599
66.135	0.0445607
66.14	0.04454955
66.145	0.04457586
66.15	0.04462235
66.155	0.04464699
66.16	0.0446473
66.165	0.04464765
66.17	0.04467072
66.175	0.04475538
66.18	0.04488526
66.185	0.04502984
66.19	0.04521583
66.195	0.04538863
66.2	0.04556137
66.205	0.0457314
66.21	0.04586933
66.215	0.04592318
66.22	0.04583969
66.225	0.04574863
66.23	0.04568444
66.235	0.04563593
66.24	0.04562805
66.245	0.04564726
66.25	0.04568292
66.255	0.04575072
66.26	0.04582009
66.265	0.04587729
66.27	0.04591575
66.275	0.04596548
66.28	0.04601741
66.285	0.04605187
66.29	0.04609216
66.295	0.04610472
66.3	0.04610724
66.305	0.04615999
66.31	0.04624269
66.315	0.0463237
66.32	0.04638576
66.325	0.04644984
66.33	0.04651424
66.335	0.04661307
66.34	0.04671093
66.345	0.04683471
66.35	0.04688297
66.355	0.04689107
66.36	0.04691869
66.365	0.04691533
66.37	0.04690145
66.375	0.04689002
66.38	0.04677123
66.385	0.04666571
66.39	0.04654959
66.395	0.04634694
66.4	0.04614417
66.405	0.04593787
66.41	0.04573296
66.415	0.04554716
66.42	0.04541087
66.425	0.04534592
66.43	0.04525678
66.435	0.04511905
66.44	0.04498905
66.445	0.04478516
66.45	0.04452661
66.455	0.04421057
66.46	0.043829
66.465	0.04343934
66.47	0.04306675
66.475	0.04270904
66.48	0.04232179
66.485	0.04194141
66.49	0.04158788
66.495	0.04122436
66.5	0.04088385
66.505	0.04057275
66.51	0.04024495
66.515	0.03992968
66.52	0.03962537
66.525	0.03931376
66.53	0.03905265
66.535	0.03882619
66.54	0.03858609
66.545	0.03836046
66.55	0.03816147
66.555	0.03801032
66.56	0.0378862
66.565	0.0377577
66.57	0.03766593
66.575	0.03760312
66.58	0.03753748
66.585	0.03750442
66.59	0.03735033
66.595	0.03720683
66.6	0.03712196
66.605	0.037082
66.61	0.03705584
66.615	0.03703349
66.62	0.03700629
66.625	0.03698828
66.63	0.03697323
66.635	0.03698063
66.64	0.03700889
66.645	0.03702367
66.65	0.03706075
66.655	0.0371842
66.66	0.03738229
66.665	0.03762021
66.67	0.0378704
66.675	0.03813213
66.68	0.03837223
66.685	0.03858547
66.69	0.03879043
66.695	0.03899283
66.7	0.0391997
66.705	0.03939813
66.71	0.03959332
66.715	0.03977324
66.72	0.03992543
66.725	0.0400782
66.73	0.040243
66.735	0.04029831
66.74	0.04027983
66.745	0.04026189
66.75	0.040214
66.755	0.04013971
66.76	0.04005798
66.765	0.03998435
66.77	0.03991623
66.775	0.03986191
66.78	0.03977152
66.785	0.03967788
66.79	0.03963535
66.795	0.03967605
66.8	0.03968513
66.805	0.03971708
66.81	0.03971159
66.815	0.03972998
66.82	0.03976739
66.825	0.03980768
66.83	0.03984576
66.835	0.03990155
66.84	0.03999164
66.845	0.04008744
66.85	0.0401899
66.855	0.04032707
66.86	0.04037803
66.865	0.04038443
66.87	0.04053687
66.875	0.04075312
66.88	0.04095755
66.885	0.04119864
66.89	0.04146775
66.895	0.04204649
66.9	0.04265835
66.905	0.04325803
66.91	0.04404762
66.915	0.04488378
66.92	0.04568794
66.925	0.04665123
66.93	0.04780346
66.935	0.0489316
66.94	0.05008203
66.945	0.05123396
66.95	0.0523718
66.955	0.05351941
66.96	0.05462131
66.965	0.05587987
66.97	0.05752702
66.975	0.0592062
66.98	0.06082208
66.985	0.06264751
66.99	0.06442391
66.995	0.06611816
67	0.06779827
67.005	0.06944916
67.01	0.07125294
67.015	0.07312119
67.02	0.07508275
67.025	0.07708952
67.03	0.07905582
67.035	0.08097943
67.04	0.08296667
67.045	0.08506722
67.05	0.08713003
67.055	0.08915622
67.06	0.09112717
67.065	0.09311067
67.07	0.09505878
67.075	0.09705461
67.08	0.09895176
67.085	0.1008204
67.09	0.1026779
67.095	0.1045156
67.1	0.1060884
67.105	0.1076092
67.11	0.1091194
67.115	0.1104389
67.12	0.1116889
67.125	0.1130786
67.13	0.1143421
67.135	0.1154206
67.14	0.1165029
67.145	0.1175801
67.15	0.1186472
67.155	0.1198519
67.16	0.1210786
67.165	0.1222994
67.17	0.1233576
67.175	0.1240315
67.18	0.1246283
67.185	0.1252517
67.19	0.1258196
67.195	0.1264058
67.2	0.1270292
67.205	0.1276758
67.21	0.1283796
67.215	0.1288425
67.22	0.1292423
67.225	0.1295238
67.23	0.1296779
67.235	0.1298566
67.24	0.1301229
67.245	0.1304263
67.25	0.1304951
67.255	0.1305468
67.26	0.1305866
67.265	0.1306237
67.27	0.1307073
67.275	0.1309138
67.28	0.1308605
67.285	0.1308673
67.29	0.1308595
67.295	0.1310206
67.3	0.1312006
67.305	0.1314671
67.31	0.1318051
67.315	0.1321283
67.32	0.1325322
67.325	0.1331991
67.33	0.1338127
67.335	0.1345054
67.34	0.1352537
67.345	0.1359698
67.35	0.1366746
67.355	0.1373782
67.36	0.1378692
67.365	0.1384558
67.37	0.1390588
67.375	0.1397388
67.38	0.1405673
67.385	0.1415936
67.39	0.1425678
67.395	0.1433145
67.4	0.1440431
67.405	0.144715
67.41	0.1452868
67.415	0.1457931
67.42	0.1467621
67.425	0.1476715
67.43	0.1487563
67.435	0.1499852
67.44	0.15115
67.445	0.1522469
67.45	0.1532114
67.455	0.1542679
67.46	0.1553252
67.465	0.156489
67.47	0.1576732
67.475	0.1587258
67.48	0.1595749
67.485	0.1605401
67.49	0.1614652
67.495	0.1623919
67.5	0.1630978
67.505	0.1637526
67.51	0.1644666
67.515	0.1650971
67.52	0.1657349
67.525	0.1663745
67.53	0.1666718
67.535	0.1667607
67.54	0.166779
67.545	0.166875
67.55	0.1669911
67.555	0.1671077
67.56	0.1672288
67.565	0.1673707
67.57	0.167277
67.575	0.1671598
67.58	0.1670126
67.585	0.1668744
67.59	0.1664487
67.595	0.1660493
67.6	0.1657885
67.605	0.1655127
67.61	0.1652637
67.615	0.1650649
67.62	0.1648367
67.625	0.1639769
67.63	0.1631486
67.635	0.1619812
67.64	0.1606159
67.645	0.1592751
67.65	0.1578173
67.655	0.1562365
67.66	0.1546447
67.665	0.1530335
67.67	0.1511744
67.675	0.1492348
67.68	0.1473221
67.685	0.145483
67.69	0.1436258
67.695	0.1417185
67.7	0.1397764
67.705	0.1377267
67.71	0.1356646
67.715	0.1334433
67.72	0.1312092
67.725	0.1289222
67.73	0.1266567
67.735	0.1245074
67.74	0.1225182
67.745	0.1205227
67.75	0.1182946
67.755	0.1160133
67.76	0.1136846
67.765	0.1112893
67.77	0.1089098
67.775	0.1066264
67.78	0.1042976
67.785	0.1019412
67.79	0.09955241
67.795	0.09737389
67.8	0.0951333
67.805	0.09287185
67.81	0.09056863
67.815	0.0882224
67.82	0.08580142
67.825	0.0833934
67.83	0.08158723
67.835	0.0797794
67.84	0.07830533
67.845	0.07700653
67.85	0.07563959
67.855	0.07450516
67.86	0.07372871
67.865	0.07297197
67.87	0.07230637
67.875	0.07187846
67.88	0.07151051
67.885	0.07121015
67.89	0.07091959
67.895	0.07062944
67.9	0.07047413
67.905	0.07031687
67.91	0.07053065
67.915	0.07077384
67.92	0.07110336
67.925	0.07144494
67.93	0.07179926
67.935	0.07186222
67.94	0.07195749
67.945	0.07208757
67.95	0.07225205
67.955	0.0725719
67.96	0.07286033
67.965	0.07315615
67.97	0.07346687
67.975	0.07378057
67.98	0.07416503
67.985	0.07457487
67.99	0.07497341
67.995	0.07535415
68	0.07571623
68.005	0.0760607
68.01	0.07633243
68.015	0.07659353
68.02	0.07678384
68.025	0.07698609
68.03	0.07717261
68.035	0.0773248
68.04	0.07748195
68.045	0.07763272
68.05	0.07778722
68.055	0.07796544
68.06	0.07800808
68.065	0.07794705
68.07	0.07782631
68.075	0.07756084
68.08	0.07729885
68.085	0.07708563
68.09	0.07677112
68.095	0.07645184
68.1	0.07609881
68.105	0.07559735
68.11	0.07513003
68.115	0.07454524
68.12	0.0739382
68.125	0.07334375
68.13	0.07276372
68.135	0.07221125
68.14	0.0718031
68.145	0.07143408
68.15	0.07105809
68.155	0.07069249
68.16	0.07034534
68.165	0.07003976
68.17	0.06974077
68.175	0.06943291
68.18	0.06910347
68.185	0.06875341
68.19	0.06839533
68.195	0.06807051
68.2	0.06767953
68.205	0.06723346
68.21	0.06681573
68.215	0.06644975
68.22	0.06610025
68.225	0.06581276
68.23	0.06552136
68.235	0.06524007
68.24	0.06489189
68.245	0.06448263
68.25	0.06410789
68.255	0.06372688
68.26	0.06333652
68.265	0.06301542
68.27	0.0626617
68.275	0.06234031
68.28	0.06204988
68.285	0.06176263
68.29	0.06134837
68.295	0.06101453
68.3	0.06068367
68.305	0.06038119
68.31	0.06016354
68.315	0.05988656
68.32	0.05961828
68.325	0.05936435
68.33	0.0591061
68.335	0.05883762
68.34	0.05848572
68.345	0.05814302
68.35	0.05779268
68.355	0.05735831
68.36	0.05689608
68.365	0.05641213
68.37	0.05589342
68.375	0.05534067
68.38	0.05478884
68.385	0.05425574
68.39	0.05373496
68.395	0.05317018
68.4	0.05253945
68.405	0.05194142
68.41	0.05135649
68.415	0.050718
68.42	0.05002131
68.425	0.04931906
68.43	0.04856716
68.435	0.04781542
68.44	0.04705362
68.445	0.04635571
68.45	0.04568257
68.455	0.04499306
68.46	0.04429696
68.465	0.04360381
68.47	0.0429523
68.475	0.04236856
68.48	0.04177452
68.485	0.04123592
68.49	0.04066776
68.495	0.04021943
68.5	0.03976174
68.505	0.03930149
68.51	0.03890397
68.515	0.03860781
68.52	0.03836042
68.525	0.0381866
68.53	0.03808645
68.535	0.03804475
68.54	0.03800566
68.545	0.03803498
68.55	0.03810296
68.555	0.03822743
68.56	0.03847417
68.565	0.03873824
68.57	0.03899285
68.575	0.03932185
68.58	0.03975672
68.585	0.04021766
68.59	0.04065094
68.595	0.0410717
68.6	0.04153925
68.605	0.04203681
68.61	0.04258436
68.615	0.04317926
68.62	0.04379642
68.625	0.04443393
68.63	0.04507129
68.635	0.04574905
68.64	0.04639536
68.645	0.04700803
68.65	0.04761943
68.655	0.04826114
68.66	0.04887167
68.665	0.04947474
68.67	0.05005809
68.675	0.05056959
68.68	0.0510923
68.685	0.0516311
68.69	0.05215066
68.695	0.05266878
68.7	0.05315138
68.705	0.05362039
68.71	0.05408576
68.715	0.05445092
68.72	0.05469979
68.725	0.05495154
68.73	0.05519083
68.735	0.05532384
68.74	0.05537608
68.745	0.05543149
68.75	0.05549845
68.755	0.05551174
68.76	0.05545042
68.765	0.0553454
68.77	0.05525793
68.775	0.05517726
68.78	0.05501437
68.785	0.05476589
68.79	0.05448428
68.795	0.05421494
68.8	0.05396031
68.805	0.05368364
68.81	0.05341858
68.815	0.05311947
68.82	0.05278429
68.825	0.05244329
68.83	0.05211557
68.835	0.05178564
68.84	0.05139853
68.845	0.05101094
68.85	0.05065692
68.855	0.05029486
68.86	0.0498762
68.865	0.04950098
68.87	0.04911579
68.875	0.04873122
68.88	0.04838298
68.885	0.04801673
68.89	0.04761018
68.895	0.04720667
68.9	0.046809
68.905	0.04639799
68.91	0.04598831
68.915	0.04557658
68.92	0.04523153
68.925	0.04492365
68.93	0.04459237
68.935	0.04425673
68.94	0.04396326
68.945	0.04373582
68.95	0.04350728
68.955	0.04323417
68.96	0.04298838
68.965	0.04278853
68.97	0.04260822
68.975	0.04236744
68.98	0.04213554
68.985	0.04194213
68.99	0.04171654
68.995	0.04149178
69	0.04125756
69.005	0.04100182
69.01	0.04075512
69.015	0.04051228
69.02	0.04025265
69.025	0.04003223
69.03	0.03982305
69.035	0.03957667
69.04	0.03930953
69.045	0.03910268
69.05	0.03893519
69.055	0.03871388
69.06	0.03850168
69.065	0.03834076
69.07	0.03810525
69.075	0.03787524
69.08	0.03765363
69.085	0.03742383
69.09	0.03724601
69.095	0.03709152
69.1	0.03695764
69.105	0.03682102
69.11	0.0367419
69.115	0.0367199
69.12	0.03671319
69.125	0.03667285
69.13	0.03668886
69.135	0.03674996
69.14	0.0368439
69.145	0.03695874
69.15	0.03706001
69.155	0.03714012
69.16	0.03724832
69.165	0.03737528
69.17	0.03749917
69.175	0.03764314
69.18	0.0381307
69.185	0.03880281
69.19	0.0395383
69.195	0.04034122
69.2	0.041142
69.205	0.04217406
69.21	0.0433695
69.215	0.04456831
69.22	0.04577005
69.225	0.0470133
69.23	0.04826339
69.235	0.04946956
69.24	0.05066799
69.245	0.05181194
69.25	0.05288945
69.255	0.0539531
69.26	0.05501443
69.265	0.0560563
69.27	0.05706577
69.275	0.0581004
69.28	0.05927464
69.285	0.06042166
69.29	0.06160705
69.295	0.06272203
69.3	0.06391074
69.305	0.06506406
69.31	0.06620768
69.315	0.06731475
69.32	0.06834626
69.325	0.06934158
69.33	0.07033526
69.335	0.0713276
69.34	0.07227562
69.345	0.07320172
69.35	0.07411168
69.355	0.07500204
69.36	0.07592567
69.365	0.07701829
69.37	0.07811496
69.375	0.07923047
69.38	0.08041382
69.385	0.08151981
69.39	0.08248137
69.395	0.08337384
69.4	0.08461856
69.405	0.08652347
69.41	0.08879094
69.415	0.09130796
69.42	0.09395488
69.425	0.09684074
69.43	0.1001227
69.435	0.1034791
69.44	0.10682
69.445	0.1101753
69.45	0.11352
69.455	0.1170614
69.46	0.120886
69.465	0.1245993
69.47	0.1283303
69.475	0.1323139
69.48	0.1362508
69.485	0.1399437
69.49	0.1435501
69.495	0.1470546
69.5	0.1505105
69.505	0.1538485
69.51	0.1571345
69.515	0.160384
69.52	0.163844
69.525	0.1674604
69.53	0.1710139
69.535	0.1744926
69.54	0.1778829
69.545	0.1812679
69.55	0.1848556
69.555	0.1883914
69.56	0.1918651
69.565	0.1952645
69.57	0.1984687
69.575	0.201667
69.58	0.2049626
69.585	0.208132
69.59	0.2111416
69.595	0.2141587
69.6	0.2171528
69.605	0.2198298
69.61	0.2219522
69.615	0.2235989
69.62	0.2248777
69.625	0.2259809
69.63	0.2267751
69.635	0.2271262
69.64	0.2272892
69.645	0.2274206
69.65	0.2274358
69.655	0.227376
69.66	0.2270438
69.665	0.2262715
69.67	0.225492
69.675	0.2245626
69.68	0.2232048
69.685	0.2217366
69.69	0.2203076
69.695	0.2188604
69.7	0.2174005
69.705	0.2158974
69.71	0.2143714
69.715	0.2128059
69.72	0.2112095
69.725	0.2091738
69.73	0.2068482
69.735	0.2045092
69.74	0.2021608
69.745	0.1997961
69.75	0.1973178
69.755	0.1942995
69.76	0.1912042
69.765	0.1881138
69.77	0.1849918
69.775	0.1818877
69.78	0.1785994
69.785	0.1748604
69.79	0.1710903
69.795	0.1673516
69.8	0.1634031
69.805	0.1593358
69.81	0.1553449
69.815	0.1516197
69.82	0.1481886
69.825	0.1450063
69.83	0.1418564
69.835	0.1388994
69.84	0.1362301
69.845	0.1336706
69.85	0.1310313
69.855	0.1284779
69.86	0.1259743
69.865	0.1236227
69.87	0.1217181
69.875	0.1197848
69.88	0.117968
69.885	0.1165497
69.89	0.1152276
69.895	0.1139213
69.9	0.1126476
69.905	0.1113145
69.91	0.1099994
69.915	0.1086792
69.92	0.1073802
69.925	0.1060246
69.93	0.1050667
69.935	0.1041323
69.94	0.1030969
69.945	0.1019859
69.95	0.1008322
69.955	0.09971864
69.96	0.09909471
69.965	0.09850593
69.97	0.09770787
69.975	0.09679013
69.98	0.09587939
69.985	0.09507517
69.99	0.09464603
69.995	0.09420391
70	0.09369773
70.005	0.09332592
70.01	0.09297097
70.015	0.09262614
70.02	0.09229803
70.025	0.09193939
70.03	0.09151149
70.035	0.09114066
70.04	0.09077255
70.045	0.09041867
70.05	0.09006405
70.055	0.08964309
70.06	0.08911759
70.065	0.08849518
70.07	0.08790937
70.075	0.08715179
70.08	0.08640232
70.085	0.08563474
70.09	0.08481961
70.095	0.08400155
70.1	0.08304913
70.105	0.08197108
70.11	0.08091088
70.115	0.07983424
70.12	0.07875284
70.125	0.07763862
70.13	0.0765083
70.135	0.07540096
70.14	0.07449951
70.145	0.07365929
70.15	0.07285098
70.155	0.07207759
70.16	0.07132092
70.165	0.07056326
70.17	0.06979593
70.175	0.06914536
70.18	0.06868163
70.185	0.06820689
70.19	0.06785221
70.195	0.06748601
70.2	0.06713882
70.205	0.06683541
70.21	0.0665367
70.215	0.06623818
70.22	0.06591886
70.225	0.06559724
70.23	0.06528572
70.235	0.06497925
70.24	0.06464633
70.245	0.06430521
70.25	0.06395411
70.255	0.06359248
70.26	0.06333025
70.265	0.06313583
70.27	0.06300737
70.275	0.06288502
70.28	0.06281681
70.285	0.06271464
70.29	0.06260852
70.295	0.0625595
70.3	0.06246195
70.305	0.06243911
70.31	0.06249385
70.315	0.06256791
70.32	0.06265962
70.325	0.06278609
70.33	0.06295601
70.335	0.06312189
70.34	0.06329344
70.345	0.06346039
70.35	0.0636371
70.355	0.06381443
70.36	0.06399897
70.365	0.06419187
70.37	0.06437069
70.375	0.06451068
70.38	0.06467244
70.385	0.0646388
70.39	0.06456669
70.395	0.06429791
70.4	0.06407024
70.405	0.06383691
70.41	0.06360838
70.415	0.06337445
70.42	0.06313592
70.425	0.06291912
70.43	0.06268315
70.435	0.06246837
70.44	0.06230041
70.445	0.0620863
70.45	0.06182957
70.455	0.06159102
70.46	0.06130509
70.465	0.06103042
70.47	0.06075588
70.475	0.06047272
70.48	0.06018449
70.485	0.05994939
70.49	0.05974967
70.495	0.05961539
70.5	0.05942518
70.505	0.05927589
70.51	0.05924498
70.515	0.05929445
70.52	0.05940963
70.525	0.0595077
70.53	0.05961372
70.535	0.05977906
70.54	0.06007121
70.545	0.06026903
70.55	0.06053749
70.555	0.06083737
70.56	0.061185
70.565	0.06152287
70.57	0.06194759
70.575	0.06247075
70.58	0.0630136
70.585	0.06358996
70.59	0.06433256
70.595	0.06510276
70.6	0.0659286
70.605	0.0666607
70.61	0.06736189
70.615	0.06807482
70.62	0.06877596
70.625	0.06947149
70.63	0.07015443
70.635	0.07084436
70.64	0.07150403
70.645	0.07212531
70.65	0.07277469
70.655	0.07345693
70.66	0.07412585
70.665	0.07483273
70.67	0.0755294
70.675	0.07622213
70.68	0.0769075
70.685	0.07758679
70.69	0.0782439
70.695	0.07885989
70.7	0.0793839
70.705	0.07990393
70.71	0.08038531
70.715	0.08071513
70.72	0.0809264
70.725	0.08104929
70.73	0.08116209
70.735	0.08121959
70.74	0.08110915
70.745	0.08087686
70.75	0.08063727
70.755	0.08029132
70.76	0.0798669
70.765	0.07936767
70.77	0.07882112
70.775	0.0781165
70.78	0.07725717
70.785	0.07637771
70.79	0.07540765
70.795	0.07430009
70.8	0.07316304
70.805	0.0720204
70.81	0.07088907
70.815	0.06974755
70.82	0.06854185
70.825	0.06730147
70.83	0.06603801
70.835	0.06475649
70.84	0.06344795
70.845	0.06212024
70.85	0.06079356
70.855	0.05943824
70.86	0.05804295
70.865	0.05662779
70.87	0.05516955
70.875	0.05369208
70.88	0.05216745
70.885	0.05061013
70.89	0.04901527
70.895	0.04738338
70.9	0.04573287
70.905	0.04410885
70.91	0.04245274
70.915	0.04077143
70.92	0.03915494
70.925	0.03759457
70.93	0.0360581
70.935	0.03447021
70.94	0.03289069
70.945	0.03150706
70.95	0.03022736
70.955	0.02903425
70.96	0.02794455
70.965	0.02694556
70.97	0.0260539
70.975	0.02523815
70.98	0.02465074
70.985	0.02427697
70.99	0.02393346
70.995	0.02372295
71	0.02370696
71.005	0.02371431
71.01	0.0237413
71.015	0.02379527
71.02	0.02386198
71.025	0.02401731
71.03	0.02421775
71.035	0.02442316
71.04	0.02461302
71.045	0.02479759
71.05	0.02499262
71.055	0.02515157
71.06	0.0253164
71.065	0.02545014
71.07	0.02553993
71.075	0.02563783
71.08	0.02570596
71.085	0.02580567
71.09	0.02588668
71.095	0.02592873
71.1	0.0259446
71.105	0.0259602
71.11	0.02594167
71.115	0.02592461
71.12	0.02591601
71.125	0.02592715
71.13	0.02594357
71.135	0.02597276
71.14	0.02600936
71.145	0.02603897
71.15	0.02603134
71.155	0.02602683
71.16	0.02598082
71.165	0.02593672
71.17	0.02588357
71.175	0.02576009
71.18	0.02564471
71.185	0.02552628
71.19	0.02541414
71.195	0.02529738
71.2	0.02517423
71.205	0.02505573
71.21	0.02492772
71.215	0.02478103
71.22	0.02465689
71.225	0.02452998
71.23	0.02437344
71.235	0.02421125
71.24	0.02403818
71.245	0.02387393
71.25	0.02370993
71.255	0.0235448
71.26	0.02339605
71.265	0.02322304
71.27	0.02306898
71.275	0.02293873
71.28	0.02280755
71.285	0.02268803
71.29	0.02250883
71.295	0.02244057
71.3	0.02239806
71.305	0.02238285
71.31	0.02235232
71.315	0.02237258
71.32	0.02239496
71.325	0.02253181
71.33	0.02266346
71.335	0.02285845
71.34	0.02310173
71.345	0.02350244
71.35	0.02390802
71.355	0.024329
71.36	0.02484638
71.365	0.02536789
71.37	0.02588978
71.375	0.02641209
71.38	0.02714593
71.385	0.02811082
71.39	0.02937864
71.395	0.0306801
71.4	0.03194714
71.405	0.03334019
71.41	0.03488631
71.415	0.03639773
71.42	0.03799
71.425	0.03950062
71.43	0.04103678
71.435	0.04261841
71.44	0.04413897
71.445	0.04583952
71.45	0.04761877
71.455	0.04941961
71.46	0.05115897
71.465	0.05286783
71.47	0.05452953
71.475	0.0562026
71.48	0.05782762
71.485	0.05941025
71.49	0.06095827
71.495	0.06247997
71.5	0.06388862
71.505	0.0652649
71.51	0.0666241
71.515	0.06802133
71.52	0.06945491
71.525	0.07087277
71.53	0.07219124
71.535	0.07349032
71.54	0.07473047
71.545	0.07593022
71.55	0.07708419
71.555	0.07821867
71.56	0.07933241
71.565	0.08036572
71.57	0.08141338
71.575	0.08243957
71.58	0.08357037
71.585	0.08456726
71.59	0.08544812
71.595	0.0861236
71.6	0.08673349
71.605	0.08744064
71.61	0.08806219
71.615	0.08855725
71.62	0.08910437
71.625	0.0896268
71.63	0.09015618
71.635	0.09079814
71.64	0.09135274
71.645	0.09232079
71.65	0.09346217
71.655	0.09465374
71.66	0.09628622
71.665	0.09971597
71.67	0.1039148
71.675	0.1084573
71.68	0.1129905
71.685	0.1173485
71.69	0.1216482
71.695	0.1259027
71.7	0.1302458
71.705	0.1345743
71.71	0.1388492
71.715	0.1431314
71.72	0.1473321
71.725	0.1513517
71.73	0.1552646
71.735	0.1590964
71.74	0.162897
71.745	0.1666931
71.75	0.170402
71.755	0.1741249
71.76	0.1778112
71.765	0.181422
71.77	0.1849971
71.775	0.1885101
71.78	0.1920942
71.785	0.1956056
71.79	0.1991079
71.795	0.2025298
71.8	0.2059474
71.805	0.2093497
71.81	0.2127302
71.815	0.216046
71.82	0.2193298
71.825	0.2225122
71.83	0.2256152
71.835	0.2286984
71.84	0.2316093
71.845	0.2345089
71.85	0.2371143
71.855	0.2394281
71.86	0.2415872
71.865	0.2433219
71.87	0.2435818
71.875	0.2430749
71.88	0.2421144
71.885	0.2409705
71.89	0.2398229
71.895	0.238571
71.9	0.2372386
71.905	0.2356766
71.91	0.2339831
71.915	0.2321899
71.92	0.2302108
71.925	0.2281164
71.93	0.2260511
71.935	0.2239643
71.94	0.221883
71.945	0.2197227
71.95	0.2175479
71.955	0.2153705
71.96	0.2129788
71.965	0.2104913
71.97	0.2080216
71.975	0.2054981
71.98	0.2029046
71.985	0.2000207
71.99	0.1969612
71.995	0.1937981
72	0.1906314
72.005	0.1873615
72.01	0.183975
72.015	0.1802879
72.02	0.1765434
72.025	0.1727835
72.03	0.1689725
72.035	0.1650855
72.04	0.1610732
72.045	0.1571597
72.05	0.1531412
72.055	0.1491228
72.06	0.145287
72.065	0.1414841
72.07	0.1379749
72.075	0.1356752
72.08	0.1340409
72.085	0.1328424
72.09	0.1317453
72.095	0.1306483
72.1	0.1296508
72.105	0.1286667
72.11	0.1278071
72.115	0.1270503
72.12	0.1263688
72.125	0.1258328
72.13	0.1253694
72.135	0.1248204
72.14	0.1243058
72.145	0.1237161
72.15	0.1230984
72.155	0.1221407
72.16	0.1211236
72.165	0.1202975
72.17	0.1195423
72.175	0.1186258
72.18	0.1177014
72.185	0.1168267
72.19	0.1161693
72.195	0.1156624
72.2	0.1152002
72.205	0.1146716
72.21	0.1141853
72.215	0.1137391
72.22	0.1135414
72.225	0.1133476
72.23	0.1128996
72.235	0.1124758
72.24	0.1120768
72.245	0.1116646
72.25	0.1109948
72.255	0.1102715
72.26	0.1095527
72.265	0.1086721
72.27	0.1077833
72.275	0.106858
72.28	0.1059271
72.285	0.1050273
72.29	0.1040091
72.295	0.1030515
72.3	0.1020544
72.305	0.1010268
72.31	0.09995548
72.315	0.09892181
72.32	0.09788005
72.325	0.09678754
72.33	0.09568816
72.335	0.09459782
72.34	0.09354411
72.345	0.09242967
72.35	0.09132719
72.355	0.09039583
72.36	0.0897675
72.365	0.08915232
72.37	0.08851339
72.375	0.08782768
72.38	0.08722776
72.385	0.08663664
72.39	0.08598415
72.395	0.08532054
72.4	0.08463886
72.405	0.08398227
72.41	0.08336848
72.415	0.08279763
72.42	0.08223092
72.425	0.08160916
72.43	0.08098939
72.435	0.08057411
72.44	0.08015418
72.445	0.07972061
72.45	0.07927346
72.455	0.0789875
72.46	0.07876298
72.465	0.07858557
72.47	0.07858376
72.475	0.07863013
72.48	0.07857894
72.485	0.07853977
72.49	0.07837917
72.495	0.0783108
72.5	0.07822651
72.505	0.07815433
72.51	0.07808222
72.515	0.07804816
72.52	0.07805291
72.525	0.07805833
72.53	0.07809309
72.535	0.07811448
72.54	0.07813552
72.545	0.07810726
72.55	0.07799557
72.555	0.07790927
72.56	0.07754786
72.565	0.07716277
72.57	0.0767952
72.575	0.07644007
72.58	0.07610804
72.585	0.0757899
72.59	0.07545595
72.595	0.07515678
72.6	0.07487639
72.605	0.07460791
72.61	0.07425582
72.615	0.07390718
72.62	0.0734678
72.625	0.07299724
72.63	0.07258027
72.635	0.07214498
72.64	0.07172668
72.645	0.07123628
72.65	0.07074815
72.655	0.07019618
72.66	0.06963531
72.665	0.06904295
72.67	0.06847336
72.675	0.06782114
72.68	0.06709629
72.685	0.0664577
72.69	0.06579149
72.695	0.06519704
72.7	0.06455315
72.705	0.06387749
72.71	0.06322405
72.715	0.06249533
72.72	0.06177764
72.725	0.06097294
72.73	0.06014826
72.735	0.05932292
72.74	0.05850276
72.745	0.05768073
72.75	0.05690406
72.755	0.05633711
72.76	0.05587359
72.765	0.05564253
72.77	0.05546317
72.775	0.05550475
72.78	0.05590228
72.785	0.05654571
72.79	0.05759494
72.795	0.05910909
72.8	0.06098082
72.805	0.06327816
72.81	0.06587081
72.815	0.06880545
72.82	0.07208412
72.825	0.07554194
72.83	0.07908252
72.835	0.08267972
72.84	0.08658697
72.845	0.09070902
72.85	0.09491624
72.855	0.09920491
72.86	0.1036776
72.865	0.1082141
72.87	0.1127677
72.875	0.1173915
72.88	0.1220305
72.885	0.1266346
72.89	0.1312265
72.895	0.1357505
72.9	0.1401498
72.905	0.1444443
72.91	0.1486486
72.915	0.1527532
72.92	0.1567792
72.925	0.160711
72.93	0.1645661
72.935	0.1683379
72.94	0.1720309
72.945	0.1756512
72.95	0.1792213
72.955	0.1827661
72.96	0.1862113
72.965	0.1895563
72.97	0.1928629
72.975	0.1961333
72.98	0.1992817
72.985	0.2022292
72.99	0.2050424
72.995	0.207639
73	0.2099738
73.005	0.2120896
73.01	0.2139264
73.015	0.2155528
73.02	0.2169574
73.025	0.2180738
73.03	0.2190179
73.035	0.2198274
73.04	0.2204856
73.045	0.2208297
73.05	0.2208543
73.055	0.2206683
73.06	0.2202577
73.065	0.2195737
73.07	0.218659
73.075	0.2175414
73.08	0.2161552
73.085	0.2145457
73.09	0.2127572
73.095	0.2107741
73.1	0.2086739
73.105	0.2065231
73.11	0.2043242
73.115	0.2020622
73.12	0.1997336
73.125	0.1973689
73.13	0.1949727
73.135	0.1925487
73.14	0.1900913
73.145	0.1875939
73.15	0.1850545
73.155	0.1824328
73.16	0.1796818
73.165	0.176853
73.17	0.1739375
73.175	0.1708897
73.18	0.1677028
73.185	0.164391
73.19	0.1610231
73.195	0.1575509
73.2	0.1540145
73.205	0.1504954
73.21	0.1469644
73.215	0.1434461
73.22	0.1399102
73.225	0.13636
73.23	0.1328587
73.235	0.1293364
73.24	0.1257665
73.245	0.1221413
73.25	0.1185772
73.255	0.1151731
73.26	0.1118738
73.265	0.1086798
73.27	0.1056218
73.275	0.1026882
73.28	0.09988497
73.285	0.0972853
73.29	0.09486498
73.295	0.09258342
73.3	0.09044556
73.305	0.08836546
73.31	0.08626399
73.315	0.0841509
73.32	0.08202617
73.325	0.07989354
73.33	0.07771493
73.335	0.0754759
73.34	0.07315518
73.345	0.07075336
73.35	0.0682732
73.355	0.06571583
73.36	0.06312229
73.365	0.06055635
73.37	0.05798925
73.375	0.0554282
73.38	0.05290122
73.385	0.05042024
73.39	0.04805532
73.395	0.04574069
73.4	0.04352666
73.405	0.04146124
73.41	0.03941942
73.415	0.03742366
73.42	0.03557972
73.425	0.0338768
73.43	0.03233667
73.435	0.03096336
73.44	0.02972297
73.445	0.02862293
73.45	0.02778298
73.455	0.02731157
73.46	0.02693917
73.465	0.02658502
73.47	0.02629469
73.475	0.02614967
73.48	0.02607665
73.485	0.02600773
73.49	0.0259602
73.495	0.02593621
73.5	0.02592845
73.505	0.02595755
73.51	0.02600143
73.515	0.02606783
73.52	0.02604199
73.525	0.02605173
73.53	0.02608155
73.535	0.02610913
73.54	0.02614072
73.545	0.0262265
73.55	0.02632827
73.555	0.02643957
73.56	0.02654033
73.565	0.02663138
73.57	0.02672484
73.575	0.0267933
73.58	0.02688121
73.585	0.02695561
73.59	0.0269835
73.595	0.02699412
73.6	0.02702871
73.605	0.02705567
73.61	0.02708154
73.615	0.02713789
73.62	0.02723774
73.625	0.02734172
73.63	0.02739077
73.635	0.02743897
73.64	0.02751056
73.645	0.02758876
73.65	0.0276598
73.655	0.02767782
73.66	0.02761379
73.665	0.02756051
73.67	0.02751525
73.675	0.02747538
73.68	0.02745762
73.685	0.0274492
73.69	0.02743953
73.695	0.02742777
73.7	0.02739743
73.705	0.02737905
73.71	0.02731267
73.715	0.0272436
73.72	0.02717156
73.725	0.02716634
73.73	0.02713319
73.735	0.02711694
73.74	0.02710325
73.745	0.02708455
73.75	0.02698954
73.755	0.02691524
73.76	0.02684589
73.765	0.02676329
73.77	0.02686755
73.775	0.02717031
73.78	0.02748448
73.785	0.02789958
73.79	0.02856984
73.795	0.02924785
73.8	0.02992611
73.805	0.03062781
73.81	0.03132124
73.815	0.03209459
73.82	0.03285203
73.825	0.03355587
73.83	0.03424064
73.835	0.03494427
73.84	0.03563508
73.845	0.03629434
73.85	0.03708866
73.855	0.037872
73.86	0.03865212
73.865	0.03952293
73.87	0.04045109
73.875	0.04141696
73.88	0.0424122
73.885	0.04336443
73.89	0.04428718
73.895	0.04519805
73.9	0.04616571
73.905	0.04711834
73.91	0.04827679
73.915	0.04943277
73.92	0.05060356
73.925	0.05174445
73.93	0.05287125
73.935	0.05405034
73.94	0.05519956
73.945	0.05634284
73.95	0.05746991
73.955	0.05861689
73.96	0.05974783
73.965	0.06094114
73.97	0.062142
73.975	0.063339
73.98	0.06439781
73.985	0.0654402
73.99	0.06647364
73.995	0.06728014
74	0.06812266
74.005	0.06896915
74.01	0.06980964
74.015	0.07064589
74.02	0.07149609
74.025	0.07247997
74.03	0.07347016
74.035	0.0744472
74.04	0.07543904
74.045	0.07643277
74.05	0.07743743
74.055	0.078327
74.06	0.07927743
74.065	0.08054353
74.07	0.08272249
74.075	0.08532001
74.08	0.08829395
74.085	0.09128596
74.09	0.094177
74.095	0.09701567
74.1	0.09981842
74.105	0.1025158
74.11	0.105272
74.115	0.1077481
74.12	0.1101716
74.125	0.1125408
74.13	0.1149352
74.135	0.117338
74.14	0.11964
74.145	0.122003
74.15	0.1243139
74.155	0.1265779
74.16	0.1288671
74.165	0.1310969
74.17	0.1332101
74.175	0.1353966
74.18	0.1374733
74.185	0.1396303
74.19	0.1418944
74.195	0.1440778
74.2	0.1462811
74.205	0.1484165
74.21	0.1505106
74.215	0.1525576
74.22	0.1545721
74.225	0.1565118
74.23	0.1583993
74.235	0.1603568
74.24	0.1622925
74.245	0.1642199
74.25	0.1661131
74.255	0.1680167
74.26	0.1699324
74.265	0.1717793
74.27	0.1733073
74.275	0.1740008
74.28	0.1741778
74.285	0.1738666
74.29	0.1734063
74.295	0.1730329
74.3	0.1726238
74.305	0.1721713
74.31	0.1716949
74.315	0.1710927
74.32	0.1705726
74.325	0.170065
74.33	0.1695302
74.335	0.1689001
74.34	0.1681687
74.345	0.1674537
74.35	0.1666397
74.355	0.1658153
74.36	0.1650584
74.365	0.1642043
74.37	0.1633649
74.375	0.1625671
74.38	0.1615577
74.385	0.1605438
74.39	0.1593465
74.395	0.1578882
74.4	0.1564317
74.405	0.1549912
74.41	0.1535434
74.415	0.1520811
74.42	0.1506411
74.425	0.1492072
74.43	0.1477958
74.435	0.1462171
74.44	0.1444105
74.445	0.1426129
74.45	0.1407041
74.455	0.1387808
74.46	0.1367249
74.465	0.1345832
74.47	0.1324087
74.475	0.13041
74.48	0.1287181
74.485	0.1273726
74.49	0.1263367
74.495	0.1254045
74.5	0.1242431
74.505	0.123093
74.51	0.121951
74.515	0.1208389
74.52	0.1197529
74.525	0.1186722
74.53	0.1175253
74.535	0.1163791
74.54	0.1152868
74.545	0.1142786
74.55	0.1132788
74.555	0.1122777
74.56	0.1113191
74.565	0.1101547
74.57	0.1089798
74.575	0.1078046
74.58	0.1065762
74.585	0.1055292
74.59	0.1045286
74.595	0.103649
74.6	0.1029831
74.605	0.1022907
74.61	0.101482
74.615	0.1006873
74.62	0.0998935
74.625	0.09907369
74.63	0.09820756
74.635	0.09723967
74.64	0.0964444
74.645	0.09578181
74.65	0.09501638
74.655	0.09433952
74.66	0.09363996
74.665	0.09302588
74.67	0.0924288
74.675	0.09187087
74.68	0.09130793
74.685	0.09095913
74.69	0.09059242
74.695	0.09023614
74.7	0.08981351
74.705	0.08950766
74.71	0.08920299
74.715	0.08887905
74.72	0.08851521
74.725	0.08816641
74.73	0.08768729
74.735	0.08726561
74.74	0.086865
74.745	0.08645239
74.75	0.08600741
74.755	0.08548156
74.76	0.08492907
74.765	0.08425837
74.77	0.08373839
74.775	0.0832804
74.78	0.08276391
74.785	0.08228353
74.79	0.08173303
74.795	0.08113441
74.8	0.08054202
74.805	0.07988155
74.81	0.07933062
74.815	0.07903272
74.82	0.07873467
74.825	0.07845682
74.83	0.07807767
74.835	0.07770998
74.84	0.07742683
74.845	0.07711279
74.85	0.07683608
74.855	0.07661286
74.86	0.07635137
74.865	0.07610001
74.87	0.07581669
74.875	0.07555547
74.88	0.07524386
74.885	0.07485947
74.89	0.07453304
74.895	0.07423209
74.9	0.07393607
74.905	0.07370033
74.91	0.07353432
74.915	0.07340965
74.92	0.07330498
74.925	0.07323273
74.93	0.07318994
74.935	0.07323669
74.94	0.07335404
74.945	0.07349893
74.95	0.07365301
74.955	0.07384604
74.96	0.07410599
74.965	0.07436959
74.97	0.07469833
74.975	0.07494384
74.98	0.07519829
74.985	0.07546614
74.99	0.07573216
74.995	0.07609152
75	0.07644667
75.005	0.0768442
75.01	0.07726889
75.015	0.07753008
75.02	0.07742142
75.025	0.07728528
75.03	0.07710273
75.035	0.07698561
75.04	0.07686747
75.045	0.07674254
75.05	0.07662737
75.055	0.07647306
75.06	0.07632299
75.065	0.07622823
75.07	0.07621108
75.075	0.07622447
75.08	0.07624572
75.085	0.07627129
75.09	0.0763636
75.095	0.0764054
75.1	0.07640639
75.105	0.07642277
75.11	0.07644878
75.115	0.07642148
75.12	0.07632888
75.125	0.07624931
75.13	0.07616651
75.135	0.07608359
75.14	0.07599439
75.145	0.07568168
75.15	0.07528914
75.155	0.07495624
75.16	0.07465496
75.165	0.07444333
75.17	0.0745261
75.175	0.07492334
75.18	0.07583661
75.185	0.07730191
75.19	0.07927215
75.195	0.08183804
75.2	0.08488484
75.205	0.08859192
75.21	0.09316483
75.215	0.09859511
75.22	0.1047849
75.225	0.111547
75.23	0.1185895
75.235	0.1259588
75.24	0.1336751
75.245	0.1416517
75.25	0.1498271
75.255	0.1581745
75.26	0.1666177
75.265	0.1750781
75.27	0.1835079
75.275	0.1918108
75.28	0.1999947
75.285	0.2080004
75.29	0.2158213
75.295	0.2234347
75.3	0.2308165
75.305	0.2379836
75.31	0.2449332
75.315	0.2516854
75.32	0.2582739
75.325	0.2647311
75.33	0.2710834
75.335	0.2773821
75.34	0.2836608
75.345	0.2898859
75.35	0.2960989
75.355	0.3023058
75.36	0.3084716
75.365	0.3145673
75.37	0.320587
75.375	0.3264739
75.38	0.3321735
75.385	0.3376264
75.39	0.3427974
75.395	0.3477156
75.4	0.3523113
75.405	0.3565842
75.41	0.3604854
75.415	0.3638324
75.42	0.366599
75.425	0.3688159
75.43	0.3705665
75.435	0.3719072
75.44	0.3727836
75.445	0.3731356
75.45	0.3729783
75.455	0.3723281
75.46	0.3711746
75.465	0.3695634
75.47	0.3675433
75.475	0.365139
75.48	0.3624169
75.485	0.3594191
75.49	0.3562295
75.495	0.3528825
75.5	0.3494067
75.505	0.345853
75.51	0.342257
75.515	0.3386272
75.52	0.3349603
75.525	0.331236
75.53	0.3274276
75.535	0.3234873
75.54	0.3193354
75.545	0.3149113
75.55	0.3102745
75.555	0.3054012
75.56	0.3002224
75.565	0.2947298
75.57	0.2889624
75.575	0.2829048
75.58	0.2765694
75.585	0.2700281
75.59	0.2632992
75.595	0.2563972
75.6	0.2492902
75.605	0.2420422
75.61	0.2346852
75.615	0.2272439
75.62	0.2199061
75.625	0.2127224
75.63	0.2056907
75.635	0.1987788
75.64	0.1919545
75.645	0.1852817
75.65	0.1788644
75.655	0.1727366
75.66	0.1669165
75.665	0.161452
75.67	0.1563316
75.675	0.1515183
75.68	0.1469796
75.685	0.1426827
75.69	0.1385768
75.695	0.1345545
75.7	0.1305782
75.705	0.1266132
75.71	0.1226041
75.715	0.1184534
75.72	0.1141478
75.725	0.1096715
75.73	0.1050348
75.735	0.1002445
75.74	0.09536473
75.745	0.09051314
75.75	0.08578969
75.755	0.08106691
75.76	0.07638527
75.765	0.07187516
75.77	0.06758747
75.775	0.06347232
75.78	0.0595483
75.785	0.05587227
75.79	0.05231297
75.795	0.04893847
75.8	0.04579744
75.805	0.04297157
75.81	0.04044793
75.815	0.03815151
75.82	0.03611256
75.825	0.03427682
75.83	0.03265653
75.835	0.03128408
75.84	0.03008273
75.845	0.02907215
75.85	0.02830628
75.855	0.02770883
75.86	0.02720384
75.865	0.02675886
75.87	0.0263712
75.875	0.02599413
75.88	0.02564311
75.885	0.02544651
75.89	0.02532869
75.895	0.02524033
75.9	0.02520788
75.905	0.02517908
75.91	0.02515708
75.915	0.02509938
75.92	0.02507021
75.925	0.02501703
75.93	0.02502615
75.935	0.02516248
75.94	0.02533416
75.945	0.02549732
75.95	0.02566109
75.955	0.02582238
75.96	0.02603819
75.965	0.02628507
75.97	0.02655667
75.975	0.02683248
75.98	0.02705821
75.985	0.02729331
75.99	0.02753114
75.995	0.02781998
76	0.02821095
76.005	0.02862701
76.01	0.02907593
76.015	0.02948222
76.02	0.02989225
76.025	0.03031845
76.03	0.03074637
76.035	0.031145
76.04	0.03159049
76.045	0.03215092
76.05	0.03270376
76.055	0.03325293
76.06	0.03378488
76.065	0.03430519
76.07	0.03481922
76.075	0.0353354
76.08	0.0358866
76.085	0.03642799
76.09	0.03696944
76.095	0.03752217
76.1	0.03808387
76.105	0.03862931
76.11	0.03921676
76.115	0.0398009
76.12	0.04045196
76.125	0.04117153
76.13	0.04188347
76.135	0.04257845
76.14	0.0431339
76.145	0.04368661
76.15	0.04431101
76.155	0.04492787
76.16	0.0455546
76.165	0.04614021
76.17	0.04670394
76.175	0.04725589
76.18	0.04779214
76.185	0.04836465
76.19	0.04900775
76.195	0.04964317
76.2	0.05021258
76.205	0.0506568
76.21	0.05106092
76.215	0.05146761
76.22	0.05190834
76.225	0.052338
76.23	0.05276464
76.235	0.05322494
76.24	0.05388433
76.245	0.05445108
76.25	0.0548751
76.255	0.05531671
76.26	0.05574206
76.265	0.05619937
76.27	0.05667491
76.275	0.0571633
76.28	0.05766023
76.285	0.05813995
76.29	0.0586446
76.295	0.05915364
76.3	0.05962582
76.305	0.06034257
76.31	0.06145146
76.315	0.06249422
76.32	0.06352359
76.325	0.06445403
76.33	0.06537934
76.335	0.06632285
76.34	0.06727498
76.345	0.06825555
76.35	0.06921684
76.355	0.0700661
76.36	0.07090325
76.365	0.07171219
76.37	0.07252742
76.375	0.07333575
76.38	0.07416529
76.385	0.07519144
76.39	0.07617616
76.395	0.07704295
76.4	0.0780818
76.405	0.07915154
76.41	0.08024968
76.415	0.08134353
76.42	0.08237674
76.425	0.08346731
76.43	0.08485679
76.435	0.08625224
76.44	0.08767966
76.445	0.08903441
76.45	0.09041353
76.455	0.09182339
76.46	0.09319692
76.465	0.09456743
76.47	0.0958996
76.475	0.09727992
76.48	0.09862305
76.485	0.09993534
76.49	0.1011904
76.495	0.1024442
76.5	0.1036841
76.505	0.1049879
76.51	0.1060298
76.515	0.1066017
76.52	0.1073262
76.525	0.1080558
76.53	0.1089359
76.535	0.1098009
76.54	0.1108596
76.545	0.1118517
76.55	0.1128772
76.555	0.1140811
76.56	0.1153932
76.565	0.1172044
76.57	0.1189848
76.575	0.1207672
76.58	0.122631
76.585	0.1245138
76.59	0.1261664
76.595	0.1279954
76.6	0.1298455
76.605	0.1314487
76.61	0.1329983
76.615	0.1345633
76.62	0.1361188
76.625	0.13774
76.63	0.1392395
76.635	0.1403479
76.64	0.1414526
76.645	0.1424414
76.65	0.1432941
76.655	0.1441297
76.66	0.1449876
76.665	0.1458671
76.67	0.1468661
76.675	0.1479715
76.68	0.1489669
76.685	0.1500246
76.69	0.1510647
76.695	0.152165
76.7	0.1533076
76.705	0.154477
76.71	0.1555471
76.715	0.1566614
76.72	0.1579295
76.725	0.158995
76.73	0.160062
76.735	0.1609906
76.74	0.161863
76.745	0.1624265
76.75	0.1630666
76.755	0.1636715
76.76	0.1640196
76.765	0.1642415
76.77	0.1637333
76.775	0.1632294
76.78	0.1626954
76.785	0.1620083
76.79	0.1611906
76.795	0.1604041
76.8	0.1593117
76.805	0.1582121
76.81	0.1572197
76.815	0.1562355
76.82	0.1551879
76.825	0.154143
76.83	0.1529736
76.835	0.1518605
76.84	0.1509289
76.845	0.1499335
76.85	0.1489894
76.855	0.1481056
76.86	0.1472223
76.865	0.146343
76.87	0.1454782
76.875	0.1443534
76.88	0.1429909
76.885	0.1416791
76.89	0.1402265
76.895	0.1387706
76.9	0.1372006
76.905	0.1354394
76.91	0.1335565
76.915	0.1317041
76.92	0.1298742
76.925	0.1280033
76.93	0.126241
76.935	0.1243966
76.94	0.1225226
76.945	0.1206477
76.95	0.1189671
76.955	0.1171542
76.96	0.1152799
76.965	0.1135589
76.97	0.1119017
76.975	0.1107602
76.98	0.1096508
76.985	0.1085286
76.99	0.1074663
76.995	0.1065098
77	0.1055853
77.005	0.1048762
77.01	0.1041211
77.015	0.1032984
77.02	0.1024718
77.025	0.1017154
77.03	0.1008911
77.035	0.1001459
77.04	0.09932239
77.045	0.09844831
77.05	0.09762844
77.055	0.09689684
77.06	0.09617622
77.065	0.09542456
77.07	0.09449631
77.075	0.09339139
77.08	0.09246289
77.085	0.09165971
77.09	0.09079759
77.095	0.09001608
77.1	0.08922812
77.105	0.0885057
77.11	0.08799293
77.115	0.08753663
77.12	0.08712313
77.125	0.08658357
77.13	0.08605503
77.135	0.08547345
77.14	0.08494026
77.145	0.08449681
77.15	0.08407717
77.155	0.08362631
77.16	0.0831394
77.165	0.08269045
77.17	0.08222498
77.175	0.0817668
77.18	0.08130365
77.185	0.08071146
77.19	0.08010274
77.195	0.0795371
77.2	0.07896634
77.205	0.07842039
77.21	0.07784866
77.215	0.07727798
77.22	0.07674403
77.225	0.07620301
77.23	0.0755619
77.235	0.07497001
77.24	0.07437483
77.245	0.0738528
77.25	0.0733683
77.255	0.07287793
77.26	0.07212633
77.265	0.07136367
77.27	0.07062653
77.275	0.07001999
77.28	0.06951307
77.285	0.06894901
77.29	0.06843235
77.295	0.06795774
77.3	0.06749986
77.305	0.06704097
77.31	0.06661656
77.315	0.06596251
77.32	0.06532609
77.325	0.06457505
77.33	0.06394701
77.335	0.0633058
77.34	0.06270134
77.345	0.06208793
77.35	0.06146612
77.355	0.06082129
77.36	0.06019455
77.365	0.05965285
77.37	0.05912031
77.375	0.05859475
77.38	0.05808906
77.385	0.05766239
77.39	0.05732852
77.395	0.0570242
77.4	0.05670308
77.405	0.0563716
77.41	0.05598741
77.415	0.05564305
77.42	0.05533305
77.425	0.05502309
77.43	0.05471164
77.435	0.05442592
77.44	0.05412075
77.445	0.05383554
77.45	0.05349868
77.455	0.05312042
77.46	0.05272317
77.465	0.05250388
77.47	0.05230658
77.475	0.05210224
77.48	0.05186879
77.485	0.05168971
77.49	0.05157929
77.495	0.05147535
77.5	0.0514609
77.505	0.05146935
77.51	0.05150795
77.515	0.05151884
77.52	0.05179788
77.525	0.05217381
77.53	0.05263611
77.535	0.05305064
77.54	0.05351915
77.545	0.05417557
77.55	0.0549597
77.555	0.05582196
77.56	0.05675049
77.565	0.05782669
77.57	0.05907853
77.575	0.06036341
77.58	0.06168223
77.585	0.06294515
77.59	0.06406991
77.595	0.0652027
77.6	0.06636157
77.605	0.06755575
77.61	0.06878606
77.615	0.07003853
77.62	0.07127877
77.625	0.07251944
77.63	0.07378934
77.635	0.07509136
77.64	0.07640321
77.645	0.07771343
77.65	0.07900098
77.655	0.08029283
77.66	0.08158317
77.665	0.08286144
77.67	0.08411995
77.675	0.08535902
77.68	0.08657481
77.685	0.08779792
77.69	0.08898698
77.695	0.09015534
77.7	0.09130011
77.705	0.09233068
77.71	0.09328745
77.715	0.09419505
77.72	0.0950307
77.725	0.0957501
77.73	0.0963577
77.735	0.09687595
77.74	0.09740174
77.745	0.0978726
77.75	0.09811937
77.755	0.0982171
77.76	0.09819506
77.765	0.09811331
77.77	0.097835
77.775	0.09733516
77.78	0.09676209
77.785	0.09610155
77.79	0.09540614
77.795	0.09471565
77.8	0.09397161
77.805	0.09316271
77.81	0.09227719
77.815	0.09130537
77.82	0.09026825
77.825	0.08918602
77.83	0.08805411
77.835	0.08681426
77.84	0.08546938
77.845	0.08409134
77.85	0.08269376
77.855	0.08123581
77.86	0.07973322
77.865	0.07819649
77.87	0.07662133
77.875	0.07500918
77.88	0.07336178
77.885	0.07167126
77.89	0.069919
77.895	0.06812125
77.9	0.06628239
77.905	0.06439509
77.91	0.06252461
77.915	0.0606584
77.92	0.0587672
77.925	0.05690485
77.93	0.05507595
77.935	0.05328086
77.94	0.05154139
77.945	0.04971981
77.95	0.04787794
77.955	0.04619613
77.96	0.04461553
77.965	0.04311111
77.97	0.04158168
77.975	0.0402433
77.98	0.0391345
77.985	0.038071
77.99	0.03709933
77.995	0.03615497
78	0.03523996
78.005	0.03437211
78.01	0.03358144
78.015	0.0328693
78.02	0.03229402
78.025	0.03180734
78.03	0.03137431
78.035	0.03098277
78.04	0.03071561
78.045	0.03054592
78.05	0.03038645
78.055	0.03015209
78.06	0.02998546
78.065	0.0298393
78.07	0.02968043
78.075	0.0295498
78.08	0.02942843
78.085	0.02930516
78.09	0.02920219
78.095	0.02914391
78.1	0.0290989
78.105	0.02903986
78.11	0.02898487
78.115	0.02893185
78.12	0.02891335
78.125	0.02890132
78.13	0.02886653
78.135	0.02887618
78.14	0.02889949
78.145	0.02891311
78.15	0.02896581
78.155	0.02899269
78.16	0.02904241
78.165	0.02912436
78.17	0.02923655
78.175	0.0293878
78.18	0.02951727
78.185	0.02967668
78.19	0.02984698
78.195	0.03000786
78.2	0.03019743
78.205	0.03037129
78.21	0.03054456
78.215	0.030675
78.22	0.03080311
78.225	0.0308333
78.23	0.03082979
78.235	0.03082499
78.24	0.0308224
78.245	0.03083062
78.25	0.03086531
78.255	0.03090346
78.26	0.03093032
78.265	0.03095342
78.27	0.03098148
78.275	0.03101899
78.28	0.03103325
78.285	0.03106076
78.29	0.03108672
78.295	0.03114836
78.3	0.03121149
78.305	0.0312784
78.31	0.03135243
78.315	0.03143913
78.32	0.03152514
78.325	0.03155118
78.33	0.03156256
78.335	0.03160933
78.34	0.03157642
78.345	0.03151528
78.35	0.03146387
78.355	0.0314129
78.36	0.03140821
78.365	0.03144011
78.37	0.0314431
78.375	0.03143853
78.38	0.03145371
78.385	0.03147886
78.39	0.0314829
78.395	0.03150555
78.4	0.03153403
78.405	0.03154739
78.41	0.03155636
78.415	0.03157077
78.42	0.03161408
78.425	0.03165599
78.43	0.03175372
78.435	0.031871
78.44	0.03211569
78.445	0.03238372
78.45	0.03264874
78.455	0.03289043
78.46	0.03318329
78.465	0.03352373
78.47	0.0338657
78.475	0.03422495
78.48	0.03465497
78.485	0.03508417
78.49	0.03547667
78.495	0.03586319
78.5	0.03620298
78.505	0.03651988
78.51	0.03683328
78.515	0.03714981
78.52	0.03744604
78.525	0.03776178
78.53	0.03809855
78.535	0.03850713
78.54	0.0388905
78.545	0.03935921
78.55	0.03988812
78.555	0.04042691
78.56	0.04094229
78.565	0.04142499
78.57	0.04181518
78.575	0.04217557
78.58	0.04251627
78.585	0.0428967
78.59	0.04330431
78.595	0.04368415
78.6	0.0440804
78.605	0.04450205
78.61	0.04492577
78.615	0.04535592
78.62	0.04579587
78.625	0.0462535
78.63	0.04689942
78.635	0.04770085
78.64	0.0485377
78.645	0.04952469
78.65	0.0505547
78.655	0.05157032
78.66	0.05257188
78.665	0.05351955
78.67	0.05448681
78.675	0.05546016
78.68	0.05708058
78.685	0.05910782
78.69	0.06109621
78.695	0.06306712
78.7	0.06500362
78.705	0.06723158
78.71	0.06988597
78.715	0.07289821
78.72	0.07579865
78.725	0.07885884
78.73	0.08179853
78.735	0.08488707
78.74	0.08820909
78.745	0.09140139
78.75	0.09443946
78.755	0.09734187
78.76	0.1004819
78.765	0.1037801
78.77	0.1069998
78.775	0.1101477
78.78	0.1132203
78.785	0.1162222
78.79	0.1191881
78.795	0.122357
78.8	0.1256388
78.805	0.1288161
78.81	0.1319287
78.815	0.1350507
78.82	0.1381052
78.825	0.1410843
78.83	0.1440422
78.835	0.146973
78.84	0.1497387
78.845	0.1524273
78.85	0.1548815
78.855	0.1572754
78.86	0.1596345
78.865	0.1619596
78.87	0.1642491
78.875	0.1664772
78.88	0.1686963
78.885	0.1704342
78.89	0.171803
78.895	0.1731897
78.9	0.174548
78.905	0.1758804
78.91	0.1770744
78.915	0.177894
78.92	0.1783432
78.925	0.1787858
78.93	0.1790004
78.935	0.1795349
78.94	0.1798843
78.945	0.1798575
78.95	0.1798587
78.955	0.1800463
78.96	0.1802914
78.965	0.1801775
78.97	0.1797773
78.975	0.1795449
78.98	0.1793079
78.985	0.1792762
78.99	0.1792556
78.995	0.1791572
79	0.1787907
79.005	0.1782358
79.01	0.1776853
79.015	0.1770928
79.02	0.1764785
79.025	0.1759879
79.03	0.1755138
79.035	0.1750663
79.04	0.1744153
79.045	0.1739656
79.05	0.1735428
79.055	0.1732175
79.06	0.1728989
79.065	0.17257
79.07	0.1722407
79.075	0.1719357
79.08	0.1716507
79.085	0.1713234
79.09	0.1712309
79.095	0.1713254
79.1	0.1714487
79.105	0.1715829
79.11	0.1717765
79.115	0.1718343
79.12	0.1720749
79.125	0.1725849
79.13	0.1730898
79.135	0.173703
79.14	0.173676
79.145	0.1736636
79.15	0.1738505
79.155	0.1740055
79.16	0.1737997
79.165	0.1735031
79.17	0.1733956
79.175	0.1734374
79.18	0.1731185
79.185	0.1728125
79.19	0.1720714
79.195	0.1713021
79.2	0.1705491
79.205	0.1697444
79.21	0.1689177
79.215	0.1680937
79.22	0.1673335
79.225	0.166418
79.23	0.1652206
79.235	0.1639848
79.24	0.16254
79.245	0.1612101
79.25	0.1595269
79.255	0.1577859
79.26	0.1560211
79.265	0.1541821
79.27	0.1523287
79.275	0.1504684
79.28	0.1485284
79.285	0.1465466
79.29	0.1445607
79.295	0.1425236
79.3	0.1404801
79.305	0.1382304
79.31	0.135948
79.315	0.1334896
79.32	0.1311588
79.325	0.1287557
79.33	0.1260883
79.335	0.1233842
79.34	0.1206264
79.345	0.1182382
79.35	0.1158786
79.355	0.1134732
79.36	0.1110278
79.365	0.1088182
79.37	0.1066532
79.375	0.1044005
79.38	0.1021424
79.385	0.100083
79.39	0.09797399
79.395	0.096214
79.4	0.09442173
79.405	0.09263323
79.41	0.09106299
79.415	0.08963575
79.42	0.08815228
79.425	0.08648119
79.43	0.08501965
79.435	0.08380691
79.44	0.0826079
79.445	0.08166195
79.45	0.08076381
79.455	0.08020686
79.46	0.07967748
79.465	0.0791881
79.47	0.0787887
79.475	0.07839824
79.48	0.07794381
79.485	0.07763759
79.49	0.07738387
79.495	0.07705949
79.5	0.07677706
79.505	0.07655327
79.51	0.07643594
79.515	0.07624191
79.52	0.0761708
79.525	0.0761191
79.53	0.07612037
79.535	0.07628372
79.54	0.0764057
79.545	0.0765277
79.55	0.07662977
79.555	0.07673579
79.56	0.07683295
79.565	0.07692377
79.57	0.07702284
79.575	0.07704711
79.58	0.07710782
79.585	0.07703414
79.59	0.07705344
79.595	0.07703877
79.6	0.07701737
79.605	0.0770167
79.61	0.07701515
79.615	0.07697831
79.62	0.07691922
79.625	0.07689095
79.63	0.07695266
79.635	0.07692945
79.64	0.07692421
79.645	0.07689682
79.65	0.07682651
79.655	0.07665715
79.66	0.07646885
79.665	0.07629063
79.67	0.07602811
79.675	0.07574335
79.68	0.07543122
79.685	0.07514581
79.69	0.07467006
79.695	0.07413559
79.7	0.07367463
79.705	0.07316912
79.71	0.07239281
79.715	0.07165895
79.72	0.0709906
79.725	0.07036641
79.73	0.06972758
79.735	0.06904866
79.74	0.06838053
79.745	0.06772979
79.75	0.06706842
79.755	0.06645898
79.76	0.0658475
79.765	0.06524952
79.77	0.06462375
79.775	0.06397273
79.78	0.06335134
79.785	0.06272781
79.79	0.06219002
79.795	0.06158048
79.8	0.06096513
79.805	0.06036524
79.81	0.0597693
79.815	0.05916498
79.82	0.05853208
79.825	0.05788202
79.83	0.05722558
79.835	0.05656954
79.84	0.05600601
79.845	0.05543487
79.85	0.05492807
79.855	0.05462683
79.86	0.05448411
79.865	0.05441798
79.87	0.05453717
79.875	0.05476538
79.88	0.05510112
79.885	0.05568795
79.89	0.05641219
79.895	0.05734458
79.9	0.05833331
79.905	0.05931083
79.91	0.06037377
79.915	0.0616074
79.92	0.06282485
79.925	0.06399638
79.93	0.06503782
79.935	0.06603479
79.94	0.06703969
79.945	0.06803085
79.95	0.0689959
79.955	0.06995168
79.96	0.0708979
79.965	0.07183378
79.97	0.0727384
79.975	0.07365173
79.98	0.07456093
79.985	0.0754759
79.99	0.07640399
79.995	0.07736304
80	0.07834337
80.005	0.0793221
80.01	0.08027173
80.015	0.08119433
80.02	0.08210714
80.025	0.08302687
80.03	0.08392242
80.035	0.08479211
80.04	0.08564147
80.045	0.0864428
80.05	0.08720235
80.055	0.08790021
80.06	0.08837664
80.065	0.08874088
80.07	0.08902456
80.075	0.08907759
80.08	0.0890713
80.085	0.08895276
80.09	0.08854218
80.095	0.08795167
80.1	0.08723587
80.105	0.08644987
80.11	0.08560467
80.115	0.08464219
80.12	0.08362347
80.125	0.08259657
80.13	0.08155396
80.135	0.08053928
80.14	0.07952975
80.145	0.07851156
80.15	0.07748967
80.155	0.07646725
80.16	0.07542994
80.165	0.0743545
80.17	0.0732471
80.175	0.07213326
80.18	0.07100711
80.185	0.06984339
80.19	0.06866091
80.195	0.06740854
80.2	0.06603273
80.205	0.06463033
80.21	0.06319467
80.215	0.0617165
80.22	0.06020644
80.225	0.05865906
80.23	0.05708463
80.235	0.05547566
80.24	0.05383982
80.245	0.05216284
80.25	0.05045145
80.255	0.04871209
80.26	0.04695121
80.265	0.04531527
80.27	0.04374821
80.275	0.04220603
80.28	0.04086225
80.285	0.03953854
80.29	0.03829414
80.295	0.03735064
80.3	0.03659961
80.305	0.03597849
80.31	0.03539094
80.315	0.03485587
80.32	0.03444655
80.325	0.03414035
80.33	0.0338204
80.335	0.0335166
80.34	0.03320961
80.345	0.03289642
80.35	0.03256807
80.355	0.0322125
80.36	0.03182159
80.365	0.03143461
80.37	0.03107933
80.375	0.03075255
80.38	0.03048227
80.385	0.03021844
80.39	0.03000303
80.395	0.02975096
80.4	0.02961124
80.405	0.02957596
80.41	0.02947548
80.415	0.02939427
80.42	0.02935217
80.425	0.02931719
80.43	0.02928409
80.435	0.02925672
80.44	0.02925466
80.445	0.02922611
80.45	0.02919662
80.455	0.02918298
80.46	0.02917125
80.465	0.0291735
80.47	0.02920563
80.475	0.0291941
80.48	0.02918188
80.485	0.02917587
80.49	0.02918415
80.495	0.02919357
80.5	0.02921545
80.505	0.02923122
80.51	0.02924872
80.515	0.02930593
80.52	0.02938604
80.525	0.02950425
80.53	0.0295908
80.535	0.02969985
80.54	0.02981397
80.545	0.02993717
80.55	0.03006318
80.555	0.03019358
80.56	0.03029388
80.565	0.03041228
80.57	0.03051528
80.575	0.03063287
80.58	0.03073295
80.585	0.03074069
80.59	0.03072997
80.595	0.0307588
80.6	0.03080499
80.605	0.03073549
80.61	0.03065815
80.615	0.03062128
80.62	0.03058848
80.625	0.03053927
80.63	0.03051461
80.635	0.03047846
80.64	0.0304265
80.645	0.03037608
80.65	0.03034722
80.655	0.03032871
80.66	0.03031498
80.665	0.0303115
80.67	0.03030028
80.675	0.03027193
80.68	0.03024595
80.685	0.03022531
80.69	0.03017431
80.695	0.03009709
80.7	0.03004396
80.705	0.0299909
80.71	0.02994062
80.715	0.02989036
80.72	0.02983901
80.725	0.02978689
80.73	0.02967477
80.735	0.02956282
80.74	0.02943872
80.745	0.0293043
80.75	0.02915157
80.755	0.02903851
80.76	0.02895887
80.765	0.02889839
80.77	0.02886079
80.775	0.02886402
80.78	0.02883615
80.785	0.02881787
80.79	0.02879047
80.795	0.02878166
80.8	0.02865626
80.805	0.0285564
80.81	0.02851921
80.815	0.02849537
80.82	0.02851619
80.825	0.0285489
80.83	0.02858869
80.835	0.02865961
80.84	0.02873892
80.845	0.02886665
80.85	0.02908269
80.855	0.02928987
80.86	0.02949556
80.865	0.02972541
80.87	0.03003642
80.875	0.03034819
80.88	0.03070571
80.885	0.03108378
80.89	0.03144679
80.895	0.03183113
80.9	0.0322345
80.905	0.0325951
80.91	0.03310357
80.915	0.03420921
80.92	0.0353364
80.925	0.03648966
80.93	0.03760983
80.935	0.03871507
80.94	0.03994349
80.945	0.04119189
80.95	0.04240971
80.955	0.04378393
80.96	0.04506578
80.965	0.0462893
80.97	0.04753827
80.975	0.04872999
80.98	0.04996572
80.985	0.05124571
80.99	0.05258829
80.995	0.05392569
81	0.05522918
81.005	0.05657083
81.01	0.05786238
81.015	0.05915978
81.02	0.06043452
81.025	0.06169501
81.03	0.06291064
81.035	0.06413963
81.04	0.06528904
81.045	0.06651739
81.05	0.06779131
81.055	0.06896894
81.06	0.07018898
81.065	0.07142188
81.07	0.07278612
81.075	0.07406216
81.08	0.07532517
81.085	0.07671186
81.09	0.07813786
81.095	0.0797477
81.1	0.081559
81.105	0.08340773
81.11	0.08541613
81.115	0.08762495
81.12	0.09003023
81.125	0.09271198
81.13	0.09564332
81.135	0.0987457
81.14	0.1019332
81.145	0.1053578
81.15	0.1091064
81.155	0.1129205
81.16	0.1165072
81.165	0.1202199
81.17	0.1240656
81.175	0.1278018
81.18	0.1316118
81.185	0.1352734
81.19	0.13886
81.195	0.142336
81.2	0.1458682
81.205	0.1493782
81.21	0.1528967
81.215	0.1563387
81.22	0.1596998
81.225	0.1629957
81.23	0.1662065
81.235	0.1694041
81.24	0.1726451
81.245	0.1758408
81.25	0.1789071
81.255	0.1818799
81.26	0.1848425
81.265	0.1878382
81.27	0.1907607
81.275	0.1935605
81.28	0.1963424
81.285	0.1990861
81.29	0.2016826
81.295	0.2041929
81.3	0.2065287
81.305	0.208655
81.31	0.2107029
81.315	0.2125763
81.32	0.2141738
81.325	0.2152685
81.33	0.2160444
81.335	0.2165399
81.34	0.2168074
81.345	0.2169335
81.35	0.2168055
81.355	0.2162197
81.36	0.2154829
81.365	0.2147466
81.37	0.2137586
81.375	0.2125039
81.38	0.2112947
81.385	0.2098639
81.39	0.2084072
81.395	0.2069167
81.4	0.2054032
81.405	0.2036783
81.41	0.2018676
81.415	0.1998831
81.42	0.1978813
81.425	0.1958428
81.43	0.193776
81.435	0.1917056
81.44	0.1895359
81.445	0.1872255
81.45	0.1848883
81.455	0.1825894
81.46	0.1802539
81.465	0.1778452
81.47	0.1751601
81.475	0.1724511
81.48	0.1696728
81.485	0.1668226
81.49	0.1639237
81.495	0.1610138
81.5	0.1580839
81.505	0.1551665
81.51	0.1523162
81.515	0.1494576
81.52	0.1467089
81.525	0.1441951
81.53	0.1420974
81.535	0.1403156
81.54	0.1386468
81.545	0.1371497
81.55	0.1357502
81.555	0.134203
81.56	0.1330239
81.565	0.1318418
81.57	0.1306808
81.575	0.1297175
81.58	0.128952
81.585	0.1279122
81.59	0.1270286
81.595	0.1261889
81.6	0.1252535
81.605	0.1242613
81.61	0.123416
81.615	0.1225802
81.62	0.1218508
81.625	0.1211091
81.63	0.1203954
81.635	0.1196692
81.64	0.1188824
81.645	0.1181503
81.65	0.1172504
81.655	0.1163275
81.66	0.1153039
81.665	0.1142878
81.67	0.1132823
81.675	0.1125147
81.68	0.111724
81.685	0.1109809
81.69	0.1102468
81.695	0.1094787
81.7	0.1087609
81.705	0.1080387
81.71	0.1073337
81.715	0.1066239
81.72	0.1058616
81.725	0.1049476
81.73	0.1037475
81.735	0.1024844
81.74	0.1009121
81.745	0.09945354
81.75	0.09790249
81.755	0.09622293
81.76	0.09484448
81.765	0.09340163
81.77	0.09205367
81.775	0.09073396
81.78	0.08937763
81.785	0.08792036
81.79	0.08667768
81.795	0.08547328
81.8	0.08420404
81.805	0.08301948
81.81	0.0819058
81.815	0.08082667
81.82	0.07975938
81.825	0.07871023
81.83	0.07772468
81.835	0.07667384
81.84	0.07562536
81.845	0.07466077
81.85	0.07371161
81.855	0.07304728
81.86	0.07240131
81.865	0.07179494
81.87	0.07119624
81.875	0.0705988
81.88	0.06987094
81.885	0.06914706
81.89	0.06844203
81.895	0.06778247
81.9	0.06715319
81.905	0.06642312
81.91	0.06569293
81.915	0.06496108
81.92	0.06423403
81.925	0.06354802
81.93	0.0629712
81.935	0.06265022
81.94	0.06239322
81.945	0.06238798
81.95	0.06220312
81.955	0.062081
81.96	0.06204491
81.965	0.06206371
81.97	0.06212737
81.975	0.06218644
81.98	0.0620555
81.985	0.06200727
81.99	0.06206408
81.995	0.06210012
82	0.06203024
82.005	0.06200426
82.01	0.06199938
82.015	0.06197869
82.02	0.06186358
82.025	0.06176782
82.03	0.06165637
82.035	0.06137564
82.04	0.0611362
82.045	0.06092989
82.05	0.06062971
82.055	0.06028372
82.06	0.0599061
82.065	0.05952439
82.07	0.05916233
82.075	0.05881086
82.08	0.05846246
82.085	0.05817957
82.09	0.05790817
82.095	0.05765339
82.1	0.05729191
82.105	0.05703597
82.11	0.0568675
82.115	0.05668433
82.12	0.05649961
82.125	0.05629354
82.13	0.0560911
82.135	0.05589157
82.14	0.05568848
82.145	0.05540939
82.15	0.05512045
82.155	0.05494681
82.16	0.05477877
82.165	0.05462516
82.17	0.05438027
82.175	0.0541418
82.18	0.05382263
82.185	0.05365614
82.19	0.0533433
82.195	0.05304033
82.2	0.0527489
82.205	0.05249544
82.21	0.05226219
82.215	0.05211337
82.22	0.05196758
82.225	0.05187375
82.23	0.05178485
82.235	0.05171321
82.24	0.05180791
82.245	0.05192327
82.25	0.05195684
82.255	0.0520361
82.26	0.05210167
82.265	0.05219975
82.27	0.0523076
82.275	0.052441
82.28	0.05257636
82.285	0.05277084
82.29	0.05300831
82.295	0.05332321
82.3	0.05367385
82.305	0.0541475
82.31	0.05448809
82.315	0.05482816
82.32	0.05529377
82.325	0.05584244
82.33	0.05645959
82.335	0.05716858
82.34	0.05790506
82.345	0.05873018
82.35	0.05967756
82.355	0.06067961
82.36	0.06168982
82.365	0.06270741
82.37	0.06376665
82.375	0.06485544
82.38	0.065937
82.385	0.06713258
82.39	0.0682959
82.395	0.06949865
82.4	0.07068237
82.405	0.07188633
82.41	0.07309436
82.415	0.07423878
82.42	0.07527127
82.425	0.07632894
82.43	0.07738869
82.435	0.0784221
82.44	0.07943351
82.445	0.08033149
82.45	0.08118218
82.455	0.08205635
82.46	0.08292454
82.465	0.08380019
82.47	0.08464781
82.475	0.08544646
82.48	0.08620984
82.485	0.08695079
82.49	0.08762335
82.495	0.08826567
82.5	0.0887983
82.505	0.08924052
82.51	0.08961553
82.515	0.08993132
82.52	0.0901994
82.525	0.09034056
82.53	0.09037237
82.535	0.09032575
82.54	0.09015198
82.545	0.0899337
82.55	0.08959786
82.555	0.08914239
82.56	0.08858794
82.565	0.08796828
82.57	0.08731843
82.575	0.0866153
82.58	0.08589053
82.585	0.08512316
82.59	0.08422139
82.595	0.0832675
82.6	0.08228627
82.605	0.0812524
82.61	0.08013289
82.615	0.07897841
82.62	0.07781293
82.625	0.07663638
82.63	0.07536918
82.635	0.07404953
82.64	0.07271358
82.645	0.07136539
82.65	0.07006183
82.655	0.06875975
82.66	0.06741801
82.665	0.06604809
82.67	0.06465053
82.675	0.06324802
82.68	0.06185279
82.685	0.06044753
82.69	0.05903211
82.695	0.05761757
82.7	0.05614627
82.705	0.05472806
82.71	0.05335974
82.715	0.05196023
82.72	0.05063685
82.725	0.04931461
82.73	0.04801678
82.735	0.04678993
82.74	0.04560746
82.745	0.04452419
82.75	0.04345267
82.755	0.04245524
82.76	0.04155163
82.765	0.04073506
82.77	0.03998766
82.775	0.03922898
82.78	0.03844964
82.785	0.03764899
82.79	0.03688245
82.795	0.03630553
82.8	0.03578465
82.805	0.03527624
82.81	0.03482728
82.815	0.03445692
82.82	0.03407654
82.825	0.03371196
82.83	0.03340456
82.835	0.03317586
82.84	0.0329837
82.845	0.03284599
82.85	0.0326731
82.855	0.03256846
82.86	0.03246047
82.865	0.03236814
82.87	0.03228771
82.875	0.03220295
82.88	0.0320745
82.885	0.0319431
82.89	0.03180358
82.895	0.03162588
82.9	0.03145409
82.905	0.03132016
82.91	0.03120003
82.915	0.03107989
82.92	0.0310438
82.925	0.03101062
82.93	0.03100466
82.935	0.0310606
82.94	0.03112173
82.945	0.03118405
82.95	0.03125251
82.955	0.03132585
82.96	0.03141518
82.965	0.03153122
82.97	0.03166312
82.975	0.0317687
82.98	0.03189266
82.985	0.03203168
82.99	0.03219572
82.995	0.03236004
83	0.03242378
83.005	0.03250527
83.01	0.03259112
83.015	0.03270713
83.02	0.03282364
83.025	0.03296774
83.03	0.03313604
83.035	0.03330466
83.04	0.03346658
83.045	0.03362196
83.05	0.03366975
83.055	0.03373101
83.06	0.03361798
83.065	0.03355617
83.07	0.03349014
83.075	0.03342294
83.08	0.03335937
83.085	0.03338376
83.09	0.0334342
83.095	0.03348763
83.1	0.03355792
83.105	0.03363338
83.11	0.03372722
83.115	0.03377575
83.12	0.03382981
83.125	0.03390236
83.13	0.03399492
83.135	0.03409143
83.14	0.03418407
83.145	0.03427505
83.15	0.03440664
83.155	0.0345282
83.16	0.03465053
83.165	0.03477893
83.17	0.03492303
83.175	0.0351066
83.18	0.03530089
83.185	0.03551805
83.19	0.03576503
83.195	0.0360146
83.2	0.0362632
83.205	0.03655534
83.21	0.03689394
83.215	0.03725359
83.22	0.03755709
83.225	0.03785705
83.23	0.03816732
83.235	0.03846214
83.24	0.03877612
83.245	0.03915427
83.25	0.03956108
83.255	0.04001658
83.26	0.04054333
83.265	0.04121303
83.27	0.04181666
83.275	0.04242638
83.28	0.04301843
83.285	0.04374044
83.29	0.04435229
83.295	0.0449171
83.3	0.0454749
83.305	0.0460332
83.31	0.04662995
83.315	0.04738507
83.32	0.04835458
83.325	0.04953298
83.33	0.0506757
83.335	0.0518107
83.34	0.0532086
83.345	0.05456997
83.35	0.05608102
83.355	0.05790059
83.36	0.05966756
83.365	0.06154846
83.37	0.06383822
83.375	0.06646693
83.38	0.06953846
83.385	0.072733
83.39	0.07672471
83.395	0.08127147
83.4	0.08591188
83.405	0.09090298
83.41	0.09587394
83.415	0.1011
83.42	0.106731
83.425	0.1124782
83.43	0.1180986
83.435	0.1234989
83.44	0.1287356
83.445	0.1337794
83.45	0.1386063
83.455	0.1433832
83.46	0.1480374
83.465	0.1525334
83.47	0.1569942
83.475	0.1613626
83.48	0.1661937
83.485	0.1714369
83.49	0.1767888
83.495	0.1825968
83.5	0.1889052
83.505	0.1959459
83.51	0.2029885
83.515	0.2099702
83.52	0.2170004
83.525	0.2239394
83.53	0.2307707
83.535	0.2375371
83.54	0.2442173
83.545	0.2506206
83.55	0.2568692
83.555	0.2629042
83.56	0.2686387
83.565	0.2742603
83.57	0.2797933
83.575	0.2850844
83.58	0.2901028
83.585	0.2947665
83.59	0.2992359
83.595	0.3031641
83.6	0.3066894
83.605	0.3099869
83.61	0.3129541
83.615	0.3157463
83.62	0.3182277
83.625	0.3203955
83.63	0.3222972
83.635	0.3240768
83.64	0.3258389
83.645	0.3275503
83.65	0.3292583
83.655	0.3309638
83.66	0.3325528
83.665	0.3341613
83.67	0.335762
83.675	0.337241
83.68	0.3386866
83.685	0.3395673
83.69	0.3399279
83.695	0.3399794
83.7	0.3393934
83.705	0.3380612
83.71	0.335636
83.715	0.3329017
83.72	0.3300007
83.725	0.3266441
83.73	0.3230166
83.735	0.3191026
83.74	0.3150315
83.745	0.310736
83.75	0.3065564
83.755	0.3023455
83.76	0.2981298
83.765	0.2939815
83.77	0.2897624
83.775	0.2853313
83.78	0.2807929
83.785	0.2762871
83.79	0.2719208
83.795	0.2675499
83.8	0.2633917
83.805	0.2593111
83.81	0.2552875
83.815	0.2512996
83.82	0.24734
83.825	0.2434247
83.83	0.2393614
83.835	0.2353586
83.84	0.2313634
83.845	0.227252
83.85	0.2230801
83.855	0.2187922
83.86	0.2144243
83.865	0.2100542
83.87	0.2054298
83.875	0.2007836
83.88	0.1961371
83.885	0.1914437
83.89	0.1871136
83.895	0.1830723
83.9	0.1792231
83.905	0.175911
83.91	0.1732538
83.915	0.1716213
83.92	0.1703003
83.925	0.1688285
83.93	0.1677899
83.935	0.1668949
83.94	0.1662428
83.945	0.1654387
83.95	0.1647822
83.955	0.1635378
83.96	0.1621829
83.965	0.1606885
83.97	0.1589926
83.975	0.1572865
83.98	0.1557243
83.985	0.1542881
83.99	0.1526907
83.995	0.1508314
84	0.1489612
84.005	0.1470465
84.01	0.1451425
84.015	0.1431953
84.02	0.1413175
84.025	0.139411
84.03	0.1375342
84.035	0.1359043
84.04	0.1343113
84.045	0.1327014
84.05	0.1311438
84.055	0.1295834
84.06	0.1280117
84.065	0.1264017
84.07	0.1247723
84.075	0.1232861
84.08	0.1214948
84.085	0.1196679
84.09	0.1176767
84.095	0.1157112
84.1	0.113815
84.105	0.111855
84.11	0.1098002
84.115	0.1077051
84.12	0.1055708
84.125	0.1031888
84.13	0.1011254
84.135	0.09895926
84.14	0.09687519
84.145	0.09479605
84.15	0.09288962
84.155	0.0909761
84.16	0.0895946
84.165	0.08824178
84.17	0.08697623
84.175	0.085891
84.18	0.08480483
84.185	0.08371002
84.19	0.08250791
84.195	0.08147281
84.2	0.08065854
84.205	0.07997297
84.21	0.07927376
84.215	0.07862921
84.22	0.07798067
84.225	0.077332
84.23	0.07666758
84.235	0.07605736
84.24	0.07565294
84.245	0.07524891
84.25	0.0748948
84.255	0.07457235
84.26	0.07427618
84.265	0.07413141
84.27	0.07402194
84.275	0.07404752
84.28	0.07406752
84.285	0.0742878
84.29	0.07455655
84.295	0.07497132
84.3	0.0752932
84.305	0.07561152
84.31	0.0760582
84.315	0.076538
84.32	0.07701707
84.325	0.07749502
84.33	0.07813359
84.335	0.07864473
84.34	0.07920671
84.345	0.07977556
84.35	0.0802741
84.355	0.0808501
84.36	0.081395
84.365	0.08194898
84.37	0.08254681
84.375	0.08319187
84.38	0.08388009
84.385	0.08454788
84.39	0.08519974
84.395	0.08591561
84.4	0.08662318
84.405	0.08729998
84.41	0.08770045
84.415	0.08814001
84.42	0.08857115
84.425	0.08899688
84.43	0.08942168
84.435	0.08985803
84.44	0.09028938
84.445	0.09049974
84.45	0.09067438
84.455	0.09076107
84.46	0.09077319
84.465	0.09071852
84.47	0.09046481
84.475	0.0901841
84.48	0.0896701
84.485	0.08913897
84.49	0.0886286
84.495	0.08806121
84.5	0.08742337
84.505	0.08681994
84.51	0.08617147
84.515	0.08539818
84.52	0.08463099
84.525	0.08386487
84.53	0.08308766
84.535	0.08230772
84.54	0.0815664
84.545	0.08081779
84.55	0.08003733
84.555	0.07929532
84.56	0.07855505
84.565	0.07782391
84.57	0.07705986
84.575	0.07628018
84.58	0.07541832
84.585	0.07436851
84.59	0.07330858
84.595	0.07224897
84.6	0.07114947
84.605	0.07003837
84.61	0.06893834
84.615	0.06795235
84.62	0.06684611
84.625	0.06573527
84.63	0.06461756
84.635	0.06347852
84.64	0.06247609
84.645	0.0615163
84.65	0.06076167
84.655	0.06017337
84.66	0.05973195
84.665	0.05948568
84.67	0.05955076
84.675	0.06008059
84.68	0.06102699
84.685	0.06249256
84.69	0.06423417
84.695	0.06634018
84.7	0.06865416
84.705	0.07130793
84.71	0.07460407
84.715	0.07836738
84.72	0.08247117
84.725	0.08684753
84.73	0.09152802
84.735	0.09636597
84.74	0.1012694
84.745	0.1062879
84.75	0.1112829
84.755	0.1161975
84.76	0.1210509
84.765	0.1257959
84.77	0.1304159
84.775	0.134909
84.78	0.1392446
84.785	0.1434721
84.79	0.1476209
84.795	0.1516505
84.8	0.1555754
84.805	0.1594269
84.81	0.163209
84.815	0.166946
84.82	0.170667
84.825	0.1743751
84.83	0.1780575
84.835	0.1817201
84.84	0.1853874
84.845	0.1890076
84.85	0.1926315
84.855	0.1962394
84.86	0.1997927
84.865	0.2033411
84.87	0.206825
84.875	0.2102077
84.88	0.213449
84.885	0.2164841
84.89	0.2193295
84.895	0.2219949
84.9	0.2244301
84.905	0.226709
84.91	0.2287564
84.915	0.2303318
84.92	0.2315274
84.925	0.2324134
84.93	0.2329587
84.935	0.2331048
84.94	0.2329418
84.945	0.2325129
84.95	0.2317693
84.955	0.2308286
84.96	0.2297498
84.965	0.2285108
84.97	0.2271663
84.975	0.2257577
84.98	0.2243124
84.985	0.2228602
84.99	0.2213946
84.995	0.2199251
85	0.2184518
85.005	0.2169666
85.01	0.2154432
85.015	0.2138768
85.02	0.2122353
85.025	0.2104977
85.03	0.2086774
85.035	0.2067447
85.04	0.2046986
85.045	0.2024901
85.05	0.200066
85.055	0.197419
85.06	0.1945806
85.065	0.1915422
85.07	0.1882462
85.075	0.184737
85.08	0.1810222
85.085	0.177137
85.09	0.1731311
85.095	0.1690133
85.1	0.1648197
85.105	0.1605631
85.11	0.1562142
85.115	0.1518403
85.12	0.1476433
85.125	0.143584
85.13	0.1396262
85.135	0.1358258
85.14	0.1322557
85.145	0.1288437
85.15	0.1255762
85.155	0.122521
85.16	0.1195693
85.165	0.1166834
85.17	0.1138806
85.175	0.1111063
85.18	0.1083158
85.185	0.105483
85.19	0.1025812
85.195	0.09960157
85.2	0.09652323
85.205	0.09333173
85.21	0.09002719
85.215	0.08663598
85.22	0.08314586
85.225	0.07959705
85.23	0.07600227
85.235	0.07232662
85.24	0.06859875
85.245	0.06479732
85.25	0.06099562
85.255	0.05736116
85.26	0.05386813
85.265	0.05046728
85.27	0.04723654
85.275	0.04427619
85.28	0.0415952
85.285	0.03920106
85.29	0.03708239
85.295	0.03526814
85.3	0.03373893
85.305	0.03238364
85.31	0.03131943
85.315	0.03050502
85.32	0.02987507
85.325	0.02938278
85.33	0.02900439
85.335	0.02872826
85.34	0.02850092
85.345	0.02830654
85.35	0.02817089
85.355	0.02807552
85.36	0.02798597
85.365	0.02792538
85.37	0.02781245
85.375	0.02770278
85.38	0.0276169
85.385	0.0275377
85.39	0.02744655
85.395	0.02733974
85.4	0.02725152
85.405	0.02716636
85.41	0.02710456
85.415	0.02706264
85.42	0.02699256
85.425	0.02692464
85.43	0.02679929
85.435	0.02665924
85.44	0.02666223
85.445	0.02667015
85.45	0.02669562
85.455	0.02674616
85.46	0.02683392
85.465	0.02692238
85.47	0.02706107
85.475	0.02720414
85.48	0.02734843
85.485	0.02749579
85.49	0.02768015
85.495	0.0279937
85.5	0.02831387
85.505	0.02862429
85.51	0.02893203
85.515	0.02921082
85.52	0.02946297
85.525	0.02971132
85.53	0.02996605
85.535	0.03021101
85.54	0.03046532
85.545	0.03076452
85.55	0.03106868
85.555	0.031424
85.56	0.03192754
85.565	0.03243762
85.57	0.03292591
85.575	0.03344817
85.58	0.03401082
85.585	0.03456047
85.59	0.03515602
85.595	0.03575348
85.6	0.03634559
85.605	0.03688888
85.61	0.03745454
85.615	0.0380121
85.62	0.03855073
85.625	0.03909088
85.63	0.03962518
85.635	0.04021027
85.64	0.04076562
85.645	0.04111705
85.65	0.04150047
85.655	0.04187961
85.66	0.04224781
85.665	0.04258699
85.67	0.04292312
85.675	0.04324323
85.68	0.04355506
85.685	0.04386533
85.69	0.04452316
85.695	0.04536596
85.7	0.04608853
85.705	0.04679802
85.71	0.04749364
85.715	0.04822536
85.72	0.04904141
85.725	0.05003179
85.73	0.05105087
85.735	0.05204946
85.74	0.05304932
85.745	0.05406479
85.75	0.05501095
85.755	0.05594107
85.76	0.05681449
85.765	0.05758517
85.77	0.0586176
85.775	0.05968821
85.78	0.06072842
85.785	0.06174537
85.79	0.06275107
85.795	0.06368586
85.8	0.06460317
85.805	0.06550847
85.81	0.06641931
85.815	0.06729564
85.82	0.06819168
85.825	0.0691522
85.83	0.07011351
85.835	0.07114487
85.84	0.07216541
85.845	0.07324753
85.85	0.07438477
85.855	0.07550849
85.86	0.07672802
85.865	0.07793493
85.87	0.07917286
85.875	0.08041755
85.88	0.08162037
85.885	0.08286712
85.89	0.08411054
85.895	0.08500376
85.9	0.0856902
85.905	0.08651335
85.91	0.0873963
85.915	0.08827217
85.92	0.08916018
85.925	0.09008318
85.93	0.09080102
85.935	0.09149063
85.94	0.09217497
85.945	0.0929017
85.95	0.0935723
85.955	0.09425558
85.96	0.09493161
85.965	0.09568397
85.97	0.09643711
85.975	0.0968686
85.98	0.09729819
85.985	0.09773419
85.99	0.09823884
85.995	0.09875521
86	0.09928661
86.005	0.09981489
86.01	0.1003399
86.015	0.1008594
86.02	0.1015278
86.025	0.1021493
86.03	0.1027058
86.035	0.1032416
86.04	0.1036791
86.045	0.1041359
86.05	0.104526
86.055	0.1053294
86.06	0.1063673
86.065	0.1072362
86.07	0.1081805
86.075	0.1090414
86.08	0.1101985
86.085	0.1117953
86.09	0.1133266
86.095	0.1148953
86.1	0.1166753
86.105	0.1185239
86.11	0.1203948
86.115	0.1223351
86.12	0.1242516
86.125	0.126118
86.13	0.1277994
86.135	0.1295855
86.14	0.1313388
86.145	0.133089
86.15	0.1348372
86.155	0.136589
86.16	0.1384144
86.165	0.1403681
86.17	0.1421957
86.175	0.1441238
86.18	0.146107
86.185	0.148004
86.19	0.149868
86.195	0.1516414
86.2	0.1533969
86.205	0.1551503
86.21	0.1568775
86.215	0.1585876
86.22	0.1603019
86.225	0.161814
86.23	0.1633499
86.235	0.1648877
86.24	0.1664206
86.245	0.1680028
86.25	0.1695301
86.255	0.1710598
86.26	0.1720568
86.265	0.1727152
86.27	0.1734183
86.275	0.1740513
86.28	0.1747095
86.285	0.1749521
86.29	0.1746249
86.295	0.1742684
86.3	0.1738301
86.305	0.1732387
86.31	0.1726253
86.315	0.171757
86.32	0.1706402
86.325	0.1695126
86.33	0.1683271
86.335	0.1671959
86.34	0.1659795
86.345	0.1647445
86.35	0.163478
86.355	0.1620783
86.36	0.1606781
86.365	0.1590982
86.37	0.1572365
86.375	0.1554482
86.38	0.1533858
86.385	0.1513152
86.39	0.1492811
86.395	0.1472356
86.4	0.1451173
86.405	0.1429454
86.41	0.1407188
86.415	0.1384772
86.42	0.1362223
86.425	0.1338997
86.43	0.1316537
86.435	0.1293076
86.44	0.1268595
86.445	0.124354
86.45	0.1217046
86.455	0.1189995
86.46	0.1162106
86.465	0.1137375
86.47	0.1114817
86.475	0.1091875
86.48	0.1067698
86.485	0.1042935
86.49	0.102118
86.495	0.1003971
86.5	0.09872353
86.505	0.09705651
86.51	0.09549442
86.515	0.09390136
86.52	0.09257459
86.525	0.09148566
86.53	0.09037504
86.535	0.08936313
86.54	0.08843867
86.545	0.08754149
86.55	0.08667966
86.555	0.08580607
86.56	0.08505055
86.565	0.08420923
86.57	0.0835539
86.575	0.08316204
86.58	0.08258542
86.585	0.0822381
86.59	0.08191229
86.595	0.0814909
86.6	0.08103065
86.605	0.08067052
86.61	0.08030431
86.615	0.07992821
86.62	0.07950089
86.625	0.07898186
86.63	0.07841361
86.635	0.07782192
86.64	0.07727851
86.645	0.0768053
86.65	0.07634044
86.655	0.07596576
86.66	0.07559185
86.665	0.07525197
86.67	0.07492582
86.675	0.07459788
86.68	0.07425241
86.685	0.07408914
86.69	0.07391149
86.695	0.07375497
86.7	0.07359811
86.705	0.07336763
86.71	0.0731763
86.715	0.07296472
86.72	0.07273709
86.725	0.07250821
86.73	0.07228427
86.735	0.07206231
86.74	0.0717583
86.745	0.07124539
86.75	0.07081136
86.755	0.07044196
86.76	0.07009107
86.765	0.06976498
86.77	0.0694943
86.775	0.06921729
86.78	0.06890174
86.785	0.06870306
86.79	0.06852097
86.795	0.06826436
86.8	0.06805738
86.805	0.0678857
86.81	0.06771901
86.815	0.06762148
86.82	0.06750904
86.825	0.0674302
86.83	0.06740524
86.835	0.06746154
86.84	0.06758984
86.845	0.06771297
86.85	0.06783719
86.855	0.06794931
86.86	0.06793733
86.865	0.06796178
86.87	0.06794565
86.875	0.06793936
86.88	0.06793394
86.885	0.06794525
86.89	0.06788943
86.895	0.06784781
86.9	0.06778004
86.905	0.06772148
86.91	0.06770109
86.915	0.06766809
86.92	0.06755653
86.925	0.0674475
86.93	0.06734058
86.935	0.06722564
86.94	0.06714508
86.945	0.06712459
86.95	0.06721664
86.955	0.06723225
86.96	0.06704217
86.965	0.06686043
86.97	0.06664256
86.975	0.06641807
86.98	0.06605595
86.985	0.06567172
86.99	0.06529073
86.995	0.06492614
87	0.06461641
87.005	0.06430739
87.01	0.06396482
87.015	0.06361659
87.02	0.06314409
87.025	0.06269929
87.03	0.06225103
87.035	0.06181589
87.04	0.06133207
87.045	0.0607208
87.05	0.06010601
87.055	0.05951799
87.06	0.05893432
87.065	0.05844267
87.07	0.05793996
87.075	0.05747136
87.08	0.05704031
87.085	0.05670243
87.09	0.05643969
87.095	0.05616074
87.1	0.05588909
87.105	0.05559016
87.11	0.05526801
87.115	0.05501082
87.12	0.05481908
87.125	0.05475875
87.13	0.05476382
87.135	0.05480521
87.14	0.05488114
87.145	0.05490906
87.15	0.05494859
87.155	0.05503783
87.16	0.05519297
87.165	0.05551856
87.17	0.05582378
87.175	0.05616214
87.18	0.05650249
87.185	0.05706145
87.19	0.05782413
87.195	0.0586389
87.2	0.05951579
87.205	0.06037157
87.21	0.06124894
87.215	0.06213462
87.22	0.06303271
87.225	0.06403537
87.23	0.06504531
87.235	0.06604082
87.24	0.0670075
87.245	0.06798496
87.25	0.06900279
87.255	0.07000944
87.26	0.07096036
87.265	0.07190255
87.27	0.07283392
87.275	0.07375351
87.28	0.07464859
87.285	0.07544297
87.29	0.07608379
87.295	0.0765828
87.3	0.07708329
87.305	0.07757653
87.31	0.07808809
87.315	0.07864647
87.32	0.07910819
87.325	0.07949125
87.33	0.07984531
87.335	0.08018607
87.34	0.08050672
87.345	0.08079558
87.35	0.08107943
87.355	0.08132246
87.36	0.08150953
87.365	0.08161889
87.37	0.08171113
87.375	0.08179439
87.38	0.08187875
87.385	0.08196331
87.39	0.08190315
87.395	0.08160265
87.4	0.08117261
87.405	0.08060929
87.41	0.08001814
87.415	0.07937649
87.42	0.07871322
87.425	0.07800943
87.43	0.07722212
87.435	0.07638427
87.44	0.07551684
87.445	0.07462318
87.45	0.07369916
87.455	0.07275673
87.46	0.07179621
87.465	0.07082609
87.47	0.06983077
87.475	0.06882414
87.48	0.06779388
87.485	0.06674699
87.49	0.06574317
87.495	0.06481212
87.5	0.06395389
87.505	0.06310379
87.51	0.06222221
87.515	0.061327
87.52	0.06030913
87.525	0.0593372
87.53	0.05841263
87.535	0.05748124
87.54	0.0564763
87.545	0.05539839
87.55	0.05430956
87.555	0.05321249
87.56	0.05210936
87.565	0.05097965
87.57	0.04989351
87.575	0.04870973
87.58	0.04751481
87.585	0.04627378
87.59	0.04499665
87.595	0.04378751
87.6	0.04276679
87.605	0.04186293
87.61	0.04106071
87.615	0.04027694
87.62	0.03953298
87.625	0.03879369
87.63	0.03808033
87.635	0.03743474
87.64	0.03682227
87.645	0.03623422
87.65	0.03567725
87.655	0.03513904
87.66	0.03460871
87.665	0.03409834
87.67	0.03361409
87.675	0.03313347
87.68	0.03264828
87.685	0.03217645
87.69	0.03172304
87.695	0.03125528
87.7	0.03077683
87.705	0.03029976
87.71	0.02981518
87.715	0.0293581
87.72	0.02893688
87.725	0.02863549
87.73	0.02834122
87.735	0.02799937
87.74	0.02764894
87.745	0.02735143
87.75	0.02712762
87.755	0.02691632
87.76	0.02671271
87.765	0.02650564
87.77	0.02637415
87.775	0.02629189
87.78	0.02634028
87.785	0.02639296
87.79	0.02644125
87.795	0.02649511
87.8	0.02659013
87.805	0.02669417
87.81	0.02679707
87.815	0.02692424
87.82	0.02705411
87.825	0.02714812
87.83	0.02724646
87.835	0.02731966
87.84	0.02739272
87.845	0.02745618
87.85	0.02751039
87.855	0.02755034
87.86	0.02758756
87.865	0.0276194
87.87	0.02759195
87.875	0.02756196
87.88	0.02756091
87.885	0.0275505
87.89	0.02753846
87.895	0.02751528
87.9	0.02749186
87.905	0.02746468
87.91	0.02744932
87.915	0.02744094
87.92	0.02743479
87.925	0.02734525
87.93	0.02722813
87.935	0.02710445
87.94	0.02708055
87.945	0.0270823
87.95	0.02710609
87.955	0.02714412
87.96	0.02716754
87.965	0.02719202
87.97	0.02724178
87.975	0.02727346
87.98	0.02725842
87.985	0.02720613
87.99	0.02718876
87.995	0.02718908
88	0.02718346
88.005	0.02716943
88.01	0.02717048
88.015	0.02716755
88.02	0.02715902
88.025	0.02714964
88.03	0.02716694
88.035	0.02718472
88.04	0.02722801
88.045	0.0272932
88.05	0.02736663
88.055	0.02745977
88.06	0.02756157
88.065	0.02766502
88.07	0.02778897
88.075	0.02798167
88.08	0.02830233
88.085	0.02859458
88.09	0.02896836
88.095	0.02933938
88.1	0.02971352
88.105	0.03009952
88.11	0.03047642
88.115	0.03082589
88.12	0.03125502
88.125	0.03166927
88.13	0.0321164
88.135	0.03258412
88.14	0.03304076
88.145	0.03336258
88.15	0.03369362
88.155	0.03405062
88.16	0.03443206
88.165	0.03481973
88.17	0.03522977
88.175	0.03563714
88.18	0.03605692
88.185	0.03649071
88.19	0.03693707
88.195	0.03733074
88.2	0.03772489
88.205	0.03829618
88.21	0.03893667
88.215	0.03961804
88.22	0.04030754
88.225	0.04100106
88.23	0.04179961
88.235	0.04257662
88.24	0.04334702
88.245	0.04416316
88.25	0.04496093
88.255	0.04574508
88.26	0.04649865
88.265	0.04726125
88.27	0.04805402
88.275	0.04881251
88.28	0.04952219
88.285	0.05008539
88.29	0.05064484
88.295	0.05111978
88.3	0.05166192
88.305	0.05219945
88.31	0.05271629
88.315	0.05328885
88.32	0.05384403
88.325	0.05428858
88.33	0.05473815
88.335	0.05524495
88.34	0.05593508
88.345	0.05662491
88.35	0.05734253
88.355	0.05805872
88.36	0.05880838
88.365	0.05953416
88.37	0.06025452
88.375	0.06106715
88.38	0.06209803
88.385	0.06336935
88.39	0.06494822
88.395	0.06654854
88.4	0.06839226
88.405	0.07039963
88.41	0.07229336
88.415	0.07413097
88.42	0.07585625
88.425	0.07770678
88.43	0.07949149
88.435	0.08118254
88.44	0.08324245
88.445	0.08560967
88.45	0.0879078
88.455	0.09054948
88.46	0.09330805
88.465	0.09614937
88.47	0.09895642
88.475	0.101648
88.48	0.104284
88.485	0.1069465
88.49	0.1099941
88.495	0.1129944
88.5	0.1159984
88.505	0.1190399
88.51	0.1220016
88.515	0.1252255
88.52	0.1283796
88.525	0.131602
88.53	0.1347715
88.535	0.1378655
88.54	0.1408429
88.545	0.1436036
88.55	0.146312
88.555	0.1489759
88.56	0.151575
88.565	0.1540858
88.57	0.156552
88.575	0.1590294
88.58	0.1613817
88.585	0.1635255
88.59	0.1654411
88.595	0.167088
88.6	0.1686968
88.605	0.1701103
88.61	0.1714381
88.615	0.1727058
88.62	0.1739293
88.625	0.1751663
88.63	0.1762821
88.635	0.1773999
88.64	0.178509
88.645	0.1793479
88.65	0.1799305
88.655	0.1805241
88.66	0.1807069
88.665	0.1809298
88.67	0.1810195
88.675	0.1810462
88.68	0.181163
88.685	0.1813588
88.69	0.18156
88.695	0.181378
88.7	0.1811922
88.705	0.1809176
88.71	0.1805126
88.715	0.1801085
88.72	0.1793414
88.725	0.1785476
88.73	0.1775533
88.735	0.1765719
88.74	0.175588
88.745	0.1746392
88.75	0.1737526
88.755	0.1730222
88.76	0.1722816
88.765	0.1715896
88.77	0.1709199
88.775	0.1702631
88.78	0.1695124
88.785	0.1688038
88.79	0.1681798
88.795	0.1676505
88.8	0.1672219
88.805	0.1667733
88.81	0.1663789
88.815	0.1658703
88.82	0.165378
88.825	0.1649028
88.83	0.1644298
88.835	0.1639536
88.84	0.1635261
88.845	0.1630643
88.85	0.1625701
88.855	0.1620912
88.86	0.1615492
88.865	0.1612573
88.87	0.1605427
88.875	0.1598444
88.88	0.1591868
88.885	0.1583525
88.89	0.1573084
88.895	0.1561011
88.9	0.1548839
88.905	0.1535797
88.91	0.1523279
88.915	0.1510205
88.92	0.1497077
88.925	0.1484306
88.93	0.1470901
88.935	0.1458457
88.94	0.1445447
88.945	0.1432314
88.95	0.1418765
88.955	0.140503
88.96	0.1387014
88.965	0.1369043
88.97	0.1349757
88.975	0.1330059
88.98	0.1309717
88.985	0.1289573
88.99	0.1268914
88.995	0.1247857
89	0.1226413
89.005	0.1204806
89.01	0.1182917
89.015	0.1160872
89.02	0.1140344
89.025	0.1119655
89.03	0.1098845
89.035	0.1077308
89.04	0.1056588
89.045	0.1033812
89.05	0.1011189
89.055	0.09899964
89.06	0.0969632
89.065	0.09490225
89.07	0.09271266
89.075	0.09093869
89.08	0.08919311
89.085	0.08736379
89.09	0.08563191
89.095	0.08407505
89.1	0.08260289
89.105	0.08138406
89.11	0.08025652
89.115	0.07908506
89.12	0.07809344
89.125	0.07706598
89.13	0.07625195
89.135	0.07552171
89.14	0.07479364
89.145	0.07409121
89.15	0.07337927
89.155	0.07266303
89.16	0.07215115
89.165	0.07207221
89.17	0.07191288
89.175	0.07185248
89.18	0.07179826
89.185	0.07183548
89.19	0.07203293
89.195	0.07236416
89.2	0.07270026
89.205	0.0731987
89.21	0.07379621
89.215	0.07441828
89.22	0.07502009
89.225	0.07548862
89.23	0.07601036
89.235	0.07646155
89.24	0.07691267
89.245	0.07719911
89.25	0.07758078
89.255	0.07791961
89.26	0.07824166
89.265	0.07848899
89.27	0.07876231
89.275	0.07909909
89.28	0.07945018
89.285	0.07979893
89.29	0.08017893
89.295	0.08057292
89.3	0.08094752
89.305	0.08137969
89.31	0.08180363
89.315	0.08221537
89.32	0.08265831
89.325	0.08302357
89.33	0.08340013
89.335	0.08377414
89.34	0.08414988
89.345	0.08452506
89.35	0.08490893
89.355	0.08527836
89.36	0.08563245
89.365	0.08564841
89.37	0.08561599
89.375	0.08563082
89.38	0.08564666
89.385	0.08566929
89.39	0.08559768
89.395	0.08527502
89.4	0.08478862
89.405	0.08429986
89.41	0.08354885
89.415	0.08260455
89.42	0.08165788
89.425	0.08069802
89.43	0.07975288
89.435	0.07870948
89.44	0.07768749
89.445	0.0767042
89.45	0.075799
89.455	0.07490148
89.46	0.07402179
89.465	0.07316974
89.47	0.07237891
89.475	0.07159443
89.48	0.07077966
89.485	0.06992313
89.49	0.06905621
89.495	0.06818441
89.5	0.06730194
89.505	0.06641848
89.51	0.06552728
89.515	0.06463298
89.52	0.06373243
89.525	0.06275408
89.53	0.06182475
89.535	0.06089923
89.54	0.05993229
89.545	0.05895861
89.55	0.05797452
89.555	0.056982
89.56	0.05599297
89.565	0.0549877
89.57	0.05420851
89.575	0.05346144
89.58	0.05266348
89.585	0.051957
89.59	0.05130868
89.595	0.05076151
89.6	0.0504603
89.605	0.05024479
89.61	0.05002245
89.615	0.05009859
89.62	0.05057039
89.625	0.0511651
89.63	0.05192898
89.635	0.05289095
89.64	0.05410541
89.645	0.0555592
89.65	0.05724533
89.655	0.05913324
89.66	0.0611894
89.665	0.06340619
89.67	0.06586073
89.675	0.06850951
89.68	0.07132116
89.685	0.07433967
89.69	0.0774198
89.695	0.08059736
89.7	0.08384906
89.705	0.08709119
89.71	0.09032004
89.715	0.09352532
89.72	0.09670739
89.725	0.09982922
89.73	0.1029099
89.735	0.1059412
89.74	0.1088851
89.745	0.1117612
89.75	0.1145595
89.755	0.1172933
89.76	0.1199506
89.765	0.1225494
89.77	0.1251173
89.775	0.1276398
89.78	0.1301159
89.785	0.1325576
89.79	0.1349041
89.795	0.1372031
89.8	0.1394548
89.805	0.1416468
89.81	0.1438562
89.815	0.1460485
89.82	0.1481377
89.825	0.1500558
89.83	0.1518463
89.835	0.1535254
89.84	0.15509
89.845	0.1565034
89.85	0.157721
89.855	0.1586886
89.86	0.1594409
89.865	0.1600106
89.87	0.1603931
89.875	0.1604904
89.88	0.1603472
89.885	0.1599744
89.89	0.1593176
89.895	0.1584985
89.9	0.1574572
89.905	0.1561957
89.91	0.1547994
89.915	0.1532677
89.92	0.1516091
89.925	0.14983
89.93	0.1479754
89.935	0.1460496
89.94	0.1440394
89.945	0.1419768
89.95	0.1398833
89.955	0.1377584
89.96	0.1355925
89.965	0.1333988
89.97	0.1311605
89.975	0.1288603
89.98	0.1265166
89.985	0.1241183
89.99	0.1216435
89.995	0.1190968
90	0.1164193
90.005	0.1136567
90.01	0.110829
90.015	0.1078152
90.02	0.1046672
90.025	0.1014754
90.03	0.09824151
90.035	0.09496529
90.04	0.09161715
90.045	0.08816367
90.05	0.08466651
90.055	0.08119384
90.06	0.07783201
90.065	0.0745474
90.07	0.07130851
90.075	0.06812989
90.08	0.0651359
90.085	0.06231827
90.09	0.05966556
90.095	0.05728288
90.1	0.05502754
90.105	0.05300118
90.11	0.05122108
90.115	0.04957283
90.12	0.04806517
90.125	0.0466992
90.13	0.045455
90.135	0.04426179
90.14	0.04311991
90.145	0.04208067
90.15	0.04108238
90.155	0.0400862
90.16	0.03906798
90.165	0.03804375
90.17	0.03699278
90.175	0.03592803
90.18	0.0348734
90.185	0.03379774
90.19	0.03270853
90.195	0.03166769
90.2	0.03073246
90.205	0.0299927
90.21	0.02930852
90.215	0.02864084
90.22	0.0281763
90.225	0.02780754
90.23	0.02744617
90.235	0.02718364
90.24	0.0269589
90.245	0.02683055
90.25	0.02682586
90.255	0.02685911
90.26	0.02688768
90.265	0.02689921
90.27	0.02693911
90.275	0.02697311
90.28	0.02701112
90.285	0.02708643
90.29	0.02712096
90.295	0.02718926
90.3	0.02726659
90.305	0.02734512
90.31	0.02745069
90.315	0.02760184
90.32	0.02774431
90.325	0.02790522
90.33	0.02804204
90.335	0.02818546
90.34	0.02833397
90.345	0.0284889
90.35	0.02853603
90.355	0.028587
90.36	0.02858866
90.365	0.028603
90.37	0.02860288
90.375	0.02860645
90.38	0.02862707
90.385	0.02866184
90.39	0.02869897
90.395	0.02873893
90.4	0.02877847
90.405	0.02879342
90.41	0.02877835
90.415	0.02877851
90.42	0.0287788
90.425	0.0287869
90.43	0.02885154
90.435	0.02893297
90.44	0.02902243
90.445	0.02918888
90.45	0.02933363
90.455	0.02949329
90.46	0.02981315
90.465	0.03026248
90.47	0.03070327
90.475	0.03114312
90.48	0.03159522
90.485	0.03204795
90.49	0.03249782
90.495	0.03294968
90.5	0.03348192
90.505	0.03430545
90.51	0.03513217
90.515	0.03589975
90.52	0.0367126
90.525	0.03770011
90.53	0.03874419
90.535	0.03980549
90.54	0.04083919
90.545	0.04185768
90.55	0.04283954
90.555	0.04388948
90.56	0.04490903
90.565	0.04605967
90.57	0.04752341
90.575	0.04908833
90.58	0.0505979
90.585	0.05205766
90.59	0.05350936
90.595	0.05491493
90.6	0.05636381
90.605	0.05790128
90.61	0.0594447
90.615	0.06109441
90.62	0.06301011
90.625	0.06486957
90.63	0.06667184
90.635	0.06839746
90.64	0.07009385
90.645	0.07181054
90.65	0.0734694
90.655	0.07508979
90.66	0.07682479
90.665	0.07852079
90.67	0.08019243
90.675	0.08184011
90.68	0.08344797
90.685	0.08502104
90.69	0.08660647
90.695	0.0881666
90.7	0.0899082
90.705	0.09167189
90.71	0.09317821
90.715	0.09464339
90.72	0.09612478
90.725	0.09762235
90.73	0.09919156
90.735	0.1011642
90.74	0.1038652
90.745	0.1066263
90.75	0.109319
90.755	0.1122039
90.76	0.1149969
90.765	0.1177307
90.77	0.1206047
90.775	0.1231653
90.78	0.1257092
90.785	0.1283094
90.79	0.1308561
90.795	0.133322
90.8	0.1357492
90.805	0.1380705
90.81	0.140277
90.815	0.1424188
90.82	0.1444526
90.825	0.1463154
90.83	0.1481668
90.835	0.1500679
90.84	0.1519343
90.845	0.1537622
90.85	0.1555154
90.855	0.1572725
90.86	0.1590552
90.865	0.1606844
90.87	0.1622242
90.875	0.163676
90.88	0.1651474
90.885	0.1666356
90.89	0.1681217
90.895	0.1695918
90.9	0.1710503
90.905	0.1723509
90.91	0.1736121
90.915	0.1749278
90.92	0.1762949
90.925	0.1776932
90.93	0.1789808
90.935	0.1802001
90.94	0.1811503
90.945	0.1811975
90.95	0.1812327
90.955	0.1812597
90.96	0.1810897
90.965	0.1810164
90.97	0.1809398
90.975	0.180593
90.98	0.1803068
90.985	0.1799509
90.99	0.1794893
90.995	0.1790282
91	0.1786691
91.005	0.1783063
91.01	0.177988
91.015	0.1776699
91.02	0.1773617
91.025	0.1770456
91.03	0.1766267
91.035	0.1761908
91.04	0.1756654
91.045	0.1751643
91.05	0.1746634
91.055	0.1741821
91.06	0.1736364
91.065	0.1730034
91.07	0.172421
91.075	0.1718924
91.08	0.1714214
91.085	0.1708758
91.09	0.1702763
91.095	0.1696551
91.1	0.1689928
91.105	0.1683509
91.11	0.1676836
91.115	0.1669169
91.12	0.166152
91.125	0.1652665
91.13	0.1642414
91.135	0.1633098
91.14	0.1621667
91.145	0.1607121
91.15	0.1597707
91.155	0.158608
91.16	0.1574412
91.165	0.1561881
91.17	0.1546887
91.175	0.153173
91.18	0.151659
91.185	0.1501501
91.19	0.1485176
91.195	0.1468524
91.2	0.1451692
91.205	0.1432615
91.21	0.1413336
91.215	0.1393249
91.22	0.1373081
91.225	0.1352603
91.23	0.1331923
91.235	0.1312562
91.24	0.1293039
91.245	0.1273151
91.25	0.1252519
91.255	0.1231607
91.26	0.1210439
91.265	0.1189487
91.27	0.1168861
91.275	0.1147912
91.28	0.1126393
91.285	0.110383
91.29	0.1081583
91.295	0.1059332
91.3	0.1036889
91.305	0.1013975
91.31	0.09896055
91.315	0.09656304
91.32	0.09422062
91.325	0.09178128
91.33	0.08942004
91.335	0.08710857
91.34	0.08459122
91.345	0.08232132
91.35	0.08058242
91.355	0.07876605
91.36	0.07717843
91.365	0.07563118
91.37	0.07435442
91.375	0.07334562
91.38	0.07231541
91.385	0.07142154
91.39	0.07052797
91.395	0.06987119
91.4	0.06930802
91.405	0.06874032
91.41	0.06830882
91.415	0.06784197
91.42	0.06742592
91.425	0.06700294
91.43	0.06659902
91.435	0.06622914
91.44	0.06580093
91.445	0.06533723
91.45	0.06495623
91.455	0.06461597
91.46	0.06426439
91.465	0.06388177
91.47	0.06351892
91.475	0.06322651
91.48	0.06294262
91.485	0.06262591
91.49	0.06237361
91.495	0.0620712
91.5	0.06189546
91.505	0.06171151
91.51	0.06157915
91.515	0.06151916
91.52	0.06145168
91.525	0.06141745
91.53	0.06141462
91.535	0.0612797
91.54	0.06117642
91.545	0.06119357
91.55	0.06123116
91.555	0.06132278
91.56	0.06143484
91.565	0.06156841
91.57	0.06152985
91.575	0.06135557
91.58	0.06109052
91.585	0.06091932
91.59	0.06090972
91.595	0.06092454
91.6	0.06114267
91.605	0.06136916
91.61	0.0616082
91.615	0.06191316
91.62	0.06231461
91.625	0.06273102
91.63	0.06320119
91.635	0.06363062
91.64	0.06405912
91.645	0.06449042
91.65	0.06494102
91.655	0.06539056
91.66	0.06583952
91.665	0.06629156
91.67	0.0667599
91.675	0.06718362
91.68	0.06747137
91.685	0.06777015
91.69	0.06810198
91.695	0.06843873
91.7	0.06879481
91.705	0.06888429
91.71	0.06893023
91.715	0.06899615
91.72	0.06907385
91.725	0.06916771
91.73	0.06928511
91.735	0.06940205
91.74	0.06959911
91.745	0.06985001
91.75	0.07008809
91.755	0.07033731
91.76	0.07057685
91.765	0.07082928
91.77	0.07123194
91.775	0.07170241
91.78	0.07226561
91.785	0.07287729
91.79	0.07330738
91.795	0.07361495
91.8	0.07383753
91.805	0.07371922
91.81	0.0736384
91.815	0.07355258
91.82	0.07345
91.825	0.07321063
91.83	0.07294374
91.835	0.07259701
91.84	0.07227156
91.845	0.07193904
91.85	0.07161315
91.855	0.07128544
91.86	0.07097859
91.865	0.07073692
91.87	0.07051497
91.875	0.07032967
91.88	0.07030312
91.885	0.07044411
91.89	0.07062183
91.895	0.07082794
91.9	0.07120944
91.905	0.07213923
91.91	0.07367471
91.915	0.07552358
91.92	0.07756378
91.925	0.07977863
91.93	0.08217649
91.935	0.08470505
91.94	0.08741099
91.945	0.09030927
91.95	0.09327337
91.955	0.09640989
91.96	0.09966813
91.965	0.1029418
91.97	0.1063326
91.975	0.1095767
91.98	0.1128371
91.985	0.1160503
91.99	0.1191883
91.995	0.1223806
92	0.1255414
92.005	0.1286598
92.01	0.1318034
92.015	0.1348331
92.02	0.1377805
92.025	0.1406696
92.03	0.143539
92.035	0.146371
92.04	0.1491665
92.045	0.1519072
92.05	0.1546088
92.055	0.1572726
92.06	0.1599035
92.065	0.1624897
92.07	0.1649829
92.075	0.1674429
92.08	0.1698581
92.085	0.1721208
92.09	0.1742628
92.095	0.1763395
92.1	0.178371
92.105	0.1802415
92.11	0.1816679
92.115	0.1827123
92.12	0.1835084
92.125	0.1841027
92.13	0.1845217
92.135	0.1847434
92.14	0.1847831
92.145	0.1846117
92.15	0.1841713
92.155	0.1835114
92.16	0.1825645
92.165	0.1813495
92.17	0.1799617
92.175	0.1782959
92.18	0.1764974
92.185	0.174542
92.19	0.1724775
92.195	0.1703686
92.2	0.1681286
92.205	0.1658135
92.21	0.163456
92.215	0.1610577
92.22	0.1586417
92.225	0.1561961
92.23	0.1537179
92.235	0.1511948
92.24	0.1486054
92.245	0.1459741
92.25	0.1432934
92.255	0.1405414
92.26	0.1377219
92.265	0.1348249
92.27	0.1318321
92.275	0.1287911
92.28	0.1256368
92.285	0.1223492
92.29	0.1190434
92.295	0.1157052
92.3	0.1122847
92.305	0.1087592
92.31	0.105209
92.315	0.101869
92.32	0.09870802
92.325	0.0956271
92.33	0.09258418
92.335	0.0895241
92.34	0.08650285
92.345	0.08349319
92.35	0.08052416
92.355	0.07770354
92.36	0.07505832
92.365	0.07268406
92.37	0.07057311
92.375	0.06863191
92.38	0.06697731
92.385	0.06549254
92.39	0.06416176
92.395	0.06295663
92.4	0.06173514
92.405	0.06063628
92.41	0.05960163
92.415	0.0585598
92.42	0.05751013
92.425	0.05643343
92.43	0.05534417
92.435	0.05421489
92.44	0.05307448
92.445	0.05194668
92.45	0.05077759
92.455	0.04958012
92.46	0.04838443
92.465	0.04717272
92.47	0.04592769
92.475	0.04471684
92.48	0.04349835
92.485	0.04233726
92.49	0.04126508
92.495	0.04021081
92.5	0.03914957
92.505	0.03810045
92.51	0.03705555
92.515	0.03604786
92.52	0.03513049
92.525	0.03428767
92.53	0.03351662
92.535	0.03285741
92.54	0.0323613
92.545	0.03197644
92.55	0.03174705
92.555	0.03167393
92.56	0.03172182
92.565	0.03178369
92.57	0.03183892
92.575	0.0319164
92.58	0.03198896
92.585	0.03208074
92.59	0.03220806
92.595	0.03232941
92.6	0.0323422
92.605	0.03236623
92.61	0.03236614
92.615	0.03234628
92.62	0.03234404
92.625	0.03235405
92.63	0.03237662
92.635	0.03239756
92.64	0.0324115
92.645	0.03239741
92.65	0.03236911
92.655	0.03235866
92.66	0.03236785
92.665	0.03237596
92.67	0.03237547
92.675	0.03239424
92.68	0.03244088
92.685	0.03245902
92.69	0.03240485
92.695	0.03234732
92.7	0.03227295
92.705	0.03221216
92.71	0.03213912
92.715	0.03208065
92.72	0.03203083
92.725	0.03194534
92.73	0.03187046
92.735	0.03182802
92.74	0.03176289
92.745	0.03169719
92.75	0.03162781
92.755	0.03156183
92.76	0.03149744
92.765	0.03141891
92.77	0.03133538
92.775	0.03127484
92.78	0.03120002
92.785	0.0311248
92.79	0.03107613
92.795	0.03102132
92.8	0.03096341
92.805	0.03095613
92.81	0.0310014
92.815	0.03106684
92.82	0.03124975
92.825	0.03140303
92.83	0.03152337
92.835	0.03172721
92.84	0.03191878
92.845	0.03210928
92.85	0.03234401
92.855	0.0326036
92.86	0.03292716
92.865	0.03322859
92.87	0.03355125
92.875	0.03405373
92.88	0.03469782
92.885	0.03526927
92.89	0.03586436
92.895	0.03655838
92.9	0.03722333
92.905	0.03788373
92.91	0.03861918
92.915	0.03944712
92.92	0.04026081
92.925	0.04103827
92.93	0.04185668
92.935	0.04270172
92.94	0.0434914
92.945	0.04427427
92.95	0.04511178
92.955	0.04593927
92.96	0.04674478
92.965	0.04754934
92.97	0.04843378
92.975	0.04931121
92.98	0.05015295
92.985	0.0510248
92.99	0.05188609
92.995	0.05274591
93	0.05363656
93.005	0.05451722
93.01	0.05540899
93.015	0.05625759
93.02	0.05709093
93.025	0.05780485
93.03	0.0585235
93.035	0.05929369
93.04	0.06038207
93.045	0.06179953
93.05	0.06376683
93.055	0.06570966
93.06	0.06774425
93.065	0.06995399
93.07	0.07232973
93.075	0.07506475
93.08	0.07770908
93.085	0.08049165
93.09	0.08352313
93.095	0.0864722
93.1	0.08928458
93.105	0.09210157
93.11	0.0949296
93.115	0.09759903
93.12	0.1001187
93.125	0.1025707
93.13	0.104963
93.135	0.1073669
93.14	0.1096742
93.145	0.1119495
93.15	0.1141902
93.155	0.1163943
93.16	0.1186669
93.165	0.120905
93.17	0.1230958
93.175	0.1251734
93.18	0.127222
93.185	0.1293592
93.19	0.1314509
93.195	0.133533
93.2	0.1355588
93.205	0.1375268
93.21	0.1395595
93.215	0.141552
93.22	0.1435179
93.225	0.1454853
93.23	0.1474462
93.235	0.1493759
93.24	0.1512539
93.245	0.1528212
93.25	0.1540976
93.255	0.1549694
93.26	0.1558119
93.265	0.1565953
93.27	0.1571407
93.275	0.1575468
93.28	0.1575833
93.285	0.1575116
93.29	0.157206
93.295	0.1565554
93.3	0.1559002
93.305	0.1552376
93.31	0.1544745
93.315	0.1536115
93.32	0.1527885
93.325	0.1520069
93.33	0.1512167
93.335	0.1505172
93.34	0.149724
93.345	0.1490367
93.35	0.1483477
93.355	0.147663
93.36	0.1469115
93.365	0.1459789
93.37	0.1451291
93.375	0.144266
93.38	0.1437643
93.385	0.1432512
93.39	0.1426237
93.395	0.1419928
93.4	0.1413904
93.405	0.140813
93.41	0.1402961
93.415	0.139646
93.42	0.1390603
93.425	0.1385039
93.43	0.13789
93.435	0.1372732
93.44	0.1368068
93.445	0.1363318
93.45	0.135985
93.455	0.1358747
93.46	0.1359627
93.465	0.1361792
93.47	0.1362919
93.475	0.1365291
93.48	0.1367179
93.485	0.1370338
93.49	0.1374164
93.495	0.1378075
93.5	0.1384155
93.505	0.1389824
93.51	0.1395607
93.515	0.1402025
93.52	0.1408698
93.525	0.1414925
93.53	0.1420736
93.535	0.1426555
93.54	0.143036
93.545	0.143453
93.55	0.1437043
93.555	0.1439289
93.56	0.1441144
93.565	0.1443335
93.57	0.1446415
93.575	0.1447577
93.58	0.1448827
93.585	0.1443506
93.59	0.1438203
93.595	0.1432057
93.6	0.14258
93.605	0.1418252
93.61	0.14104
93.615	0.1401444
93.62	0.139229
93.625	0.1381763
93.63	0.1370546
93.635	0.1359545
93.64	0.1348414
93.645	0.1334497
93.65	0.1320673
93.655	0.1306969
93.66	0.1291584
93.665	0.1274732
93.67	0.1254849
93.675	0.123557
93.68	0.121606
93.685	0.1197262
93.69	0.1178669
93.695	0.1160281
93.7	0.1142543
93.705	0.1124181
93.71	0.1105668
93.715	0.1087088
93.72	0.1068302
93.725	0.104922
93.73	0.1029981
93.735	0.1010586
93.74	0.09908421
93.745	0.09725873
93.75	0.09531876
93.755	0.09341039
93.76	0.09148584
93.765	0.08956279
93.77	0.0876711
93.775	0.08585348
93.78	0.08416713
93.785	0.08244897
93.79	0.08127701
93.795	0.08013982
93.8	0.0791193
93.805	0.07807251
93.81	0.0771452
93.815	0.07626153
93.82	0.07546751
93.825	0.07476834
93.83	0.07419768
93.835	0.07368792
93.84	0.07324066
93.845	0.07282335
93.85	0.0725603
93.855	0.07227314
93.86	0.0720121
93.865	0.07184299
93.87	0.07193266
93.875	0.07226698
93.88	0.0726001
93.885	0.07291104
93.89	0.07330968
93.895	0.07378062
93.9	0.07413964
93.905	0.0745573
93.91	0.07494273
93.915	0.0753374
93.92	0.07568396
93.925	0.07592768
93.93	0.07618719
93.935	0.07645739
93.94	0.07672748
93.945	0.07700163
93.95	0.07719567
93.955	0.07753562
93.96	0.07793379
93.965	0.07834426
93.97	0.07873751
93.975	0.07902196
93.98	0.07910423
93.985	0.07918398
93.99	0.07930617
93.995	0.0795171
94	0.07961837
94.005	0.07974682
94.01	0.07988783
94.015	0.08004356
94.02	0.08016202
94.025	0.08029934
94.03	0.08044188
94.035	0.08057786
94.04	0.08075361
94.045	0.08082464
94.05	0.0808488
94.055	0.08091391
94.06	0.08098213
94.065	0.08100614
94.07	0.08106723
94.075	0.08101482
94.08	0.08095641
94.085	0.08092062
94.09	0.08092467
94.095	0.08073942
94.1	0.08045371
94.105	0.08020813
94.11	0.07988777
94.115	0.07963926
94.12	0.07942527
94.125	0.07918809
94.13	0.07899533
94.135	0.07880872
94.14	0.07864088
94.145	0.078478
94.15	0.07830022
94.155	0.07813451
94.16	0.07785049
94.165	0.07751889
94.17	0.07717536
94.175	0.07683762
94.18	0.0764869
94.185	0.07614076
94.19	0.07578935
94.195	0.07533398
94.2	0.07468556
94.205	0.07409361
94.21	0.07350031
94.215	0.07294703
94.22	0.07237479
94.225	0.07178003
94.23	0.07114106
94.235	0.0704577
94.24	0.06975241
94.245	0.0689536
94.25	0.06816144
94.255	0.06738675
94.26	0.06661584
94.265	0.06583352
94.27	0.06508718
94.275	0.06434929
94.28	0.06374687
94.285	0.06315988
94.29	0.06253105
94.295	0.06190877
94.3	0.06146785
94.305	0.06117358
94.31	0.06096597
94.315	0.06090684
94.32	0.06085978
94.325	0.06079857
94.33	0.06084833
94.335	0.06107075
94.34	0.06145088
94.345	0.06192531
94.35	0.06256365
94.355	0.06334852
94.36	0.06423637
94.365	0.06543584
94.37	0.0669752
94.375	0.06885298
94.38	0.07131825
94.385	0.07425412
94.39	0.0775515
94.395	0.08109053
94.4	0.0848536
94.405	0.08891844
94.41	0.09314158
94.415	0.0974772
94.42	0.101811
94.425	0.106088
94.43	0.110312
94.435	0.1144461
94.44	0.118467
94.445	0.1223632
94.45	0.1261447
94.455	0.1298185
94.46	0.1333999
94.465	0.1369224
94.47	0.140406
94.475	0.143844
94.48	0.1472228
94.485	0.1505122
94.49	0.153778
94.495	0.1570334
94.5	0.1602459
94.505	0.1634238
94.51	0.1665241
94.515	0.1695376
94.52	0.1724574
94.525	0.1753063
94.53	0.178119
94.535	0.1808462
94.54	0.183445
94.545	0.1859273
94.55	0.188298
94.555	0.1905386
94.56	0.1926901
94.565	0.1947765
94.57	0.1966876
94.575	0.1983688
94.58	0.199784
94.585	0.2007556
94.59	0.2013575
94.595	0.2016492
94.6	0.2016356
94.605	0.2013561
94.61	0.2007465
94.615	0.1998236
94.62	0.198601
94.625	0.1971461
94.63	0.1955454
94.635	0.1938225
94.64	0.1920199
94.645	0.190183
94.65	0.1883285
94.655	0.1864722
94.66	0.1846065
94.665	0.1827141
94.67	0.1807502
94.675	0.1786919
94.68	0.1765306
94.685	0.1742685
94.69	0.1719164
94.695	0.1694434
94.7	0.1668396
94.705	0.1640958
94.71	0.1611876
94.715	0.1581638
94.72	0.1550501
94.725	0.1518457
94.73	0.1485126
94.735	0.1450365
94.74	0.1414881
94.745	0.1378763
94.75	0.1341595
94.755	0.1303771
94.76	0.1265358
94.765	0.122552
94.77	0.1184215
94.775	0.1142367
94.78	0.1100575
94.785	0.105927
94.79	0.1020117
94.795	0.09829646
94.8	0.09474931
94.805	0.0914152
94.81	0.08824661
94.815	0.08535165
94.82	0.08272513
94.825	0.08038281
94.83	0.07825949
94.835	0.07625404
94.84	0.07434968
94.845	0.07247698
94.85	0.07057036
94.855	0.06861071
94.86	0.06654174
94.865	0.06440688
94.87	0.062194
94.875	0.05997473
94.88	0.05778234
94.885	0.05563611
94.89	0.05355074
94.895	0.05152974
94.9	0.04958031
94.905	0.04771148
94.91	0.04599143
94.915	0.044433
94.92	0.04298052
94.925	0.04162436
94.93	0.04036059
94.935	0.03928196
94.94	0.03834718
94.945	0.03741864
94.95	0.0365278
94.955	0.03577823
94.96	0.0350726
94.965	0.03442184
94.97	0.03393889
94.975	0.0335616
94.98	0.03326865
94.985	0.03302374
94.99	0.03284971
94.995	0.03276608
95	0.03271772
95.005	0.0327229
95.01	0.03269545
95.015	0.03264818
95.02	0.03252002
95.025	0.03239729
95.03	0.03226698
95.035	0.03219686
95.04	0.03218666
95.045	0.03211581
95.05	0.03205782
95.055	0.03201262
95.06	0.03196311
95.065	0.03200321
95.07	0.03203639
95.075	0.03208995
95.08	0.0321387
95.085	0.03219165
95.09	0.03224453
95.095	0.03231529
95.1	0.03238971
95.105	0.03247324
95.11	0.03255291
95.115	0.03262148
95.12	0.03271623
95.125	0.03284245
95.13	0.03290433
95.135	0.0329377
95.14	0.03296624
95.145	0.03303113
95.15	0.03313312
95.155	0.03327203
95.16	0.03341038
95.165	0.03355795
95.17	0.03366056
95.175	0.03380276
95.18	0.03404303
95.185	0.03427815
95.19	0.03451994
95.195	0.03474214
95.2	0.03494952
95.205	0.03515863
95.21	0.03533463
95.215	0.03553207
95.22	0.03575608
95.225	0.0360302
95.23	0.03637249
95.235	0.0367156
95.24	0.0369787
95.245	0.03715367
95.25	0.03741109
95.255	0.03769783
95.26	0.0380816
95.265	0.03846012
95.27	0.03878332
95.275	0.03910536
95.28	0.03942385
95.285	0.03976623
95.29	0.04009694
95.295	0.04044844
95.3	0.04078945
95.305	0.04121442
95.31	0.04164071
95.315	0.04206376
95.32	0.0424881
95.325	0.04296216
95.33	0.0434141
95.335	0.04410449
95.34	0.04485571
95.345	0.04559664
95.35	0.04627836
95.355	0.046989
95.36	0.04765779
95.365	0.04832549
95.37	0.04897896
95.375	0.04966379
95.38	0.05027172
95.385	0.0507697
95.39	0.05127555
95.395	0.05178072
95.4	0.052528
95.405	0.05361496
95.41	0.05481187
95.415	0.05623442
95.42	0.05787259
95.425	0.05951058
95.43	0.06113364
95.435	0.0627082
95.44	0.06424522
95.445	0.06587168
95.45	0.06747627
95.455	0.0689889
95.46	0.07066596
95.465	0.07240618
95.47	0.07436529
95.475	0.07656279
95.48	0.07871383
95.485	0.08100458
95.49	0.08374264
95.495	0.0865617
95.5	0.08926404
95.505	0.09193787
95.51	0.09447545
95.515	0.09693358
95.52	0.09934916
95.525	0.1017146
95.53	0.1040298
95.535	0.106666
95.54	0.1092114
95.545	0.1117937
95.55	0.1148378
95.555	0.1184955
95.56	0.1225118
95.565	0.1276803
95.57	0.1339374
95.575	0.1402821
95.58	0.1470905
95.585	0.1539702
95.59	0.1606744
95.595	0.1671403
95.6	0.1733638
95.605	0.1792367
95.61	0.184759
95.615	0.1900497
95.62	0.1951021
95.625	0.1999079
95.63	0.2045831
95.635	0.2091367
95.64	0.2135664
95.645	0.2179099
95.65	0.2221249
95.655	0.2262637
95.66	0.2303404
95.665	0.2342095
95.67	0.2379053
95.675	0.2415066
95.68	0.2449547
95.685	0.2483575
95.69	0.2515869
95.695	0.2544734
95.7	0.2573181
95.705	0.2601896
95.71	0.2630422
95.715	0.2659644
95.72	0.2688714
95.725	0.2717459
95.73	0.2746468
95.735	0.2775481
95.74	0.2801485
95.745	0.282643
95.75	0.2850284
95.755	0.2870029
95.76	0.2884055
95.765	0.2894536
95.77	0.2894085
95.775	0.288173
95.78	0.2865741
95.785	0.2842014
95.79	0.2814149
95.795	0.2784692
95.8	0.2754518
95.805	0.2724002
95.81	0.2694365
95.815	0.2664634
95.82	0.2634825
95.825	0.260459
95.83	0.2574121
95.835	0.2543294
95.84	0.2512313
95.845	0.248119
95.85	0.2449895
95.855	0.2418155
95.86	0.2385967
95.865	0.2353461
95.87	0.2321352
95.875	0.2289558
95.88	0.2255595
95.885	0.2220929
95.89	0.2185607
95.895	0.2150899
95.9	0.2116779
95.905	0.2081231
95.91	0.2044141
95.915	0.2005604
95.92	0.196376
95.925	0.1920623
95.93	0.1876281
95.935	0.182921
95.94	0.1779317
95.945	0.1730004
95.95	0.1680277
95.955	0.1629422
95.96	0.1579846
95.965	0.1533877
95.97	0.1487915
95.975	0.1450586
95.98	0.1424253
95.985	0.1401002
95.99	0.1385028
95.995	0.1372908
96	0.1362082
96.005	0.1351631
96.01	0.1341072
96.015	0.132714
96.02	0.1313892
96.025	0.1300441
96.03	0.1288039
96.035	0.1275949
96.04	0.1263793
96.045	0.1251002
96.05	0.1237676
96.055	0.1223087
96.06	0.1208753
96.065	0.1194291
96.07	0.1178826
96.075	0.1162654
96.08	0.1145934
96.085	0.1131508
96.09	0.1116679
96.095	0.1101622
96.1	0.1084618
96.105	0.106826
96.11	0.1050364
96.115	0.1031881
96.12	0.1013089
96.125	0.09965832
96.13	0.09801856
96.135	0.09637733
96.14	0.09483081
96.145	0.09346759
96.15	0.09208653
96.155	0.09070668
96.16	0.08937016
96.165	0.08808937
96.17	0.08679259
96.175	0.08567037
96.18	0.08464271
96.185	0.08362002
96.19	0.08259551
96.195	0.0816004
96.2	0.08069158
96.205	0.07978243
96.21	0.07887797
96.215	0.07797729
96.22	0.07735709
96.225	0.07659826
96.23	0.07584382
96.235	0.07486006
96.24	0.07394511
96.245	0.07301595
96.25	0.07210583
96.255	0.07133046
96.26	0.07064883
96.265	0.06992394
96.27	0.0692237
96.275	0.06866978
96.28	0.06817507
96.285	0.06769505
96.29	0.06720859
96.295	0.06687779
96.3	0.06652854
96.305	0.06631527
96.31	0.06619194
96.315	0.06649036
96.32	0.06693077
96.325	0.06749316
96.33	0.06803344
96.335	0.06856662
96.34	0.06910102
96.345	0.06965425
96.35	0.07012523
96.355	0.07061922
96.36	0.07101247
96.365	0.07139044
96.37	0.07181534
96.375	0.07229646
96.38	0.07280963
96.385	0.07329109
96.39	0.07376984
96.395	0.07427134
96.4	0.07474231
96.405	0.07501624
96.41	0.07533461
96.415	0.0757082
96.42	0.07606414
96.425	0.07641072
96.43	0.07681598
96.435	0.07721391
96.44	0.07775758
96.445	0.07816478
96.45	0.07857124
96.455	0.07897475
96.46	0.07917926
96.465	0.07938865
96.47	0.07962998
96.475	0.07982263
96.48	0.07989574
96.485	0.07994281
96.49	0.08000826
96.495	0.0800757
96.5	0.08012765
96.505	0.08020678
96.51	0.08029236
96.515	0.08019075
96.52	0.07989028
96.525	0.07955569
96.53	0.07918484
96.535	0.07881403
96.54	0.078484
96.545	0.078253
96.55	0.0780606
96.555	0.0780599
96.56	0.07806191
96.565	0.07823048
96.57	0.07844728
96.575	0.07857644
96.58	0.07860522
96.585	0.07863308
96.59	0.07869965
96.595	0.07877163
96.6	0.07882414
96.605	0.07887528
96.61	0.07899961
96.615	0.07901883
96.62	0.07882986
96.625	0.07864519
96.63	0.0784768
96.635	0.07831358
96.64	0.07818348
96.645	0.07803949
96.65	0.07802601
96.655	0.07810986
96.66	0.078264
96.665	0.07868977
96.67	0.07918544
96.675	0.07974621
96.68	0.08072801
96.685	0.08194833
96.69	0.08329274
96.695	0.08467026
96.7	0.08611459
96.705	0.08780684
96.71	0.08962135
96.715	0.09147164
96.72	0.09346946
96.725	0.09567859
96.73	0.0979657
96.735	0.1003431
96.74	0.1028547
96.745	0.1054035
96.75	0.1079567
96.755	0.1105881
96.76	0.1131188
96.765	0.115791
96.77	0.1183432
96.775	0.1208571
96.78	0.1235509
96.785	0.1263325
96.79	0.129111
96.795	0.1318532
96.8	0.1345501
96.805	0.1371843
96.81	0.1397862
96.815	0.1423467
96.82	0.1448885
96.825	0.1474577
96.83	0.1499837
96.835	0.1524567
96.84	0.1548916
96.845	0.157245
96.85	0.1595139
96.855	0.1616628
96.86	0.1637119
96.865	0.1656807
96.87	0.1674711
96.875	0.1691882
96.88	0.1708135
96.885	0.1720476
96.89	0.1731212
96.895	0.1740846
96.9	0.1749826
96.905	0.1758218
96.91	0.1764246
96.915	0.1769013
96.92	0.1773157
96.925	0.1776497
96.93	0.1778165
96.935	0.1778677
96.94	0.1777896
96.945	0.1775077
96.95	0.1770637
96.955	0.1764136
96.96	0.1755595
96.965	0.174546
96.97	0.1732528
96.975	0.1718809
96.98	0.1704186
96.985	0.1686481
96.99	0.1666865
96.995	0.1646172
97	0.1624442
97.005	0.1602151
97.01	0.1579557
97.015	0.1556438
97.02	0.1532947
97.025	0.150918
97.03	0.1485024
97.035	0.1460473
97.04	0.1435608
97.045	0.141034
97.05	0.1384932
97.055	0.1359492
97.06	0.1334198
97.065	0.1308531
97.07	0.1282599
97.075	0.1257071
97.08	0.1231005
97.085	0.1204654
97.09	0.1180237
97.095	0.1155743
97.1	0.1130827
97.105	0.1105321
97.11	0.1078885
97.115	0.1052975
97.12	0.1026553
97.125	0.09995273
97.13	0.09717249
97.135	0.09440208
97.14	0.0916304
97.145	0.08883546
97.15	0.0861317
97.155	0.08349714
97.16	0.08101131
97.165	0.07865202
97.17	0.07646182
97.175	0.07453088
97.18	0.07266507
97.185	0.07084584
97.19	0.06932634
97.195	0.067977
97.2	0.06669347
97.205	0.065493
97.21	0.06431444
97.215	0.06312859
97.22	0.06194429
97.225	0.06074243
97.23	0.0594791
97.235	0.0581759
97.24	0.05685022
97.245	0.05548177
97.25	0.05405253
97.255	0.05257729
97.26	0.05106426
97.265	0.04949601
97.27	0.04793746
97.275	0.04634052
97.28	0.04470089
97.285	0.04307512
97.29	0.04144254
97.295	0.03980195
97.3	0.0382759
97.305	0.03684807
97.31	0.035525
97.315	0.03436114
97.32	0.03332323
97.325	0.03245702
97.33	0.03166794
97.335	0.03102358
97.34	0.03051045
97.345	0.03003205
97.35	0.02968276
97.355	0.02937723
97.36	0.02917454
97.365	0.02904691
97.37	0.0289794
97.375	0.02894591
97.38	0.02889907
97.385	0.02890203
97.39	0.02894931
97.395	0.02902138
97.4	0.02910784
97.405	0.02922006
97.41	0.02934106
97.415	0.02942439
97.42	0.02950098
97.425	0.02958169
97.43	0.02966282
97.435	0.0297976
97.44	0.02994639
97.445	0.03008734
97.45	0.03019559
97.455	0.0303379
97.46	0.03050794
97.465	0.03069466
97.47	0.03090974
97.475	0.03112267
97.48	0.0313402
97.485	0.03155881
97.49	0.03177964
97.495	0.03201308
97.5	0.0322551
97.505	0.03239371
97.51	0.03251077
97.515	0.03256687
97.52	0.03252442
97.525	0.03248646
97.53	0.03246044
97.535	0.03243609
97.54	0.03242383
97.545	0.03241125
97.55	0.03242319
97.555	0.03247735
97.56	0.03252297
97.565	0.03249984
97.57	0.03247416
97.575	0.03244896
97.58	0.03242048
97.585	0.03248348
97.59	0.03254685
97.595	0.03261024
97.6	0.03270744
97.605	0.03281304
97.61	0.03290154
97.615	0.03299073
97.62	0.03309798
97.625	0.03322915
97.63	0.03338599
97.635	0.03371861
97.64	0.03410729
97.645	0.03449316
97.65	0.03486298
97.655	0.03525378
97.66	0.0356204
97.665	0.03613325
97.67	0.0367221
97.675	0.03728292
97.68	0.03785322
97.685	0.03842933
97.69	0.03900414
97.695	0.03958175
97.7	0.0401375
97.705	0.04065791
97.71	0.04129105
97.715	0.04191978
97.72	0.04257002
97.725	0.04324145
97.73	0.04389407
97.735	0.04450527
97.74	0.0451056
97.745	0.04569225
97.75	0.04640936
97.755	0.04714863
97.76	0.04782664
97.765	0.04851408
97.77	0.04930176
97.775	0.05008139
97.78	0.05086079
97.785	0.05174163
97.79	0.05251191
97.795	0.05336621
97.8	0.05420808
97.805	0.05500938
97.81	0.05579094
97.815	0.05657933
97.82	0.05740526
97.825	0.05823646
97.83	0.05903705
97.835	0.05979886
97.84	0.06045145
97.845	0.06102408
97.85	0.06171199
97.855	0.06239297
97.86	0.0632153
97.865	0.06411558
97.87	0.06594205
97.875	0.06816646
97.88	0.07083754
97.885	0.07346005
97.89	0.07602156
97.895	0.07859484
97.9	0.08110395
97.905	0.08354309
97.91	0.0859863
97.915	0.08861834
97.92	0.09127247
97.925	0.09399972
97.93	0.09683809
97.935	0.09971239
97.94	0.1026164
97.945	0.1054426
97.95	0.1082
97.955	0.110819
97.96	0.1133509
97.965	0.1158377
97.97	0.1183052
97.975	0.1206553
97.98	0.1229972
97.985	0.1253617
97.99	0.1276637
97.995	0.1299458
98	0.1321153
98.005	0.1343105
98.01	0.1364685
98.015	0.1386626
98.02	0.1408606
98.025	0.1429858
98.03	0.145068
98.035	0.1471254
98.04	0.1491575
98.045	0.1511514
98.05	0.1531607
98.055	0.1550684
98.06	0.1569516
98.065	0.1588563
98.07	0.1608022
98.075	0.1618529
98.08	0.1625073
98.085	0.1627949
98.09	0.1631068
98.095	0.1634369
98.1	0.1636696
98.105	0.1638775
98.11	0.1640842
98.115	0.1642325
98.12	0.1640471
98.125	0.1637529
98.13	0.1633032
98.135	0.1627523
98.14	0.1620568
98.145	0.1612367
98.15	0.1604037
98.155	0.1595607
98.16	0.1587677
98.165	0.1580254
98.17	0.157278
98.175	0.156482
98.18	0.1557244
98.185	0.1549903
98.19	0.1541887
98.195	0.1532961
98.2	0.1523949
98.205	0.151591
98.21	0.1507136
98.215	0.149945
98.22	0.1490814
98.225	0.1481305
98.23	0.1472051
98.235	0.1462938
98.24	0.1453935
98.245	0.1445032
98.25	0.1435913
98.255	0.1426112
98.26	0.1416401
98.265	0.1407435
98.27	0.1395968
98.275	0.1382341
98.28	0.1374208
98.285	0.1367914
98.29	0.1362334
98.295	0.1355197
98.3	0.1347219
98.305	0.1339824
98.31	0.1332625
98.315	0.1325588
98.32	0.1318705
98.325	0.1314226
98.33	0.1310415
98.335	0.1307148
98.34	0.1302364
98.345	0.1298413
98.35	0.1295082
98.355	0.1292155
98.36	0.1289318
98.365	0.1284955
98.37	0.1279333
98.375	0.1273729
98.38	0.1268141
98.385	0.1262052
98.39	0.1254245
98.395	0.1245835
98.4	0.1238152
98.405	0.1230421
98.41	0.1220881
98.415	0.1211055
98.42	0.1198425
98.425	0.1185557
98.43	0.1173116
98.435	0.1160253
98.44	0.1146843
98.445	0.1132775
98.45	0.1118169
98.455	0.1103745
98.46	0.1089525
98.465	0.1075228
98.47	0.1058634
98.475	0.104276
98.48	0.10273
98.485	0.1011219
98.49	0.09945735
98.495	0.09795083
98.5	0.09654815
98.505	0.0951414
98.51	0.09370541
98.515	0.09221418
98.52	0.09064214
98.525	0.08908327
98.53	0.08745457
98.535	0.08579326
98.54	0.0841482
98.545	0.08268266
98.55	0.08121255
98.555	0.07972221
98.56	0.07810137
98.565	0.07643347
98.57	0.07489482
98.575	0.07343582
98.58	0.07193717
98.585	0.07045543
98.59	0.06899224
98.595	0.06768306
98.6	0.06648432
98.605	0.06527297
98.61	0.06412039
98.615	0.06313125
98.62	0.06224275
98.625	0.06160473
98.63	0.06104568
98.635	0.06049503
98.64	0.06000708
98.645	0.05955567
98.65	0.05915234
98.655	0.05878813
98.66	0.05842373
98.665	0.05806178
98.67	0.05774538
98.675	0.05763365
98.68	0.05768384
98.685	0.05786747
98.69	0.0580133
98.695	0.058266
98.7	0.05834775
98.705	0.05851315
98.71	0.05872746
98.715	0.05896015
98.72	0.05922045
98.725	0.05956228
98.73	0.05983034
98.735	0.06008061
98.74	0.06033096
98.745	0.06058806
98.75	0.06086281
98.755	0.06118382
98.76	0.06150871
98.765	0.06196509
98.77	0.06242168
98.775	0.0628738
98.78	0.06331829
98.785	0.06376464
98.79	0.06415976
98.795	0.06457166
98.8	0.06496737
98.805	0.06531887
98.81	0.06565214
98.815	0.06584892
98.82	0.06600244
98.825	0.06608867
98.83	0.0661708
98.835	0.06625066
98.84	0.06628242
98.845	0.06626521
98.85	0.06642533
98.855	0.06658283
98.86	0.06680052
98.865	0.06702884
98.87	0.0672633
98.875	0.06743872
98.88	0.0676074
98.885	0.0677353
98.89	0.06787485
98.895	0.06807776
98.9	0.06831861
98.905	0.06863004
98.91	0.06880089
98.915	0.06898871
98.92	0.06914667
98.925	0.06936402
98.93	0.0695166
98.935	0.06969409
98.94	0.06986618
98.945	0.0700409
98.95	0.07018712
98.955	0.07030152
98.96	0.07027696
98.965	0.07025837
98.97	0.07010034
98.975	0.06995162
98.98	0.06979691
98.985	0.06965308
98.99	0.06953002
98.995	0.06953966
99	0.06963384
99.005	0.06984975
99.01	0.07015004
99.015	0.07064828
99.02	0.07149409
99.025	0.07255738
99.03	0.07405633
99.035	0.07588872
99.04	0.07801472
99.045	0.08063262
99.05	0.08383052
99.055	0.08716467
99.06	0.09069891
99.065	0.09443046
99.07	0.09841777
99.075	0.1024778
99.08	0.1067026
99.085	0.1112612
99.09	0.1160529
99.095	0.1208633
99.1	0.1257489
99.105	0.1306468
99.11	0.1355399
99.115	0.1404578
99.12	0.1452663
99.125	0.1499824
99.13	0.1545777
99.135	0.1590882
99.14	0.1634976
99.145	0.1678079
99.15	0.1720149
99.155	0.1761285
99.16	0.1801555
99.165	0.1841255
99.17	0.1880102
99.175	0.1918596
99.18	0.195645
99.185	0.1993773
99.19	0.2030508
99.195	0.2066559
99.2	0.2101399
99.205	0.2135053
99.21	0.216754
99.215	0.2199282
99.22	0.2229542
99.225	0.2257506
99.23	0.2283827
99.235	0.2307141
99.24	0.2327901
99.245	0.234629
99.25	0.2360999
99.255	0.2370966
99.26	0.2377633
99.265	0.2381869
99.27	0.238303
99.275	0.2380969
99.28	0.237696
99.285	0.2370281
99.29	0.2359112
99.295	0.2344058
99.3	0.2326319
99.305	0.2305401
99.31	0.2281785
99.315	0.2255864
99.32	0.2227664
99.325	0.2198353
99.33	0.2168031
99.335	0.2136424
99.34	0.21038
99.345	0.2070295
99.35	0.2036135
99.355	0.2001417
99.36	0.1966219
99.365	0.1930383
99.37	0.1893856
99.375	0.185667
99.38	0.1818401
99.385	0.1778908
99.39	0.1738207
99.395	0.1696273
99.4	0.1653151
99.405	0.1609052
99.41	0.1563888
99.415	0.151759
99.42	0.1469778
99.425	0.1420786
99.43	0.1371572
99.435	0.1321636
99.44	0.1272065
99.445	0.1222683
99.45	0.1173323
99.455	0.1125403
99.46	0.1080424
99.465	0.1037544
99.47	0.09956417
99.475	0.09555335
99.48	0.09171865
99.485	0.08795253
99.49	0.08437758
99.495	0.08119512
99.5	0.07836774
99.505	0.07586728
99.51	0.07376896
99.515	0.07200686
99.52	0.07051155
99.525	0.06928716
99.53	0.06812476
99.535	0.06698291
99.54	0.06598057
99.545	0.06504005
99.55	0.0641566
99.555	0.06327451
99.56	0.06231663
99.565	0.06125411
99.57	0.06016663
99.575	0.05906095
99.58	0.05788904
99.585	0.0567376
99.59	0.05562525
99.595	0.05450494
99.6	0.05339004
99.605	0.05225874
99.61	0.05113473
99.615	0.05004049
99.62	0.04898274
99.625	0.04793654
99.63	0.04692686
99.635	0.04591649
99.64	0.0448877
99.645	0.04386522
99.65	0.04282355
99.655	0.04177228
99.66	0.0407164
99.665	0.03968972
99.67	0.03868071
99.675	0.03763154
99.68	0.03663343
99.685	0.03573125
99.69	0.03486614
99.695	0.03401461
99.7	0.03331148
99.705	0.03275901
99.71	0.03219781
99.715	0.0316344
99.72	0.03107015
99.725	0.03054862
99.73	0.0300976
99.735	0.02970369
99.74	0.02940339
99.745	0.0291175
99.75	0.02889244
99.755	0.02875715
99.76	0.02862908
99.765	0.02857784
99.77	0.02862471
99.775	0.02869623
99.78	0.02877313
99.785	0.02888811
99.79	0.02901923
99.795	0.0291694
99.8	0.02934572
99.805	0.02953153
99.81	0.02975615
99.815	0.03000341
99.82	0.03026658
99.825	0.03054062
99.83	0.03083266
99.835	0.03119154
99.84	0.0316865
99.845	0.03233509
99.85	0.03301194
99.855	0.03369461
99.86	0.0343858
99.865	0.03508368
99.87	0.03569993
99.875	0.03630266
99.88	0.03691498
99.885	0.03751121
99.89	0.03810168
99.895	0.03865944
99.9	0.03923034
99.905	0.03989794
99.91	0.04055043
99.915	0.04120319
99.92	0.04187774
99.925	0.04258188
99.93	0.04324823
99.935	0.04385036
99.94	0.04448523
99.945	0.04511473
99.95	0.04577582
99.955	0.04639365
99.96	0.04691233
99.965	0.0474594
99.97	0.04800473
99.975	0.04855514
99.98	0.04908641
99.985	0.0496206
99.99	0.05015531
99.995	0.0506893
100	0.05127683
100.005	0.05192768
100.01	0.05258086
100.015	0.05321473
100.02	0.05383764
100.025	0.054444
100.03	0.05507056
100.035	0.05569337
100.04	0.05625322
100.045	0.05669962
100.05	0.05711277
100.055	0.05753235
100.06	0.05791757
100.065	0.05828404
100.07	0.05862482
100.075	0.059032
100.08	0.05944433
100.085	0.05988257
100.09	0.06032871
100.095	0.06089815
100.1	0.06147179
100.105	0.06201388
100.11	0.06244366
100.115	0.06288753
100.12	0.06331623
100.125	0.06376673
100.13	0.0641772
100.135	0.06462063
100.14	0.06515601
100.145	0.06573839
100.15	0.06629723
100.155	0.06681062
100.16	0.06731401
100.165	0.06779415
100.17	0.06822646
100.175	0.06871997
100.18	0.06921293
100.185	0.06970773
100.19	0.07033287
100.195	0.07116807
100.2	0.0719792
100.205	0.07279713
100.21	0.07363974
100.215	0.07461799
100.22	0.07667693
100.225	0.07900569
100.23	0.08147583
100.235	0.08437776
100.24	0.08750972
100.245	0.090924
100.25	0.09431094
100.255	0.09746383
100.26	0.1006206
100.265	0.1038646
100.27	0.1075236
100.275	0.1113881
100.28	0.1151572
100.285	0.1188198
100.29	0.1223565
100.295	0.1257842
100.3	0.1290788
100.305	0.1323771
100.31	0.1356021
100.315	0.1387774
100.32	0.1420026
100.325	0.1453141
100.33	0.1485168
100.335	0.1516609
100.34	0.1547865
100.345	0.15781
100.35	0.1607335
100.355	0.1636097
100.36	0.1665471
100.365	0.1694512
100.37	0.1723227
100.375	0.1751571
100.38	0.1778974
100.385	0.1805975
100.39	0.1832579
100.395	0.1857801
100.4	0.1881852
100.405	0.1905849
100.41	0.1928963
100.415	0.1952808
100.42	0.1976287
100.425	0.1992126
100.43	0.2005262
100.435	0.2016744
100.44	0.2023691
100.445	0.2027788
100.45	0.2028549
100.455	0.2028387
100.46	0.2029517
100.465	0.2030095
100.47	0.2029531
100.475	0.2023802
100.48	0.201459
100.485	0.2004721
100.49	0.1995086
100.495	0.1985491
100.5	0.1975954
100.505	0.1965785
100.51	0.1955171
100.515	0.1945356
100.52	0.193548
100.525	0.1923697
100.53	0.1909564
100.535	0.1895829
100.54	0.1882271
100.545	0.1867766
100.55	0.1852942
100.555	0.1837816
100.56	0.1822783
100.565	0.1805561
100.57	0.1787942
100.575	0.1770121
100.58	0.1753104
100.585	0.1736164
100.59	0.1718895
100.595	0.1701577
100.6	0.1684652
100.605	0.1667266
100.61	0.1649414
100.615	0.1631858
100.62	0.1610661
100.625	0.1587233
100.63	0.1566547
100.635	0.1547278
100.64	0.152872
100.645	0.1513555
100.65	0.1500121
100.655	0.1488992
100.66	0.1478564
100.665	0.1465525
100.67	0.1451878
100.675	0.143752
100.68	0.1426215
100.685	0.1417301
100.69	0.1408581
100.695	0.1398803
100.7	0.138873
100.705	0.1378436
100.71	0.1368682
100.715	0.1357477
100.72	0.1344026
100.725	0.1330237
100.73	0.1317435
100.735	0.1306025
100.74	0.1294092
100.745	0.128119
100.75	0.1268607
100.755	0.1256118
100.76	0.1243834
100.765	0.1231189
100.77	0.1220035
100.775	0.1209011
100.78	0.1198144
100.785	0.1184182
100.79	0.1170058
100.795	0.1155913
100.8	0.1141527
100.805	0.1126663
100.81	0.1111342
100.815	0.1095683
100.82	0.1080029
100.825	0.1066702
100.83	0.1055369
100.835	0.1045227
100.84	0.1035197
100.845	0.1025651
100.85	0.101425
100.855	0.1002968
100.86	0.09909975
100.865	0.09787286
100.87	0.09682506
100.875	0.09574609
100.88	0.09479943
100.885	0.09387157
100.89	0.09299255
100.895	0.09210703
100.9	0.09124597
100.905	0.09039661
100.91	0.08957304
100.915	0.08880712
100.92	0.0882067
100.925	0.08766015
100.93	0.08712613
100.935	0.08662552
100.94	0.08612775
100.945	0.08547682
100.95	0.08487952
100.955	0.08428482
100.96	0.08370707
100.965	0.08316299
100.97	0.0826416
100.975	0.082101
100.98	0.08167978
100.985	0.08118823
100.99	0.08096641
100.995	0.08074783
101	0.08052977
101.005	0.08031
101.01	0.08011126
101.015	0.07999079
101.02	0.07987325
101.025	0.07970636
101.03	0.07956815
101.035	0.07941379
101.04	0.07928163
101.045	0.07909192
101.05	0.07875326
101.055	0.07854908
101.06	0.07834633
101.065	0.07818879
101.07	0.07827367
101.075	0.07838186
101.08	0.0785863
101.085	0.07881331
101.09	0.07906081
101.095	0.07912809
101.1	0.079215
101.105	0.07934718
101.11	0.0794635
101.115	0.07951273
101.12	0.07945768
101.125	0.07953196
101.13	0.07974797
101.135	0.07997885
101.14	0.08019011
101.145	0.08040524
101.15	0.0807559
101.155	0.08112061
101.16	0.08147927
101.165	0.08184224
101.17	0.0821493
101.175	0.08236151
101.18	0.0826235
101.185	0.08264162
101.19	0.08268247
101.195	0.08262561
101.2	0.08256261
101.205	0.08249364
101.21	0.08234793
101.215	0.08222956
101.22	0.08213561
101.225	0.08206738
101.23	0.08197439
101.235	0.08188546
101.24	0.08178275
101.245	0.0817243
101.25	0.08174452
101.255	0.0818387
101.26	0.08190761
101.265	0.08189503
101.27	0.08187802
101.275	0.08141567
101.28	0.08091293
101.285	0.0804278
101.29	0.07988428
101.295	0.07933363
101.3	0.07888616
101.305	0.07844217
101.31	0.07800168
101.315	0.07759419
101.32	0.07725225
101.325	0.0769792
101.33	0.07644582
101.335	0.07580361
101.34	0.07514156
101.345	0.07449043
101.35	0.07384712
101.355	0.07322207
101.36	0.07257418
101.365	0.07195561
101.37	0.0713146
101.375	0.07069916
101.38	0.07010658
101.385	0.06944096
101.39	0.06889156
101.395	0.06848577
101.4	0.06832135
101.405	0.06828654
101.41	0.06839746
101.415	0.06875517
101.42	0.0692525
101.425	0.06988602
101.43	0.07073476
101.435	0.07178877
101.44	0.07299434
101.445	0.07437696
101.45	0.07580991
101.455	0.07719715
101.46	0.07859345
101.465	0.08012167
101.47	0.0818868
101.475	0.08371577
101.48	0.08579351
101.485	0.0879428
101.49	0.0900673
101.495	0.09220007
101.5	0.09433823
101.505	0.09646814
101.51	0.0985906
101.515	0.1006756
101.52	0.1026926
101.525	0.1046597
101.53	0.1065987
101.535	0.1086111
101.54	0.1106501
101.545	0.1126921
101.55	0.1147215
101.555	0.1167122
101.56	0.1186454
101.565	0.1205667
101.57	0.1224546
101.575	0.1243192
101.58	0.1261566
101.585	0.1279798
101.59	0.1297786
101.595	0.1315473
101.6	0.1331505
101.605	0.1345474
101.61	0.1358018
101.615	0.1369052
101.62	0.1378259
101.625	0.1385623
101.63	0.1391485
101.635	0.1395029
101.64	0.1396667
101.645	0.1396688
101.65	0.1394776
101.655	0.1391247
101.66	0.1387037
101.665	0.1382399
101.67	0.1376005
101.675	0.1367142
101.68	0.1356931
101.685	0.134568
101.69	0.1333054
101.695	0.1319896
101.7	0.1306172
101.705	0.1291727
101.71	0.1276432
101.715	0.1260299
101.72	0.1243739
101.725	0.1227
101.73	0.1209621
101.735	0.1191168
101.74	0.1171979
101.745	0.1151909
101.75	0.1130803
101.755	0.110869
101.76	0.1086012
101.765	0.1062932
101.77	0.1039052
101.775	0.1014334
101.78	0.09890043
101.785	0.09630206
101.79	0.09366458
101.795	0.09098608
101.8	0.08824778
101.805	0.0855803
101.81	0.08298657
101.815	0.08041763
101.82	0.07793196
101.825	0.07554513
101.83	0.07326232
101.835	0.07104818
101.84	0.06898411
101.845	0.06705186
101.85	0.0652118
101.855	0.0635009
101.86	0.06195702
101.865	0.06047613
101.87	0.05901104
101.875	0.05771934
101.88	0.05666384
101.885	0.05574099
101.89	0.05492186
101.895	0.05419744
101.9	0.05345817
101.905	0.05275716
101.91	0.05206895
101.915	0.05145316
101.92	0.05092398
101.925	0.05040361
101.93	0.04988348
101.935	0.04943584
101.94	0.049131
101.945	0.04886956
101.95	0.04864356
101.955	0.04848652
101.96	0.04840378
101.965	0.04834875
101.97	0.04829177
101.975	0.04825434
101.98	0.04825114
101.985	0.04825122
101.99	0.04824476
101.995	0.04813593
102	0.04794894
102.005	0.04774663
102.01	0.04737088
102.015	0.04696756
102.02	0.0465609
102.025	0.04599823
102.03	0.0453574
102.035	0.04471641
102.04	0.04407898
102.045	0.04344669
102.05	0.04281241
102.055	0.04221674
102.06	0.04166205
102.065	0.04109124
102.07	0.04052772
102.075	0.03995815
102.08	0.03937364
102.085	0.03881549
102.09	0.03826747
102.095	0.03771239
102.1	0.03720368
102.105	0.03675288
102.11	0.03630492
102.115	0.03586409
102.12	0.03542852
102.125	0.03496859
102.13	0.03452204
102.135	0.03409203
102.14	0.03364727
102.145	0.0331724
102.15	0.03271219
102.155	0.03226171
102.16	0.03182433
102.165	0.031395
102.17	0.0309214
102.175	0.03045428
102.18	0.02996603
102.185	0.02947494
102.19	0.028966
102.195	0.02845379
102.2	0.028031
102.205	0.02768989
102.21	0.02735829
102.215	0.02717072
102.22	0.02699394
102.225	0.02681735
102.23	0.02677133
102.235	0.02678401
102.24	0.02675783
102.245	0.02670613
102.25	0.02666777
102.255	0.02666461
102.26	0.02660284
102.265	0.02651708
102.27	0.0264395
102.275	0.0263821
102.28	0.02633983
102.285	0.02632926
102.29	0.02629938
102.295	0.02625182
102.3	0.02621063
102.305	0.02616551
102.31	0.02615369
102.315	0.02615241
102.32	0.02619155
102.325	0.02625348
102.33	0.0263403
102.335	0.02642412
102.34	0.02646591
102.345	0.02653005
102.35	0.02665914
102.355	0.02679262
102.36	0.02697098
102.365	0.02712815
102.37	0.02731224
102.375	0.02752661
102.38	0.02775629
102.385	0.02801404
102.39	0.02830016
102.395	0.02862832
102.4	0.02898803
102.405	0.02934984
102.41	0.029663
102.415	0.02998326
102.42	0.03030393
102.425	0.03065028
102.43	0.0310142
102.435	0.03138157
102.44	0.03174822
102.445	0.03214717
102.45	0.03261841
102.455	0.03305779
102.46	0.03344889
102.465	0.03387391
102.47	0.03432196
102.475	0.03476588
102.48	0.03516594
102.485	0.03553871
102.49	0.03587853
102.495	0.03621932
102.5	0.03656385
102.505	0.03709876
102.51	0.03764438
102.515	0.03814507
102.52	0.03862509
102.525	0.03910589
102.53	0.03965173
102.535	0.04014778
102.54	0.04065495
102.545	0.04118237
102.55	0.0417139
102.555	0.04233147
102.56	0.0429357
102.565	0.0435163
102.57	0.04412697
102.575	0.04468059
102.58	0.04541394
102.585	0.04611325
102.59	0.04681585
102.595	0.04768326
102.6	0.04848885
102.605	0.0493913
102.61	0.05053881
102.615	0.05167652
102.62	0.05280839
102.625	0.05404746
102.63	0.05524383
102.635	0.05643229
102.64	0.05760487
102.645	0.05877834
102.65	0.06063464
102.655	0.0624681
102.66	0.06428991
102.665	0.06617249
102.67	0.06798658
102.675	0.06972815
102.68	0.07146429
102.685	0.07317769
102.69	0.07488024
102.695	0.07681173
102.7	0.07888293
102.705	0.08098024
102.71	0.0830475
102.715	0.08529494
102.72	0.08816195
102.725	0.09181314
102.73	0.09649032
102.735	0.1014549
102.74	0.1064211
102.745	0.1114422
102.75	0.1162749
102.755	0.1209157
102.76	0.1253305
102.765	0.1295997
102.77	0.1337408
102.775	0.1377365
102.78	0.1417386
102.785	0.1455094
102.79	0.149191
102.795	0.1527727
102.8	0.1561774
102.805	0.1596388
102.81	0.1629915
102.815	0.1661648
102.82	0.1694562
102.825	0.1727596
102.83	0.1759375
102.835	0.179404
102.84	0.1829268
102.845	0.1864131
102.85	0.1899005
102.855	0.192886
102.86	0.1958381
102.865	0.1987592
102.87	0.201635
102.875	0.2045706
102.88	0.2075208
102.885	0.2104315
102.89	0.2133103
102.895	0.2162084
102.9	0.2190846
102.905	0.2217956
102.91	0.2244276
102.915	0.2269203
102.92	0.2292063
102.925	0.2309585
102.93	0.2320238
102.935	0.2321715
102.94	0.231833
102.945	0.2312921
102.95	0.2304777
102.955	0.2296248
102.96	0.2287567
102.965	0.2279191
102.97	0.227114
102.975	0.2263037
102.98	0.2255028
102.985	0.2245684
102.99	0.2237237
102.995	0.2228855
103	0.2220626
103.005	0.2212504
103.01	0.2202577
103.015	0.2192565
103.02	0.218248
103.025	0.2170265
103.03	0.2156713
103.035	0.2143252
103.04	0.2123927
103.045	0.2102288
103.05	0.2080004
103.055	0.2056962
103.06	0.2035643
103.065	0.2015406
103.07	0.1994392
103.075	0.1972205
103.08	0.1947669
103.085	0.1922951
103.09	0.1897592
103.095	0.1871967
103.1	0.1844354
103.105	0.1813831
103.11	0.1783507
103.115	0.1753204
103.12	0.1723196
103.125	0.1694009
103.13	0.1667916
103.135	0.1645882
103.14	0.1628968
103.145	0.161552
103.15	0.1603375
103.155	0.1593104
103.16	0.1583038
103.165	0.1573095
103.17	0.1562024
103.175	0.1549726
103.18	0.1537332
103.185	0.1524714
103.19	0.1512666
103.195	0.149894
103.2	0.1484716
103.205	0.1469912
103.21	0.1455033
103.215	0.1441438
103.22	0.142717
103.225	0.1413124
103.23	0.1398948
103.235	0.1385442
103.24	0.1371643
103.245	0.1362247
103.25	0.1354012
103.255	0.1345584
103.26	0.1335506
103.265	0.1325379
103.27	0.1309207
103.275	0.1293408
103.28	0.1278522
103.285	0.1265108
103.29	0.1248601
103.295	0.1231934
103.3	0.1214118
103.305	0.119738
103.31	0.118051
103.315	0.1163442
103.32	0.1144968
103.325	0.112628
103.33	0.1106913
103.335	0.1087019
103.34	0.1067092
103.345	0.1048036
103.35	0.102861
103.355	0.1009062
103.36	0.09892552
103.365	0.09690569
103.37	0.09484341
103.375	0.09283934
103.38	0.09089627
103.385	0.08887314
103.39	0.08680142
103.395	0.08471785
103.4	0.08272508
103.405	0.0807234
103.41	0.07871203
103.415	0.07674927
103.42	0.07474169
103.425	0.07279665
103.43	0.07078466
103.435	0.06893513
103.44	0.06705842
103.445	0.06517783
103.45	0.06320771
103.455	0.06122672
103.46	0.05928514
103.465	0.05767244
103.47	0.05603021
103.475	0.05527948
103.48	0.05451327
103.485	0.05372937
103.49	0.05298428
103.495	0.05270538
103.5	0.05252411
103.505	0.05251132
103.51	0.05267808
103.515	0.05320491
103.52	0.05374346
103.525	0.05440357
103.53	0.05508534
103.535	0.05588594
103.54	0.0566968
103.545	0.05748489
103.55	0.05821053
103.555	0.05901505
103.56	0.05973084
103.565	0.06045593
103.57	0.06116913
103.575	0.06182827
103.58	0.06253175
103.585	0.06321779
103.59	0.06393978
103.595	0.06468131
103.6	0.06540672
103.605	0.06613806
103.61	0.06685748
103.615	0.06759912
103.62	0.06816186
103.625	0.0687114
103.63	0.0692431
103.635	0.06980096
103.64	0.07040817
103.645	0.07107224
103.65	0.07171291
103.655	0.0723745
103.66	0.07309291
103.665	0.0737523
103.67	0.07427547
103.675	0.07479571
103.68	0.07517193
103.685	0.0755267
103.69	0.07583306
103.695	0.07606469
103.7	0.07626379
103.705	0.07643405
103.71	0.07657113
103.715	0.07645954
103.72	0.07636072
103.725	0.07625068
103.73	0.07615455
103.735	0.07602054
103.74	0.07578094
103.745	0.07553751
103.75	0.07529732
103.755	0.07508008
103.76	0.07470928
103.765	0.07436986
103.77	0.07394164
103.775	0.07357026
103.78	0.07324034
103.785	0.07284824
103.79	0.07248693
103.795	0.07212732
103.8	0.07174256
103.805	0.07136389
103.81	0.07096958
103.815	0.07057969
103.82	0.07014319
103.825	0.06981144
103.83	0.06941714
103.835	0.06904962
103.84	0.06867441
103.845	0.06822298
103.85	0.0677051
103.855	0.06724434
103.86	0.06682546
103.865	0.06630227
103.87	0.06582619
103.875	0.06546488
103.88	0.06512787
103.885	0.06483522
103.89	0.06457117
103.895	0.06438545
103.9	0.06425305
103.905	0.06415324
103.91	0.06400133
103.915	0.06388981
103.92	0.06396446
103.925	0.06405373
103.93	0.06414709
103.935	0.06422232
103.94	0.06433155
103.945	0.064487
103.95	0.06464989
103.955	0.06481576
103.96	0.06498238
103.965	0.06523855
103.97	0.06550091
103.975	0.06582615
103.98	0.06602128
103.985	0.06616705
103.99	0.06634839
103.995	0.06648732
104	0.06661812
104.005	0.0667586
104.01	0.06689435
104.015	0.06701843
104.02	0.06712426
104.025	0.06725239
104.03	0.06730988
104.035	0.06740792
104.04	0.06745262
104.045	0.06749504
104.05	0.06753623
104.055	0.06750652
104.06	0.06738052
104.065	0.06716772
104.07	0.0670087
104.075	0.06679863
104.08	0.06650604
104.085	0.06616981
104.09	0.06584441
104.095	0.06549556
104.1	0.06505538
104.105	0.06459632
104.11	0.06409834
104.115	0.06362137
104.12	0.06307837
104.125	0.06244922
104.13	0.06179482
104.135	0.06112745
104.14	0.06047725
104.145	0.05981611
104.15	0.05912923
104.155	0.0584211
104.16	0.05770134
104.165	0.05697447
104.17	0.05624153
104.175	0.05548072
104.18	0.05471685
104.185	0.05402041
104.19	0.05333511
104.195	0.05263042
104.2	0.05190592
104.205	0.05117902
104.21	0.05043152
104.215	0.04967044
104.22	0.04891841
104.225	0.0481657
104.23	0.04737635
104.235	0.04662361
104.24	0.04586399
104.245	0.04512945
104.25	0.04436681
104.255	0.0435745
104.26	0.04288135
104.265	0.04221125
104.27	0.04155857
104.275	0.04087974
104.28	0.04024007
104.285	0.03966634
104.29	0.03908714
104.295	0.03851329
104.3	0.03794682
104.305	0.0374552
104.31	0.03696437
104.315	0.03651377
104.32	0.0360947
104.325	0.03573596
104.33	0.03544471
104.335	0.03516133
104.34	0.03488552
104.345	0.03456414
104.35	0.03418365
104.355	0.0337992
104.36	0.03342264
104.365	0.03303381
104.37	0.03266154
104.375	0.03228318
104.38	0.03193836
104.385	0.03156998
104.39	0.03119503
104.395	0.03083518
104.4	0.0304627
104.405	0.03010749
104.41	0.02973999
104.415	0.02938672
104.42	0.0290358
104.425	0.02866606
104.43	0.02830707
104.435	0.02795622
104.44	0.02761375
104.445	0.02726637
104.45	0.02692272
104.455	0.02659707
104.46	0.02633024
104.465	0.02608845
104.47	0.02589765
104.475	0.02576258
104.48	0.02562968
104.485	0.02548964
104.49	0.02533121
104.495	0.02519949
104.5	0.02507434
104.505	0.02492544
104.51	0.02477263
104.515	0.02463359
104.52	0.02447221
104.525	0.02429203
104.53	0.02411361
104.535	0.02393815
104.54	0.02381279
104.545	0.02371023
104.55	0.02363632
104.555	0.02361768
104.56	0.02364292
104.565	0.02366403
104.57	0.02369433
104.575	0.02365646
104.58	0.02361994
104.585	0.02353352
104.59	0.02344257
104.595	0.02335638
104.6	0.02327506
104.605	0.02321338
104.61	0.02320051
104.615	0.02320591
104.62	0.02321104
104.625	0.02329086
104.63	0.02338574
104.635	0.02348184
104.64	0.02360557
104.645	0.02373454
104.65	0.02387495
104.655	0.02401253
104.66	0.02416199
104.665	0.02431652
104.67	0.0244221
104.675	0.0245312
104.68	0.0246239
104.685	0.02472981
104.69	0.02489714
104.695	0.02508274
104.7	0.02527589
104.705	0.0254609
104.71	0.02567354
104.715	0.02588666
104.72	0.02608791
104.725	0.02628089
104.73	0.02647807
104.735	0.02666772
104.74	0.0268724
104.745	0.02707066
104.75	0.02726092
104.755	0.02745146
104.76	0.02769409
104.765	0.02792634
104.77	0.02827609
104.775	0.02873402
104.78	0.02925623
104.785	0.02977427
104.79	0.0303527
104.795	0.03093524
104.8	0.03153459
104.805	0.03211672
104.81	0.03269825
104.815	0.0332542
104.82	0.03378274
104.825	0.03434449
104.83	0.0349011
104.835	0.03556114
104.84	0.03619781
104.845	0.03688571
104.85	0.03755566
104.855	0.03820867
104.86	0.03886296
104.865	0.03950127
104.87	0.04013012
104.875	0.04075434
104.88	0.0413655
104.885	0.04197352
104.89	0.04257279
104.895	0.04309482
104.9	0.04359794
104.905	0.04408972
104.91	0.04459235
104.915	0.04510504
104.92	0.04561491
104.925	0.04611788
104.93	0.04665277
104.935	0.04720359
104.94	0.04783519
104.945	0.0484515
104.95	0.04910414
104.955	0.04972733
104.96	0.05034433
104.965	0.05089925
104.97	0.05146471
104.975	0.05190615
104.98	0.0522869
104.985	0.05263421
104.99	0.05297263
104.995	0.05325408
105	0.05352705
105.005	0.05378209
105.01	0.05403543
105.015	0.05427527
105.02	0.05449582
105.025	0.05497207
105.03	0.05573262
105.035	0.05649904
105.04	0.05711725
105.045	0.05786896
105.05	0.05852838
105.055	0.05926693
105.06	0.06037308
105.065	0.06144668
105.07	0.06267901
105.075	0.06390627
105.08	0.06511549
105.085	0.06635164
105.09	0.06758291
105.095	0.06880877
105.1	0.07012234
105.105	0.0718085
105.11	0.07407338
105.115	0.07683359
105.12	0.07948022
105.125	0.08208026
105.13	0.08581442
105.135	0.09095276
105.14	0.09716037
105.145	0.1039425
105.15	0.1112334
105.155	0.1193674
105.16	0.1276551
105.165	0.1361159
105.17	0.1458601
105.175	0.155736
105.18	0.1652474
105.185	0.1744612
105.19	0.183238
105.195	0.1916142
105.2	0.1996515
105.205	0.2073972
105.21	0.2148812
105.215	0.2225396
105.22	0.2301739
105.225	0.2376514
105.23	0.2448005
105.235	0.2516077
105.24	0.2583611
105.245	0.2649825
105.25	0.2714044
105.255	0.2777714
105.26	0.2840991
105.265	0.2902551
105.27	0.2963498
105.275	0.3022486
105.28	0.3080301
105.285	0.3139038
105.29	0.3200023
105.295	0.325984
105.3	0.3318685
105.305	0.3376353
105.31	0.343153
105.315	0.3484175
105.32	0.3533831
105.325	0.3583014
105.33	0.3632093
105.335	0.3675144
105.34	0.3710004
105.345	0.3737582
105.35	0.3759606
105.355	0.3776486
105.36	0.3785152
105.365	0.3789434
105.37	0.3789442
105.375	0.3776629
105.38	0.3757676
105.385	0.3736867
105.39	0.3714124
105.395	0.3691096
105.4	0.3668005
105.405	0.3644834
105.41	0.3621303
105.415	0.3597382
105.42	0.3568001
105.425	0.3535673
105.43	0.3502622
105.435	0.3469776
105.44	0.3437075
105.445	0.3402005
105.45	0.3366275
105.455	0.3330195
105.46	0.3292426
105.465	0.3251995
105.47	0.320956
105.475	0.3165547
105.48	0.3121918
105.485	0.3077959
105.49	0.3029433
105.495	0.2972645
105.5	0.2914718
105.505	0.2855323
105.51	0.2794425
105.515	0.2732909
105.52	0.2669207
105.525	0.2604872
105.53	0.2538314
105.535	0.2467911
105.54	0.2398999
105.545	0.2334211
105.55	0.2273161
105.555	0.2214594
105.56	0.2157729
105.565	0.21061
105.57	0.2056888
105.575	0.2009076
105.58	0.1970289
105.585	0.1936386
105.59	0.1903472
105.595	0.1870817
105.6	0.1837408
105.605	0.1803045
105.61	0.1767544
105.615	0.1731579
105.62	0.169513
105.625	0.1663561
105.63	0.1633485
105.635	0.1600976
105.64	0.1566866
105.645	0.1532216
105.65	0.149878
105.655	0.1464582
105.66	0.1429558
105.665	0.1394695
105.67	0.1361741
105.675	0.1330798
105.68	0.129967
105.685	0.1264548
105.69	0.1226963
105.695	0.1192734
105.7	0.1167327
105.705	0.114137
105.71	0.1114965
105.715	0.1088311
105.72	0.1061386
105.725	0.1036959
105.73	0.1012937
105.735	0.09891298
105.74	0.09675513
105.745	0.09464452
105.75	0.09248727
105.755	0.0903105
105.76	0.0881584
105.765	0.08613813
105.77	0.08417595
105.775	0.08220658
105.78	0.08035721
105.785	0.07884112
105.79	0.07734324
105.795	0.07582262
105.8	0.07444421
105.805	0.07310273
105.81	0.07177843
105.815	0.07050131
105.82	0.06917644
105.825	0.06782994
105.83	0.06647634
105.835	0.06520566
105.84	0.0642789
105.845	0.06340863
105.85	0.06248469
105.855	0.06167963
105.86	0.06092155
105.865	0.06013348
105.87	0.05942187
105.875	0.05866988
105.88	0.0578253
105.885	0.05714843
105.89	0.05688164
105.895	0.05676727
105.9	0.05669449
105.905	0.05666444
105.91	0.05664006
105.915	0.05663226
105.92	0.05666141
105.925	0.05668151
105.93	0.05675246
105.935	0.05682969
105.94	0.05691564
105.945	0.057054
105.95	0.05722243
105.955	0.05738223
105.96	0.05753422
105.965	0.05768292
105.97	0.05786076
105.975	0.05805061
105.98	0.05827008
105.985	0.05852014
105.99	0.05872258
105.995	0.0589909
106	0.05923446
106.005	0.05948667
106.01	0.05973392
106.015	0.05998285
106.02	0.06022217
106.025	0.06048587
106.03	0.06074335
106.035	0.06096137
106.04	0.0612021
106.045	0.0614766
106.05	0.06180478
106.055	0.06213617
106.06	0.06233106
106.065	0.06250001
106.07	0.06269438
106.075	0.06285231
106.08	0.06303366
106.085	0.06325069
106.09	0.06330576
106.095	0.06326292
106.1	0.0632368
106.105	0.06319024
106.11	0.06299433
106.115	0.06279452
106.12	0.06264287
106.125	0.06247279
106.13	0.06231105
106.135	0.06205105
106.14	0.06178807
106.145	0.06150452
106.15	0.06110782
106.155	0.06064675
106.16	0.06018958
106.165	0.05972695
106.17	0.05929727
106.175	0.05883912
106.18	0.05837448
106.185	0.0579349
106.19	0.05769743
106.195	0.05772217
106.2	0.05785529
106.205	0.0583338
106.21	0.05915603
106.215	0.06045525
106.22	0.06238496
106.225	0.06490961
106.23	0.06829797
106.235	0.07217906
106.24	0.07639639
106.245	0.08114453
106.25	0.08619432
106.255	0.09138221
106.26	0.09686531
106.265	0.1025557
106.27	0.108176
106.275	0.1137458
106.28	0.1192434
106.285	0.1246012
106.29	0.1298788
106.295	0.1351003
106.3	0.1401937
106.305	0.1451237
106.31	0.1499112
106.315	0.1546264
106.32	0.1592105
106.325	0.1636396
106.33	0.1679523
106.335	0.172158
106.34	0.1762886
106.345	0.1803286
106.35	0.1843004
106.355	0.1882356
106.36	0.1921399
106.365	0.1960056
106.37	0.1998559
106.375	0.2036821
106.38	0.2074469
106.385	0.2111586
106.39	0.2148251
106.395	0.2183583
106.4	0.2217229
106.405	0.2249583
106.41	0.2280001
106.415	0.2308284
106.42	0.2333872
106.425	0.2355913
106.43	0.2374483
106.435	0.2387571
106.44	0.2396738
106.445	0.240266
106.45	0.2403537
106.455	0.2400293
106.46	0.2393857
106.465	0.2382838
106.47	0.2367793
106.475	0.2350613
106.48	0.233119
106.485	0.2309796
106.49	0.2287106
106.495	0.2262588
106.5	0.223643
106.505	0.2209463
106.51	0.2181874
106.515	0.2153728
106.52	0.212461
106.525	0.2094992
106.53	0.2065051
106.535	0.2034692
106.54	0.2003849
106.545	0.1972376
106.55	0.1940291
106.555	0.1907369
106.56	0.1873323
106.565	0.183782
106.57	0.1800736
106.575	0.1761566
106.58	0.1720008
106.585	0.1677063
106.59	0.1632566
106.595	0.158574
106.6	0.1537578
106.605	0.1488389
106.61	0.1437568
106.615	0.1385817
106.62	0.1333346
106.625	0.1280364
106.63	0.1227661
106.635	0.1175099
106.64	0.1125271
106.645	0.1077281
106.65	0.1030571
106.655	0.09878413
106.66	0.09482223
106.665	0.0910882
106.67	0.08780073
106.675	0.08494449
106.68	0.08228441
106.685	0.07983697
106.69	0.07759272
106.695	0.0754502
106.7	0.0734896
106.705	0.07169687
106.71	0.06990234
106.715	0.06811231
106.72	0.06632158
106.725	0.06458216
106.73	0.06281295
106.735	0.0610043
106.74	0.05913697
106.745	0.05720011
106.75	0.05521845
106.755	0.05319652
106.76	0.05113728
106.765	0.04908304
106.77	0.04709455
106.775	0.04519968
106.78	0.04347991
106.785	0.04202042
106.79	0.0406071
106.795	0.03923736
106.8	0.0380926
106.805	0.03703272
106.81	0.03602957
106.815	0.03519117
106.82	0.03440666
106.825	0.03366112
106.83	0.03302223
106.835	0.03250025
106.84	0.03215668
106.845	0.03190082
106.85	0.03164323
106.855	0.03141979
106.86	0.03112955
106.865	0.03088877
106.87	0.03067826
106.875	0.03049746
106.88	0.03032244
106.885	0.03014395
106.89	0.02998293
106.895	0.02978032
106.9	0.02954723
106.905	0.02932566
106.91	0.02908855
106.915	0.02890824
106.92	0.02872227
106.925	0.02852703
106.93	0.02835321
106.935	0.02818793
106.94	0.0279871
106.945	0.02781419
106.95	0.02765641
106.955	0.02750245
106.96	0.02728954
106.965	0.02708345
106.97	0.02688764
106.975	0.02669357
106.98	0.02652406
106.985	0.02636496
106.99	0.02623149
106.995	0.02609753
107	0.02596235
107.005	0.02582669
107.01	0.02571362
107.015	0.02563108
107.02	0.02560325
107.025	0.02557251
107.03	0.02558962
107.035	0.02563416
107.04	0.02569881
107.045	0.02578366
107.05	0.02589527
107.055	0.0260864
107.06	0.02646931
107.065	0.02687171
107.07	0.02726636
107.075	0.02772113
107.08	0.02818394
107.085	0.02864038
107.09	0.02909343
107.095	0.02964171
107.1	0.03031347
107.105	0.03098895
107.11	0.03165076
107.115	0.03231109
107.12	0.0329599
107.125	0.03366491
107.13	0.03445573
107.135	0.03519833
107.14	0.03590176
107.145	0.03659184
107.15	0.03723959
107.155	0.03791076
107.16	0.03858312
107.165	0.03926564
107.17	0.03995194
107.175	0.04063302
107.18	0.04130895
107.185	0.04195415
107.19	0.0425989
107.195	0.04322725
107.2	0.0438614
107.205	0.04448752
107.21	0.04511135
107.215	0.04572069
107.22	0.04631854
107.225	0.0469414
107.23	0.04756427
107.235	0.04824656
107.24	0.04894131
107.245	0.04963
107.25	0.05030754
107.255	0.0509806
107.26	0.05159254
107.265	0.05204726
107.27	0.0525232
107.275	0.05300289
107.28	0.05343958
107.285	0.05386161
107.29	0.05430797
107.295	0.05492618
107.3	0.0554947
107.305	0.05592781
107.31	0.05635925
107.315	0.05680788
107.32	0.05730998
107.325	0.05780491
107.33	0.05833548
107.335	0.05889964
107.34	0.05946135
107.345	0.06004174
107.35	0.06071029
107.355	0.06148801
107.36	0.06222453
107.365	0.06293821
107.37	0.06364134
107.375	0.06452166
107.38	0.06539764
107.385	0.06626666
107.39	0.06725988
107.395	0.06827075
107.4	0.0694489
107.405	0.07070725
107.41	0.07214471
107.415	0.0738168
107.42	0.07548395
107.425	0.07715794
107.43	0.07875863
107.435	0.08035324
107.44	0.0819092
107.445	0.08346235
107.45	0.0849759
107.455	0.08650105
107.46	0.08814298
107.465	0.08994085
107.47	0.09172304
107.475	0.09359019
107.48	0.09546829
107.485	0.0973092
107.49	0.0991707
107.495	0.1009776
107.5	0.1025668
107.505	0.1040852
107.51	0.1056896
107.515	0.1072831
107.52	0.1088511
107.525	0.1103822
107.53	0.1118952
107.535	0.113288
107.54	0.114534
107.545	0.1158187
107.55	0.117075
107.555	0.1182293
107.56	0.1192595
107.565	0.1202971
107.57	0.1213305
107.575	0.1223585
107.58	0.1231739
107.585	0.1239924
107.59	0.1249269
107.595	0.1257024
107.6	0.1266495
107.605	0.1274476
107.61	0.1281842
107.615	0.1286922
107.62	0.1289718
107.625	0.1292281
107.63	0.129424
107.635	0.1295891
107.64	0.1297214
107.645	0.1297777
107.65	0.1297643
107.655	0.1297973
107.66	0.1297958
107.665	0.1296257
107.67	0.1295883
107.675	0.129594
107.68	0.1294135
107.685	0.1291534
107.69	0.1289069
107.695	0.1285816
107.7	0.128379
107.705	0.1283718
107.71	0.1283962
107.715	0.1282958
107.72	0.1281772
107.725	0.1280988
107.73	0.1279906
107.735	0.127879
107.74	0.1278224
107.745	0.127838
107.75	0.1278021
107.755	0.1277702
107.76	0.1278032
107.765	0.1279774
107.77	0.1281568
107.775	0.1283342
107.78	0.1285556
107.785	0.1289968
107.79	0.1294104
107.795	0.1295789
107.8	0.129956
107.805	0.1299308
107.81	0.1299634
107.815	0.1299217
107.82	0.1301676
107.825	0.1304763
107.83	0.1308188
107.835	0.1311806
107.84	0.1315781
107.845	0.1320029
107.85	0.1324486
107.855	0.1329328
107.86	0.1333366
107.865	0.1337585
107.87	0.1342165
107.875	0.1341154
107.88	0.1339894
107.885	0.1339632
107.89	0.1339806
107.895	0.1339771
107.9	0.1340226
107.905	0.1338359
107.91	0.133447
107.915	0.1330576
107.92	0.1327279
107.925	0.1323992
107.93	0.1319947
107.935	0.1315846
107.94	0.1311846
107.945	0.1307851
107.95	0.1303862
107.955	0.1299598
107.96	0.1295324
107.965	0.1290876
107.97	0.1284672
107.975	0.1278803
107.98	0.1273056
107.985	0.1266405
107.99	0.125744
107.995	0.1248495
108	0.124078
108.005	0.123082
108.01	0.1222988
108.015	0.1214401
108.02	0.1206528
108.025	0.1194771
108.03	0.1182585
108.035	0.1169185
108.04	0.11558
108.045	0.1142095
108.05	0.1127838
108.055	0.1113687
108.06	0.1099658
108.065	0.1086004
108.07	0.1071625
108.075	0.1057462
108.08	0.104675
108.085	0.1035438
108.09	0.1023803
108.095	0.1012126
108.1	0.100132
108.105	0.0989992
108.11	0.09801592
108.115	0.09712978
108.12	0.09625969
108.125	0.09538683
108.13	0.09451224
108.135	0.09360328
108.14	0.09271897
108.145	0.09179986
108.15	0.0908644
108.155	0.08991413
108.16	0.08900852
108.165	0.08809807
108.17	0.08711468
108.175	0.08624069
108.18	0.08516476
108.185	0.08403661
108.19	0.08294115
108.195	0.08197646
108.2	0.08103575
108.205	0.08008198
108.21	0.07920215
108.215	0.07830397
108.22	0.07743848
108.225	0.07660075
108.23	0.07606405
108.235	0.0756073
108.24	0.07526702
108.245	0.07489784
108.25	0.07455357
108.255	0.07424084
108.26	0.07392472
108.265	0.07351817
108.27	0.0730889
108.275	0.07272077
108.28	0.07234325
108.285	0.07201124
108.29	0.0718218
108.295	0.07163057
108.3	0.07143108
108.305	0.07100249
108.31	0.0706111
108.315	0.07021738
108.32	0.06979596
108.325	0.06930173
108.33	0.06879759
108.335	0.06828866
108.34	0.06788882
108.345	0.06747126
108.35	0.06706565
108.355	0.06665591
108.36	0.06625858
108.365	0.06583731
108.37	0.06540375
108.375	0.06504531
108.38	0.06472704
108.385	0.06455742
108.39	0.0644104
108.395	0.06428226
108.4	0.06415086
108.405	0.06397299
108.41	0.06380624
108.415	0.06362483
108.42	0.06345672
108.425	0.06329369
108.43	0.06304288
108.435	0.0627757
108.44	0.06240278
108.445	0.06202219
108.45	0.06166747
108.455	0.0612801
108.46	0.06088465
108.465	0.06048759
108.47	0.06014237
108.475	0.05979183
108.48	0.05943017
108.485	0.05907545
108.49	0.05873187
108.495	0.05814678
108.5	0.0575828
108.505	0.0569984
108.51	0.05653448
108.515	0.05604917
108.52	0.05558253
108.525	0.05522499
108.53	0.05496048
108.535	0.05471783
108.54	0.05448682
108.545	0.05423871
108.55	0.0540631
108.555	0.05392903
108.56	0.05391361
108.565	0.0540275
108.57	0.05416506
108.575	0.05441163
108.58	0.05488422
108.585	0.05560082
108.59	0.05652947
108.595	0.05760993
108.6	0.05882561
108.605	0.06013309
108.61	0.06154759
108.615	0.06307995
108.62	0.06477367
108.625	0.06648407
108.63	0.06826323
108.635	0.07006375
108.64	0.07181915
108.645	0.07362441
108.65	0.07546873
108.655	0.07727657
108.66	0.07906545
108.665	0.08083774
108.67	0.08257261
108.675	0.08428073
108.68	0.08598113
108.685	0.08765578
108.69	0.08929224
108.695	0.09090703
108.7	0.09257587
108.705	0.09420516
108.71	0.09577646
108.715	0.09733152
108.72	0.0988668
108.725	0.1003466
108.73	0.1017311
108.735	0.103059
108.74	0.1043541
108.745	0.1056253
108.75	0.1068584
108.755	0.1080158
108.76	0.1091347
108.765	0.1101341
108.77	0.11098
108.775	0.1118077
108.78	0.1125381
108.785	0.1130283
108.79	0.113222
108.795	0.1132042
108.8	0.1130162
108.805	0.1126754
108.81	0.1122332
108.815	0.1116444
108.82	0.1108673
108.825	0.1099256
108.83	0.1089031
108.835	0.1077739
108.84	0.1065771
108.845	0.1053692
108.85	0.1041185
108.855	0.1027171
108.86	0.1012633
108.865	0.09976996
108.87	0.09822645
108.875	0.09665634
108.88	0.09504476
108.885	0.09337902
108.89	0.09167734
108.895	0.08994394
108.9	0.0881618
108.905	0.08634379
108.91	0.08448814
108.915	0.08262684
108.92	0.08071706
108.925	0.07876127
108.93	0.07678116
108.935	0.07479172
108.94	0.07274194
108.945	0.07062726
108.95	0.0684441
108.955	0.06620092
108.96	0.06392151
108.965	0.0615557
108.97	0.05918131
108.975	0.05685689
108.98	0.05442276
108.985	0.0519476
108.99	0.0496162
108.995	0.04752835
109	0.04558735
109.005	0.04377331
109.01	0.04204972
109.015	0.04039548
109.02	0.03888112
109.025	0.0375796
109.03	0.03647909
109.035	0.03546344
109.04	0.03456924
109.045	0.03376036
109.05	0.03293382
109.055	0.03213079
109.06	0.03153887
109.065	0.03100647
109.07	0.0304984
109.075	0.03000725
109.08	0.02951382
109.085	0.02903736
109.09	0.02856657
109.095	0.02808502
109.1	0.02762047
109.105	0.02718915
109.11	0.02675469
109.115	0.02630421
109.12	0.02583829
109.125	0.02536992
109.13	0.02488804
109.135	0.02438723
109.14	0.02390094
109.145	0.02347378
109.15	0.02307335
109.155	0.02268529
109.16	0.0223188
109.165	0.02196103
109.17	0.02161329
109.175	0.02129119
109.18	0.02093789
109.185	0.02071546
109.19	0.02058333
109.195	0.0204653
109.2	0.02038616
109.205	0.02033901
109.21	0.02031933
109.215	0.02036088
109.22	0.02038866
109.225	0.02044401
109.23	0.0205104
109.235	0.02055417
109.24	0.0206227
109.245	0.02074754
109.25	0.02086974
109.255	0.02099175
109.26	0.02112143
109.265	0.02125516
109.27	0.02138829
109.275	0.02151564
109.28	0.02166093
109.285	0.02180376
109.29	0.02194559
109.295	0.02212773
109.3	0.02232942
109.305	0.02249488
109.31	0.02262828
109.315	0.02275827
109.32	0.02290426
109.325	0.02305139
109.33	0.02320453
109.335	0.02336067
109.34	0.02354058
109.345	0.02374021
109.35	0.02393695
109.355	0.02413594
109.36	0.02433362
109.365	0.02454273
109.37	0.02475999
109.375	0.02499876
109.38	0.02523605
109.385	0.02548886
109.39	0.02561954
109.395	0.0256742
109.4	0.02572525
109.405	0.02575581
109.41	0.02578325
109.415	0.02579548
109.42	0.02578347
109.425	0.02577695
109.43	0.02576343
109.435	0.02574986
109.44	0.02574758
109.445	0.02567091
109.45	0.02551534
109.455	0.02538065
109.46	0.02524554
109.465	0.02509188
109.47	0.02494692
109.475	0.02480046
109.48	0.02465716
109.485	0.024512
109.49	0.02436647
109.495	0.02421997
109.5	0.02404601
109.505	0.02384983
109.51	0.02365786
109.515	0.02347201
109.52	0.02328083
109.525	0.02311264
109.53	0.02297402
109.535	0.02284595
109.54	0.02272687
109.545	0.02256566
109.55	0.02236745
109.555	0.02216762
109.56	0.02196002
109.565	0.02175482
109.57	0.02156691
109.575	0.02139554
109.58	0.02121888
109.585	0.02107605
109.59	0.02092842
109.595	0.02085795
109.6	0.02089429
109.605	0.02094959
109.61	0.02103857
109.615	0.02113473
109.62	0.02127502
109.625	0.02143285
109.63	0.02167
109.635	0.02191687
109.64	0.02221004
109.645	0.02256621
109.65	0.02296716
109.655	0.02339063
109.66	0.02376045
109.665	0.02412449
109.67	0.02449595
109.675	0.02484492
109.68	0.02519928
109.685	0.02556727
109.69	0.0259305
109.695	0.02631526
109.7	0.02673568
109.705	0.02718469
109.71	0.02764127
109.715	0.02809881
109.72	0.02855142
109.725	0.02900875
109.73	0.02942992
109.735	0.02980201
109.74	0.03016279
109.745	0.03052913
109.75	0.03091074
109.755	0.03129816
109.76	0.03168995
109.765	0.03216467
109.77	0.03271019
109.775	0.03329343
109.78	0.03394556
109.785	0.03460194
109.79	0.03523957
109.795	0.03587782
109.8	0.0365176
109.805	0.03707672
109.81	0.03761072
109.815	0.03813809
109.82	0.03869001
109.825	0.03925411
109.83	0.03986835
109.835	0.04038728
109.84	0.04089021
109.845	0.04135976
109.85	0.04181518
109.855	0.04230023
109.86	0.04281944
109.865	0.04334552
109.87	0.0439117
109.875	0.04447663
109.88	0.04510427
109.885	0.04574549
109.89	0.04635861
109.895	0.04696573
109.9	0.04753585
109.905	0.04809884
109.91	0.0486276
109.915	0.04930552
109.92	0.04997051
109.925	0.05064516
109.93	0.05160358
109.935	0.05257839
109.94	0.0535501
109.945	0.05453222
109.95	0.05547727
109.955	0.05640624
109.96	0.05732134
109.965	0.05825251
109.97	0.05908415
109.975	0.05981444
109.98	0.06052534
109.985	0.06112021
109.99	0.06169141
109.995	0.06224815
110	0.06297331
110.005	0.0638233
110.01	0.06468061
110.015	0.06555974
110.02	0.06648572
110.025	0.06735825
110.03	0.06827462
110.035	0.06924789
110.04	0.07026395
110.045	0.07157162
110.05	0.07288774
110.055	0.07425464
110.06	0.07581756
110.065	0.07735481
110.07	0.07887764
110.075	0.08062004
110.08	0.08231898
110.085	0.0839339
110.09	0.08550852
110.095	0.08710941
110.1	0.08871224
110.105	0.09029442
110.11	0.09182074
110.115	0.09333222
110.12	0.09465538
110.125	0.09596432
110.13	0.0973714
110.135	0.09852051
110.14	0.09967394
110.145	0.1009459
110.15	0.1021645
110.155	0.1034124
110.16	0.1046439
110.165	0.1058948
110.17	0.1071283
110.175	0.1083652
110.18	0.1096591
110.185	0.1108971
110.19	0.1122287
110.195	0.1135502
110.2	0.1148504
110.205	0.1160545
110.21	0.1173693
110.215	0.1187463
110.22	0.1200811
110.225	0.1213512
110.23	0.1226669
110.235	0.1238733
110.24	0.1249598
110.245	0.1261684
110.25	0.1271338
110.255	0.128062
110.26	0.1291668
110.265	0.1299756
110.27	0.1312416
110.275	0.1324761
110.28	0.1335542
110.285	0.1346919
110.29	0.1358227
110.295	0.1369387
110.3	0.1379811
110.305	0.1390354
110.31	0.1401018
110.315	0.1412922
110.32	0.1425153
110.325	0.1437839
110.33	0.1450386
110.335	0.1461799
110.34	0.147319
110.345	0.1483979
110.35	0.1493482
110.355	0.1503105
110.36	0.1513316
110.365	0.1524385
110.37	0.1534961
110.375	0.1545111
110.38	0.1555323
110.385	0.1565879
110.39	0.15772
110.395	0.1587341
110.4	0.1597585
110.405	0.1607878
110.41	0.1618574
110.415	0.1625739
110.42	0.1632707
110.425	0.1639774
110.43	0.1647049
110.435	0.1653923
110.44	0.166106
110.445	0.1668505
110.45	0.1674139
110.455	0.1679408
110.46	0.1684681
110.465	0.1685893
110.47	0.1688372
110.475	0.1683288
110.48	0.1678359
110.485	0.1672227
110.49	0.1664999
110.495	0.1657898
110.5	0.1651022
110.505	0.1644482
110.51	0.1637086
110.515	0.1629484
110.52	0.1619846
110.525	0.1609482
110.53	0.1599023
110.535	0.1588593
110.54	0.1577711
110.545	0.1567206
110.55	0.1556874
110.555	0.1546643
110.56	0.1536277
110.565	0.1523842
110.57	0.1509447
110.575	0.1495052
110.58	0.1480777
110.585	0.1466308
110.59	0.1449803
110.595	0.1431702
110.6	0.1413995
110.605	0.1395808
110.61	0.1377223
110.615	0.135631
110.62	0.1337536
110.625	0.1316856
110.63	0.1295682
110.635	0.1273529
110.64	0.1250567
110.645	0.1227737
110.65	0.1204413
110.655	0.1180715
110.66	0.1158146
110.665	0.1135199
110.67	0.1115035
110.675	0.1094057
110.68	0.1078664
110.685	0.1062812
110.69	0.1047509
110.695	0.1033023
110.7	0.1018336
110.705	0.1002502
110.71	0.09862225
110.715	0.0970459
110.72	0.09541654
110.725	0.093915
110.73	0.092415
110.735	0.09089564
110.74	0.0893973
110.745	0.08796033
110.75	0.08653116
110.755	0.08508832
110.76	0.08360895
110.765	0.08210586
110.77	0.08076811
110.775	0.07961785
110.78	0.07845798
110.785	0.07728102
110.79	0.07605364
110.795	0.07501269
110.8	0.0740871
110.805	0.07315305
110.81	0.07229097
110.815	0.07148007
110.82	0.07087548
110.825	0.07031553
110.83	0.06999466
110.835	0.06997747
110.84	0.07008351
110.845	0.07033103
110.85	0.0704366
110.855	0.0705504
110.86	0.07084544
110.865	0.0710066
110.87	0.07117176
110.875	0.07141061
110.88	0.0716851
110.885	0.07196169
110.89	0.07224897
110.895	0.07265392
110.9	0.07300831
110.905	0.07334999
110.91	0.07382262
110.915	0.07431
110.92	0.07489475
110.925	0.07552936
110.93	0.07616571
110.935	0.0768449
110.94	0.07750777
110.945	0.07800273
110.95	0.07851569
110.955	0.07895543
110.96	0.07938357
110.965	0.07979535
110.97	0.08021013
110.975	0.08063573
110.98	0.08099016
110.985	0.08134456
110.99	0.08168778
110.995	0.08206374
111	0.08255593
111.005	0.08306835
111.01	0.08358385
111.015	0.08396409
111.02	0.0842596
111.025	0.08459093
111.03	0.08484183
111.035	0.08505726
111.04	0.0848106
111.045	0.0845004
111.05	0.08409764
111.055	0.0837424
111.06	0.08340344
111.065	0.08299612
111.07	0.08263275
111.075	0.08226949
111.08	0.08183168
111.085	0.08138421
111.09	0.08093987
111.095	0.08051584
111.1	0.08009006
111.105	0.07968397
111.11	0.07919035
111.115	0.07858487
111.12	0.07793812
111.125	0.07710126
111.13	0.07622283
111.135	0.07534819
111.14	0.07441624
111.145	0.07348887
111.15	0.0726456
111.155	0.07179152
111.16	0.07097911
111.165	0.07018828
111.17	0.06949082
111.175	0.06884263
111.18	0.06821223
111.185	0.06766537
111.19	0.06732067
111.195	0.06709574
111.2	0.0669464
111.205	0.06678484
111.21	0.06675907
111.215	0.06697279
111.22	0.0676747
111.225	0.06873208
111.23	0.07029382
111.235	0.0725534
111.24	0.07531952
111.245	0.07868995
111.25	0.08229673
111.255	0.0861756
111.26	0.09025269
111.265	0.09426534
111.27	0.09832382
111.275	0.1024532
111.28	0.1065045
111.285	0.1105426
111.29	0.1145032
111.295	0.1183966
111.3	0.1222355
111.305	0.1259852
111.31	0.1296652
111.315	0.1333378
111.32	0.1369675
111.325	0.1405344
111.33	0.1440768
111.335	0.1475376
111.34	0.1508986
111.345	0.1542005
111.35	0.1574262
111.355	0.160588
111.36	0.1636822
111.365	0.1667091
111.37	0.1696628
111.375	0.1725342
111.38	0.175321
111.385	0.1780709
111.39	0.1807667
111.395	0.1832984
111.4	0.1857419
111.405	0.1880967
111.41	0.190318
111.415	0.1924388
111.42	0.1943889
111.425	0.1960606
111.43	0.1975297
111.435	0.1986559
111.44	0.1993015
111.445	0.1995385
111.45	0.1994372
111.455	0.199072
111.46	0.1983759
111.465	0.1973758
111.47	0.1962601
111.475	0.1949531
111.48	0.1934048
111.485	0.1917608
111.49	0.189966
111.495	0.1880798
111.5	0.186093
111.505	0.1839626
111.51	0.1817712
111.515	0.1794963
111.52	0.1771158
111.525	0.1746675
111.53	0.1721609
111.535	0.1695939
111.54	0.1669894
111.545	0.1643552
111.55	0.1616741
111.555	0.1589514
111.56	0.1561814
111.565	0.1533662
111.57	0.1505069
111.575	0.1476023
111.58	0.1446515
111.585	0.1416456
111.59	0.1385217
111.595	0.1352893
111.6	0.1320143
111.605	0.1286427
111.61	0.1251878
111.615	0.1216764
111.62	0.1180199
111.625	0.1143047
111.63	0.1106372
111.635	0.1069476
111.64	0.1033499
111.645	0.1000139
111.65	0.09693618
111.655	0.09404562
111.66	0.09127894
111.665	0.08876871
111.67	0.08643986
111.675	0.08415719
111.68	0.08204771
111.685	0.08014921
111.69	0.07827695
111.695	0.07653071
111.7	0.07483921
111.705	0.07319895
111.71	0.07169497
111.715	0.07020623
111.72	0.06876307
111.725	0.06738913
111.73	0.06602025
111.735	0.06464232
111.74	0.06325739
111.745	0.06183728
111.75	0.06038709
111.755	0.0589058
111.76	0.05737608
111.765	0.05582453
111.77	0.05422858
111.775	0.05256683
111.78	0.0508584
111.785	0.0491059
111.79	0.04732407
111.795	0.04557154
111.8	0.04384054
111.805	0.04213205
111.81	0.04043852
111.815	0.03876284
111.82	0.03720558
111.825	0.03584124
111.83	0.03457486
111.835	0.03340678
111.84	0.03235151
111.845	0.03148823
111.85	0.03078696
111.855	0.03017626
111.86	0.02971729
111.865	0.0294069
111.87	0.02920021
111.875	0.02918652
111.88	0.02926064
111.885	0.02925462
111.89	0.02925066
111.895	0.02929354
111.9	0.02935716
111.905	0.02941153
111.91	0.02948577
111.915	0.02955108
111.92	0.0296165
111.925	0.02966927
111.93	0.02973585
111.935	0.02983369
111.94	0.02992664
111.945	0.03003261
111.95	0.03017257
111.955	0.03031545
111.96	0.0304558
111.965	0.03060912
111.97	0.03067931
111.975	0.03075059
111.98	0.0308368
111.985	0.0309085
111.99	0.03100581
111.995	0.03110533
112	0.0312177
112.005	0.03132835
112.01	0.0314236
112.015	0.03153364
112.02	0.03164475
112.025	0.03170139
112.03	0.03171319
112.035	0.0317176
112.04	0.03170163
112.045	0.03168316
112.05	0.03165135
112.055	0.03162264
112.06	0.03158699
112.065	0.03153467
112.07	0.03148512
112.075	0.03139081
112.08	0.03126343
112.085	0.03105215
112.09	0.03087555
112.095	0.03068994
112.1	0.030533
112.105	0.0303561
112.11	0.03020221
112.115	0.03005172
112.12	0.0299988
112.125	0.02995122
112.13	0.02993842
112.135	0.02989773
112.14	0.02988323
112.145	0.02989177
112.15	0.02990387
112.155	0.03003488
112.16	0.03016336
112.165	0.03032562
112.17	0.03048775
112.175	0.03073145
112.18	0.03099541
112.185	0.03131868
112.19	0.03168332
112.195	0.03198611
112.2	0.03228035
112.205	0.0325501
112.21	0.03289995
112.215	0.03338445
112.22	0.03388227
112.225	0.03444352
112.23	0.03511462
112.235	0.03579533
112.24	0.0364723
112.245	0.03725771
112.25	0.03804681
112.255	0.03907753
112.26	0.04018028
112.265	0.04132262
112.27	0.04244032
112.275	0.0435426
112.28	0.0446672
112.285	0.04580851
112.29	0.04695331
112.295	0.04810649
112.3	0.04944537
112.305	0.05119944
112.31	0.05300429
112.315	0.055075
112.32	0.05717849
112.325	0.05911103
112.33	0.06099038
112.335	0.0627855
112.34	0.06461806
112.345	0.06636688
112.35	0.06809056
112.355	0.06991285
112.36	0.0718315
112.365	0.07374903
112.37	0.0755965
112.375	0.07740095
112.38	0.07915562
112.385	0.08091163
112.39	0.08281351
112.395	0.08467321
112.4	0.08650461
112.405	0.08829825
112.41	0.09005906
112.415	0.09177634
112.42	0.093649
112.425	0.09630241
112.43	0.09894369
112.435	0.1014638
112.44	0.1039479
112.445	0.1064779
112.45	0.1088753
112.455	0.1112165
112.46	0.1133902
112.465	0.1154765
112.47	0.1175064
112.475	0.119943
112.48	0.1224752
112.485	0.1252946
112.49	0.1287117
112.495	0.1324332
112.5	0.1371098
112.505	0.1417057
112.51	0.1458276
112.515	0.1497614
112.52	0.1534024
112.525	0.1568809
112.53	0.1603221
112.535	0.1636816
112.54	0.1669831
112.545	0.1701998
112.55	0.1734628
112.555	0.1766594
112.56	0.1797068
112.565	0.1825318
112.57	0.1852768
112.575	0.1879912
112.58	0.190673
112.585	0.1933052
112.59	0.1958874
112.595	0.1982745
112.6	0.2006113
112.605	0.2029381
112.61	0.2053074
112.615	0.2077218
112.62	0.2100794
112.625	0.2121977
112.63	0.2135656
112.635	0.214836
112.64	0.2161163
112.645	0.2173988
112.65	0.2186561
112.655	0.219925
112.66	0.2211821
112.665	0.2224201
112.67	0.2236815
112.675	0.224941
112.68	0.2258565
112.685	0.2267282
112.69	0.2272598
112.695	0.2270269
112.7	0.2263537
112.705	0.2243964
112.71	0.2222022
112.715	0.2201752
112.72	0.2181572
112.725	0.2162495
112.73	0.2143857
112.735	0.2125269
112.74	0.2106571
112.745	0.2087726
112.75	0.2068615
112.755	0.2047624
112.76	0.2026312
112.765	0.2005255
112.77	0.1985612
112.775	0.196597
112.78	0.1946745
112.785	0.1927213
112.79	0.190779
112.795	0.1887837
112.8	0.1868793
112.805	0.1851743
112.81	0.1834152
112.815	0.1815759
112.82	0.1795661
112.825	0.17772
112.83	0.176014
112.835	0.1747662
112.84	0.173701
112.845	0.172692
112.85	0.1716139
112.855	0.1706026
112.86	0.1696933
112.865	0.1687877
112.87	0.1679157
112.875	0.1671408
112.88	0.1663245
112.885	0.1654721
112.89	0.1644604
112.895	0.1636007
112.9	0.1632719
112.905	0.1632431
112.91	0.164052
112.915	0.1650421
112.92	0.1658222
112.925	0.1666082
112.93	0.1671499
112.935	0.1676079
112.94	0.1679519
112.945	0.1682978
112.95	0.1686254
112.955	0.1689133
112.96	0.1693318
112.965	0.1697663
112.97	0.1701448
112.975	0.1703239
112.98	0.1705096
112.985	0.1705333
112.99	0.1705627
112.995	0.1705491
113	0.1705682
113.005	0.1705033
113.01	0.1699977
113.015	0.1695112
113.02	0.1689136
113.025	0.1683843
113.03	0.1675376
113.035	0.1666311
113.04	0.1656627
113.045	0.1644141
113.05	0.162987
113.055	0.1615775
113.06	0.1597936
113.065	0.1577533
113.07	0.1556784
113.075	0.1535728
113.08	0.1511012
113.085	0.1486603
113.09	0.1463699
113.095	0.1440734
113.1	0.141734
113.105	0.1393879
113.11	0.1369561
113.115	0.1345304
113.12	0.132018
113.125	0.1295954
113.13	0.1270927
113.135	0.124715
113.14	0.1223434
113.145	0.1200487
113.15	0.1177045
113.155	0.1153295
113.16	0.1129811
113.165	0.1105196
113.17	0.1079968
113.175	0.1054767
113.18	0.1030723
113.185	0.1005725
113.19	0.0982113
113.195	0.09588021
113.2	0.0935195
113.205	0.09108344
113.21	0.08867044
113.215	0.08668905
113.22	0.08469493
113.225	0.0828355
113.23	0.08091495
113.235	0.07919136
113.24	0.07748319
113.245	0.07572703
113.25	0.07423678
113.255	0.0729393
113.26	0.07164596
113.265	0.07089121
113.27	0.07040185
113.275	0.06991746
113.28	0.0694246
113.285	0.06933828
113.29	0.0690855
113.295	0.06884988
113.3	0.06884298
113.305	0.06893744
113.31	0.06890068
113.315	0.06891895
113.32	0.06894701
113.325	0.06905494
113.33	0.06912212
113.335	0.06925185
113.34	0.06941004
113.345	0.06962486
113.35	0.0697334
113.355	0.06982908
113.36	0.0699224
113.365	0.07008349
113.37	0.07041467
113.375	0.0707129
113.38	0.07100436
113.385	0.07130489
113.39	0.07164961
113.395	0.07193191
113.4	0.07197865
113.405	0.07204388
113.41	0.07212816
113.415	0.07220539
113.42	0.07212725
113.425	0.07197761
113.43	0.07183915
113.435	0.0717348
113.44	0.0716988
113.445	0.07168979
113.45	0.07176355
113.455	0.0718369
113.46	0.07187453
113.465	0.07191848
113.47	0.07207778
113.475	0.07224652
113.48	0.07242699
113.485	0.07261742
113.49	0.07279078
113.495	0.07303431
113.5	0.07326391
113.505	0.07340169
113.51	0.07356485
113.515	0.07379299
113.52	0.0740469
113.525	0.07426469
113.53	0.07445224
113.535	0.07465669
113.54	0.07481124
113.545	0.07495646
113.55	0.07500526
113.555	0.07510412
113.56	0.07521256
113.565	0.07532798
113.57	0.0752449
113.575	0.07487368
113.58	0.07452554
113.585	0.07417588
113.59	0.07380168
113.595	0.07338059
113.6	0.0728661
113.605	0.07246039
113.61	0.07204239
113.615	0.07161086
113.62	0.07118091
113.625	0.07082748
113.63	0.07049743
113.635	0.07018273
113.64	0.06985269
113.645	0.06955166
113.65	0.06929391
113.655	0.06902455
113.66	0.06880587
113.665	0.06868058
113.67	0.06854567
113.675	0.06819503
113.68	0.0679149
113.685	0.06773765
113.69	0.06768524
113.695	0.06770908
113.7	0.06788757
113.705	0.06819778
113.71	0.06865163
113.715	0.0692192
113.72	0.06988677
113.725	0.07063741
113.73	0.07143812
113.735	0.07230963
113.74	0.07333127
113.745	0.07445958
113.75	0.07564282
113.755	0.07694488
113.76	0.0783183
113.765	0.07970425
113.77	0.08111042
113.775	0.08273276
113.78	0.08455755
113.785	0.08638335
113.79	0.08823287
113.795	0.09015496
113.8	0.09210206
113.805	0.09410484
113.81	0.09611439
113.815	0.09812677
113.82	0.1002231
113.825	0.1023512
113.83	0.1044933
113.835	0.1066489
113.84	0.1088026
113.845	0.1109736
113.85	0.113089
113.855	0.1151099
113.86	0.1170929
113.865	0.1190114
113.87	0.1208407
113.875	0.1226285
113.88	0.1243837
113.885	0.1260217
113.89	0.1275194
113.895	0.1288617
113.9	0.1301329
113.905	0.1312412
113.91	0.1322131
113.915	0.1330632
113.92	0.1337501
113.925	0.1343205
113.93	0.1347696
113.935	0.1351632
113.94	0.1354804
113.945	0.1356324
113.95	0.1356853
113.955	0.1356906
113.96	0.1356346
113.965	0.1354953
113.97	0.1353677
113.975	0.1352358
113.98	0.1349691
113.985	0.1346253
113.99	0.1342518
113.995	0.1338239
114	0.1333143
114.005	0.132785
114.01	0.1322113
114.015	0.1316385
114.02	0.1310493
114.025	0.1302941
114.03	0.1294482
114.035	0.1285144
114.04	0.1275053
114.045	0.1264431
114.05	0.125323
114.055	0.1242045
114.06	0.1230689
114.065	0.1218991
114.07	0.1207071
114.075	0.1194886
114.08	0.1182557
114.085	0.1170485
114.09	0.1158652
114.095	0.1147231
114.1	0.1136496
114.105	0.1125989
114.11	0.1116216
114.115	0.1107072
114.12	0.1098596
114.125	0.1091065
114.13	0.1084207
114.135	0.107816
114.14	0.1072211
114.145	0.1066423
114.15	0.1061567
114.155	0.1057135
114.16	0.1052396
114.165	0.1047247
114.17	0.1042117
114.175	0.1035814
114.18	0.1028383
114.185	0.1021074
114.19	0.1013443
114.195	0.1005283
114.2	0.09968646
114.205	0.09877864
114.21	0.0977896
114.215	0.09679558
114.22	0.09564549
114.225	0.09437958
114.23	0.09316891
114.235	0.09195155
114.24	0.09075375
114.245	0.08955208
114.25	0.08825878
114.255	0.08687252
114.26	0.08538461
114.265	0.08390617
114.27	0.08242914
114.275	0.08091577
114.28	0.07942001
114.285	0.07791115
114.29	0.07639062
114.295	0.07485787
114.3	0.07330703
114.305	0.07172242
114.31	0.07010243
114.315	0.06845818
114.32	0.06677765
114.325	0.06505537
114.33	0.06329274
114.335	0.06147699
114.34	0.05959514
114.345	0.05770489
114.35	0.05581221
114.355	0.05386778
114.36	0.05187636
114.365	0.0499029
114.37	0.04796421
114.375	0.04601067
114.38	0.04413523
114.385	0.0423481
114.39	0.04060235
114.395	0.03891002
114.4	0.03727966
114.405	0.03567918
114.41	0.03422084
114.415	0.03287167
114.42	0.03153836
114.425	0.03047195
114.43	0.02960053
114.435	0.02879506
114.44	0.0280802
114.445	0.02743176
114.45	0.02684979
114.455	0.02650938
114.46	0.02640872
114.465	0.02648625
114.47	0.0265645
114.475	0.02665576
114.48	0.02681209
114.485	0.02697342
114.49	0.02721879
114.495	0.02744354
114.5	0.02772298
114.505	0.02800297
114.51	0.02828775
114.515	0.02857243
114.52	0.02892868
114.525	0.02929573
114.53	0.02965343
114.535	0.03001445
114.54	0.03037816
114.545	0.03073176
114.55	0.03103145
114.555	0.03127473
114.56	0.03149955
114.565	0.03172564
114.57	0.03198622
114.575	0.03235618
114.58	0.03273037
114.585	0.03328649
114.59	0.03386352
114.595	0.03447447
114.6	0.03507865
114.605	0.03565726
114.61	0.036227
114.615	0.03679438
114.62	0.0374115
114.625	0.03798921
114.63	0.03853527
114.635	0.03910328
114.64	0.03966105
114.645	0.04022273
114.65	0.04072869
114.655	0.04123913
114.66	0.04202621
114.665	0.04285829
114.67	0.04369228
114.675	0.04454887
114.68	0.04539694
114.685	0.04623704
114.69	0.04707431
114.695	0.04780436
114.7	0.048541
114.705	0.04935223
114.71	0.05022049
114.715	0.05120706
114.72	0.05217496
114.725	0.05301789
114.73	0.05384935
114.735	0.0547796
114.74	0.0558442
114.745	0.05719266
114.75	0.05864288
114.755	0.06020516
114.76	0.0622338
114.765	0.06491755
114.77	0.06771598
114.775	0.07034374
114.78	0.07298395
114.785	0.07581808
114.79	0.0788617
114.795	0.08224046
114.8	0.08547069
114.805	0.08868605
114.81	0.09179196
114.815	0.09483711
114.82	0.09781079
114.825	0.1006882
114.83	0.1034966
114.835	0.1063213
114.84	0.1091427
114.845	0.1119235
114.85	0.1151629
114.855	0.1200749
114.86	0.1267469
114.865	0.1335651
114.87	0.1406201
114.875	0.1477929
114.88	0.1546137
114.885	0.1613809
114.89	0.1680182
114.895	0.1743937
114.9	0.1805623
114.905	0.1865272
114.91	0.1922405
114.915	0.1977643
114.92	0.2030859
114.925	0.2084362
114.93	0.2138516
114.935	0.2191909
114.94	0.2244446
114.945	0.2295622
114.95	0.2344414
114.955	0.2392188
114.96	0.2438478
114.965	0.2481541
114.97	0.2520408
114.975	0.2557611
114.98	0.2594422
114.985	0.2629703
114.99	0.2663019
114.995	0.2693667
115	0.2721212
115.005	0.2748427
115.01	0.2774771
115.015	0.2801038
115.02	0.2827321
115.025	0.2853731
115.03	0.2879951
115.035	0.2905893
115.04	0.2931523
115.045	0.29564
115.05	0.2980793
115.055	0.3003354
115.06	0.3012602
115.065	0.3005464
115.07	0.2993211
115.075	0.2975333
115.08	0.2952831
115.085	0.2930763
115.09	0.2905868
115.095	0.2880364
115.1	0.2854907
115.105	0.2829501
115.11	0.2803826
115.115	0.2778344
115.12	0.2752768
115.125	0.2726958
115.13	0.2698779
115.135	0.266737
115.14	0.2634623
115.145	0.2600884
115.15	0.2566016
115.155	0.2530938
115.16	0.2494995
115.165	0.2459421
115.17	0.2424442
115.175	0.2390842
115.18	0.2357321
115.185	0.2323282
115.19	0.2289573
115.195	0.2257065
115.2	0.2225161
115.205	0.2194707
115.21	0.2163886
115.215	0.2132924
115.22	0.2101217
115.225	0.2068011
115.23	0.2033286
115.235	0.1998281
115.24	0.1962833
115.245	0.1925487
115.25	0.1887993
115.255	0.1850241
115.26	0.1807175
115.265	0.1772678
115.27	0.1751829
115.275	0.1734652
115.28	0.1722545
115.285	0.1714114
115.29	0.1703815
115.295	0.1696095
115.3	0.1685453
115.305	0.167409
115.31	0.1661549
115.315	0.1648932
115.32	0.1635815
115.325	0.1622229
115.33	0.1608841
115.335	0.15968
115.34	0.1587231
115.345	0.1578764
115.35	0.1568885
115.355	0.1559777
115.36	0.1551045
115.365	0.1541756
115.37	0.1530066
115.375	0.1518282
115.38	0.1505551
115.385	0.1492448
115.39	0.1479175
115.395	0.1465244
115.4	0.1448669
115.405	0.1432366
115.41	0.1415284
115.415	0.1397987
115.42	0.1380546
115.425	0.1363065
115.43	0.1345939
115.435	0.1328561
115.44	0.1308969
115.445	0.1288624
115.45	0.1269455
115.455	0.1249204
115.46	0.1227858
115.465	0.1211696
115.47	0.1196679
115.475	0.1180953
115.48	0.1165688
115.485	0.1149052
115.49	0.1132071
115.495	0.1115958
115.5	0.1098546
115.505	0.1084457
115.51	0.107026
115.515	0.1057129
115.52	0.1044236
115.525	0.1031142
115.53	0.1018107
115.535	0.1004548
115.54	0.09895951
115.545	0.09742973
115.55	0.09575715
115.555	0.0942753
115.56	0.09275141
115.565	0.0911654
115.57	0.08966583
115.575	0.08837265
115.58	0.08709385
115.585	0.08593256
115.59	0.08479629
115.595	0.08373653
115.6	0.08275251
115.605	0.08191157
115.61	0.0811185
115.615	0.08037021
115.62	0.07964962
115.625	0.07892394
115.63	0.0781195
115.635	0.07732812
115.64	0.07664312
115.645	0.07635799
115.65	0.07611482
115.655	0.07582123
115.66	0.07565517
115.665	0.0755509
115.67	0.075575
115.675	0.07561182
115.68	0.07570286
115.685	0.07579667
115.69	0.07598153
115.695	0.07619483
115.7	0.07643588
115.705	0.07675034
115.71	0.07698548
115.715	0.07726419
115.72	0.07743521
115.725	0.07749523
115.73	0.07756345
115.735	0.07765847
115.74	0.07778966
115.745	0.07806916
115.75	0.07829414
115.755	0.07857007
115.76	0.07884687
115.765	0.07913986
115.77	0.07945972
115.775	0.07976877
115.78	0.08004592
115.785	0.08028214
115.79	0.08046698
115.795	0.080698
115.8	0.08072829
115.805	0.08068055
115.81	0.08063173
115.815	0.08046028
115.82	0.08028752
115.825	0.08004669
115.83	0.07988529
115.835	0.07980185
115.84	0.07967753
115.845	0.07949641
115.85	0.07895895
115.855	0.07842849
115.86	0.07791173
115.865	0.07729409
115.87	0.07670004
115.875	0.07595931
115.88	0.07521401
115.885	0.07443553
115.89	0.0736586
115.895	0.07287302
115.9	0.07211647
115.905	0.07144319
115.91	0.07076738
115.915	0.07012817
115.92	0.06947424
115.925	0.06889313
115.93	0.06836965
115.935	0.06786802
115.94	0.06732899
115.945	0.06675994
115.95	0.06618176
115.955	0.06564066
115.96	0.06511798
115.965	0.06460585
115.97	0.0640928
115.975	0.06357612
115.98	0.06311043
115.985	0.06284919
115.99	0.06266071
115.995	0.06253597
116	0.06229929
116.005	0.06226263
116.01	0.0623449
116.015	0.06254289
116.02	0.06288744
116.025	0.06329145
116.03	0.06384977
116.035	0.06425105
116.04	0.06463366
116.045	0.06533689
116.05	0.06640557
116.055	0.06798748
116.06	0.07001671
116.065	0.07248524
116.07	0.07531415
116.075	0.07857439
116.08	0.082465
116.085	0.08691563
116.09	0.09189614
116.095	0.09739488
116.1	0.103331
116.105	0.1094858
116.11	0.1157953
116.115	0.1223842
116.12	0.1290431
116.125	0.1356932
116.13	0.1422984
116.135	0.1487896
116.14	0.1551062
116.145	0.1612149
116.15	0.1671085
116.155	0.172803
116.16	0.1783201
116.165	0.1836721
116.17	0.1888871
116.175	0.1940049
116.18	0.199065
116.185	0.20407
116.19	0.2089537
116.195	0.2137952
116.2	0.2186106
116.205	0.2234487
116.21	0.22827
116.215	0.2331007
116.22	0.2379128
116.225	0.2426853
116.23	0.2474186
116.235	0.2520684
116.24	0.2567046
116.245	0.2612902
116.25	0.2657247
116.255	0.2699718
116.26	0.2740155
116.265	0.2777701
116.27	0.2812502
116.275	0.2845005
116.28	0.2874066
116.285	0.2898797
116.29	0.2919023
116.295	0.293451
116.3	0.2944884
116.305	0.2950263
116.31	0.2951392
116.315	0.2948121
116.32	0.2939954
116.325	0.2928223
116.33	0.2913558
116.335	0.2896118
116.34	0.2876736
116.345	0.2856143
116.35	0.2835068
116.355	0.2813881
116.36	0.279253
116.365	0.2771002
116.37	0.2749255
116.375	0.2727057
116.38	0.2704039
116.385	0.2679713
116.39	0.2653722
116.395	0.2626154
116.4	0.2596794
116.405	0.2565328
116.41	0.2531427
116.415	0.2495069
116.42	0.2455531
116.425	0.2413327
116.43	0.2368659
116.435	0.2321511
116.44	0.2272302
116.445	0.2220568
116.45	0.2166605
116.455	0.2110572
116.46	0.2052857
116.465	0.199388
116.47	0.1934228
116.475	0.1873723
116.48	0.1812166
116.485	0.1750886
116.49	0.1690717
116.495	0.1632013
116.5	0.157539
116.505	0.1521333
116.51	0.1469865
116.515	0.142091
116.52	0.1375006
116.525	0.133246
116.53	0.1292424
116.535	0.1254292
116.54	0.1218188
116.545	0.1183235
116.55	0.1148582
116.555	0.1113184
116.56	0.1076218
116.565	0.103794
116.57	0.09982595
116.575	0.09569432
116.58	0.09143025
116.585	0.08705835
116.59	0.08262877
116.595	0.07821917
116.6	0.07386086
116.605	0.06952659
116.61	0.06528841
116.615	0.0611933
116.62	0.05726348
116.625	0.05369784
116.63	0.05039642
116.635	0.04739998
116.64	0.0446672
116.645	0.04213457
116.65	0.03986603
116.655	0.03779151
116.66	0.036057
116.665	0.03460711
116.67	0.0333428
116.675	0.03231483
116.68	0.03152222
116.685	0.03092585
116.69	0.0303761
116.695	0.02989286
116.7	0.02948599
116.705	0.02905763
116.71	0.02869863
116.715	0.02847262
116.72	0.02831578
116.725	0.02822131
116.73	0.02827245
116.735	0.02835539
116.74	0.02848195
116.745	0.02859941
116.75	0.02869976
116.755	0.02879157
116.76	0.02889279
116.765	0.02908828
116.77	0.02929974
116.775	0.02950103
116.78	0.0297336
116.785	0.02991157
116.79	0.03008348
116.795	0.03026899
116.8	0.03045226
116.805	0.03063304
116.81	0.03081439
116.815	0.03098527
116.82	0.03114223
116.825	0.03131038
116.83	0.03147891
116.835	0.03165332
116.84	0.03166526
116.845	0.03167031
116.85	0.03169335
116.855	0.03173579
116.86	0.03177789
116.865	0.03181197
116.87	0.03182278
116.875	0.03178058
116.88	0.03162367
116.885	0.03144064
116.89	0.03123117
116.895	0.03104063
116.9	0.03085595
116.905	0.03064218
116.91	0.03045704
116.915	0.0302733
116.92	0.03009299
116.925	0.02985752
116.93	0.029606
116.935	0.02935604
116.94	0.0291032
116.945	0.02888452
116.95	0.02870634
116.955	0.0285545
116.96	0.02841107
116.965	0.02827426
116.97	0.02812353
116.975	0.02793869
116.98	0.02772109
116.985	0.02749336
116.99	0.02729178
116.995	0.02711113
117	0.02695763
117.005	0.02688003
117.01	0.02680272
117.015	0.02682591
117.02	0.02686131
117.025	0.02690853
117.03	0.02695646
117.035	0.02707519
117.04	0.027749
117.045	0.02850615
117.05	0.0293402
117.055	0.03029495
117.06	0.03125505
117.065	0.03222246
117.07	0.03314059
117.075	0.03416771
117.08	0.03521067
117.085	0.03628015
117.09	0.03732587
117.095	0.03835384
117.1	0.03940493
117.105	0.04042099
117.11	0.04148626
117.115	0.04251052
117.12	0.04353096
117.125	0.04455752
117.13	0.04584705
117.135	0.04763593
117.14	0.04936197
117.145	0.05125293
117.15	0.05305618
117.155	0.05478444
117.16	0.05646586
117.165	0.05814341
117.17	0.0597946
117.175	0.06151216
117.18	0.0632199
117.185	0.06496042
117.19	0.06679629
117.195	0.06875899
117.2	0.07066308
117.205	0.07268522
117.21	0.07466188
117.215	0.07661039
117.22	0.07888056
117.225	0.08128261
117.23	0.08364701
117.235	0.08596817
117.24	0.08840024
117.245	0.09061074
117.25	0.09310823
117.255	0.09548444
117.26	0.09770654
117.265	0.09987414
117.27	0.1020431
117.275	0.1045291
117.28	0.1068802
117.285	0.1091671
117.29	0.1114027
117.295	0.113619
117.3	0.1159231
117.305	0.1181297
117.31	0.120322
117.315	0.1224528
117.32	0.1245955
117.325	0.1267162
117.33	0.1287903
117.335	0.1306449
117.34	0.1321239
117.345	0.1336128
117.35	0.1349819
117.355	0.1363428
117.36	0.1377026
117.365	0.1390541
117.37	0.1403545
117.375	0.1416287
117.38	0.1428487
117.385	0.1440381
117.39	0.1453838
117.395	0.1466624
117.4	0.1477749
117.405	0.1489602
117.41	0.1499607
117.415	0.1510606
117.42	0.1521848
117.425	0.1530342
117.43	0.1541691
117.435	0.1552651
117.44	0.1563484
117.445	0.1572168
117.45	0.1579935
117.455	0.158364
117.46	0.1587711
117.465	0.1593797
117.47	0.1600675
117.475	0.1606708
117.48	0.1608485
117.485	0.1610859
117.49	0.1614834
117.495	0.1619618
117.5	0.1626425
117.505	0.1631817
117.51	0.1637681
117.515	0.1643167
117.52	0.1648529
117.525	0.1655188
117.53	0.1662455
117.535	0.1670626
117.54	0.16799
117.545	0.1690799
117.55	0.1701526
117.555	0.171263
117.56	0.1723781
117.565	0.173482
117.57	0.1745549
117.575	0.1756746
117.58	0.1769055
117.585	0.1781132
117.59	0.1793132
117.595	0.1801692
117.6	0.180966
117.605	0.1819142
117.61	0.1827982
117.615	0.1838109
117.62	0.1845892
117.625	0.1854134
117.63	0.1862051
117.635	0.1862883
117.64	0.1863791
117.645	0.1864746
117.65	0.1866523
117.655	0.1869474
117.66	0.1874571
117.665	0.1879397
117.67	0.1881466
117.675	0.1882173
117.68	0.1883493
117.685	0.1886283
117.69	0.1888793
117.695	0.1888621
117.7	0.1887098
117.705	0.1882112
117.71	0.187714
117.715	0.1871681
117.72	0.1866373
117.725	0.1861148
117.73	0.1852779
117.735	0.1842781
117.74	0.1831337
117.745	0.1819732
117.75	0.1807076
117.755	0.1793932
117.76	0.1779629
117.765	0.1764843
117.77	0.1749701
117.775	0.173466
117.78	0.171881
117.785	0.1700547
117.79	0.1681924
117.795	0.1663394
117.8	0.1646562
117.805	0.1630024
117.81	0.1611131
117.815	0.1591007
117.82	0.156922
117.825	0.1548646
117.83	0.1525185
117.835	0.1501715
117.84	0.148231
117.845	0.146267
117.85	0.144243
117.855	0.1421819
117.86	0.1399458
117.865	0.1375694
117.87	0.1351815
117.875	0.1329129
117.88	0.1306639
117.885	0.1283231
117.89	0.1259443
117.895	0.123476
117.9	0.1211834
117.905	0.1189471
117.91	0.1168496
117.915	0.114769
117.92	0.1127218
117.925	0.1106555
117.93	0.1085489
117.935	0.106699
117.94	0.1049624
117.945	0.103247
117.95	0.1013525
117.955	0.09951906
117.96	0.09769952
117.965	0.09602476
117.97	0.0943608
117.975	0.09273522
117.98	0.09104523
117.985	0.08938284
117.99	0.08794894
117.995	0.08655081
118	0.08503395
118.005	0.08353752
118.01	0.08204921
118.015	0.08074735
118.02	0.0796058
118.025	0.07858738
118.03	0.07758967
118.035	0.07690623
118.04	0.07636969
118.045	0.07588583
118.05	0.07541719
118.055	0.07495466
118.06	0.07448822
118.065	0.07413785
118.07	0.07387451
118.075	0.07352394
118.08	0.07317957
118.085	0.07289663
118.09	0.07265687
118.095	0.07247114
118.1	0.07234738
118.105	0.07216939
118.11	0.07201012
118.115	0.07195905
118.12	0.07192682
118.125	0.07181812
118.13	0.07164406
118.135	0.07147986
118.14	0.07124749
118.145	0.07101759
118.15	0.0708379
118.155	0.07075809
118.16	0.07069623
118.165	0.07066011
118.17	0.0705284
118.175	0.07039705
118.18	0.07017259
118.185	0.06997297
118.19	0.06976243
118.195	0.06949103
118.2	0.06920802
118.205	0.06898458
118.21	0.06871832
118.215	0.06839274
118.22	0.06807549
118.225	0.06776078
118.23	0.06743827
118.235	0.06704107
118.24	0.06660946
118.245	0.06613846
118.25	0.06567856
118.255	0.06521639
118.26	0.06479042
118.265	0.06439784
118.27	0.06403482
118.275	0.06363852
118.28	0.06329641
118.285	0.06298128
118.29	0.06262847
118.295	0.06221449
118.3	0.06175654
118.305	0.06129251
118.31	0.06085918
118.315	0.06041049
118.32	0.05998023
118.325	0.0595313
118.33	0.05907831
118.335	0.05868214
118.34	0.05827291
118.345	0.05793793
118.35	0.05761247
118.355	0.05743559
118.36	0.05745559
118.365	0.05754518
118.37	0.05795375
118.375	0.05868236
118.38	0.05972327
118.385	0.06131862
118.39	0.06330954
118.395	0.06574112
118.4	0.06848265
118.405	0.07150129
118.41	0.07475726
118.415	0.07824055
118.42	0.08183894
118.425	0.08544269
118.43	0.08921564
118.435	0.09298297
118.44	0.09670713
118.445	0.1005581
118.45	0.1043904
118.455	0.1081512
118.46	0.1118281
118.465	0.115472
118.47	0.1190432
118.475	0.1225423
118.48	0.1259859
118.485	0.129366
118.49	0.1326671
118.495	0.1359015
118.5	0.1391056
118.505	0.1422705
118.51	0.1453751
118.515	0.1484136
118.52	0.1513896
118.525	0.1542946
118.53	0.1571452
118.535	0.1599575
118.54	0.1627076
118.545	0.1654159
118.55	0.1681189
118.555	0.1707819
118.56	0.1733228
118.565	0.1757599
118.57	0.178148
118.575	0.1803151
118.58	0.1823205
118.585	0.1841537
118.59	0.1856731
118.595	0.1869244
118.6	0.1878497
118.605	0.1884843
118.61	0.1888631
118.615	0.1889704
118.62	0.1887828
118.625	0.1884271
118.63	0.1879604
118.635	0.1872142
118.64	0.1863543
118.645	0.1854325
118.65	0.1842406
118.655	0.1829101
118.66	0.1815122
118.665	0.1800416
118.67	0.1784643
118.675	0.1768166
118.68	0.1751169
118.685	0.173357
118.69	0.1715414
118.695	0.1696971
118.7	0.1678347
118.705	0.1659142
118.71	0.1639356
118.715	0.1619431
118.72	0.1599376
118.725	0.1579145
118.73	0.1558761
118.735	0.1538214
118.74	0.151749
118.745	0.1496548
118.75	0.1475126
118.755	0.1452517
118.76	0.142947
118.765	0.1406406
118.77	0.1382846
118.775	0.1358252
118.78	0.1333806
118.785	0.1309195
118.79	0.1283974
118.795	0.1259485
118.8	0.1235634
118.805	0.1212908
118.81	0.1191417
118.815	0.1170887
118.82	0.1151865
118.825	0.1134472
118.83	0.111732
118.835	0.1100128
118.84	0.1084451
118.845	0.1068684
118.85	0.1052485
118.855	0.1038085
118.86	0.102406
118.865	0.1009829
118.87	0.09955904
118.875	0.09814662
118.88	0.09673836
118.885	0.09531753
118.89	0.09390977
118.895	0.09251318
118.9	0.09110145
118.905	0.08965995
118.91	0.08821273
118.915	0.0867425
118.92	0.08518686
118.925	0.0835612
118.93	0.08186774
118.935	0.08012523
118.94	0.07830764
118.945	0.07639975
118.95	0.0744437
118.955	0.0724622
118.96	0.07046228
118.965	0.06840601
118.97	0.06630975
118.975	0.0642091
118.98	0.06215457
118.985	0.06013451
118.99	0.05812456
118.995	0.05622434
119	0.05439819
119.005	0.05265913
119.01	0.05101663
119.015	0.04945711
119.02	0.04794166
119.025	0.04646942
119.03	0.04504579
119.035	0.04372994
119.04	0.04246213
119.045	0.04126502
119.05	0.04018093
119.055	0.03919585
119.06	0.0382555
119.065	0.03742996
119.07	0.03668485
119.075	0.0360212
119.08	0.03544288
119.085	0.03489986
119.09	0.03445709
119.095	0.03401868
119.1	0.03356942
119.105	0.03312241
119.11	0.03265088
119.115	0.03221684
119.12	0.03187013
119.125	0.03161461
119.13	0.03140006
119.135	0.03123661
119.14	0.03109505
119.145	0.03102308
119.15	0.0310332
119.155	0.03104324
119.16	0.03106444
119.165	0.03117943
119.17	0.03130356
119.175	0.03142944
119.18	0.03156811
119.185	0.03169125
119.19	0.03181745
119.195	0.03197259
119.2	0.03213188
119.205	0.03229379
119.21	0.03234165
119.215	0.03240049
119.22	0.03246086
119.225	0.03254066
119.23	0.03255663
119.235	0.03260158
119.24	0.03263383
119.245	0.03269125
119.25	0.03275929
119.255	0.03285424
119.26	0.03302494
119.265	0.03317385
119.27	0.03332877
119.275	0.03350618
119.28	0.03366173
119.285	0.03382062
119.29	0.03403988
119.295	0.03414292
119.3	0.03424632
119.305	0.03436931
119.31	0.03448471
119.315	0.03461992
119.32	0.03475936
119.325	0.03487195
119.33	0.03497866
119.335	0.03507567
119.34	0.03524292
119.345	0.03549043
119.35	0.03570215
119.355	0.03592358
119.36	0.03632491
119.365	0.03671143
119.37	0.03709084
119.375	0.03747947
119.38	0.03788409
119.385	0.03828915
119.39	0.03867526
119.395	0.03905883
119.4	0.03942705
119.405	0.03982547
119.41	0.04032038
119.415	0.04093683
119.42	0.04159928
119.425	0.04226951
119.43	0.04321755
119.435	0.04413076
119.44	0.04501178
119.445	0.04591197
119.45	0.04707994
119.455	0.0482397
119.46	0.04933379
119.465	0.05032115
119.47	0.05142561
119.475	0.0525051
119.48	0.05354001
119.485	0.05459569
119.49	0.05566812
119.495	0.05675824
119.5	0.0578984
119.505	0.0590263
119.51	0.06015082
119.515	0.06171825
119.52	0.06324686
119.525	0.06472465
119.53	0.0661621
119.535	0.06758908
119.54	0.06916763
119.545	0.07074235
119.55	0.0722386
119.555	0.07385486
119.56	0.07541241
119.565	0.07676831
119.57	0.07826319
119.575	0.07973475
119.58	0.0811686
119.585	0.08268064
119.59	0.08418896
119.595	0.0856771
119.6	0.08717148
119.605	0.0886627
119.61	0.09020107
119.615	0.09182568
119.62	0.09335823
119.625	0.09484569
119.63	0.09630095
119.635	0.0974851
119.64	0.09888165
119.645	0.1003027
119.65	0.101823
119.655	0.1035411
119.66	0.1052131
119.665	0.1070205
119.67	0.1088063
119.675	0.1104456
119.68	0.1120616
119.685	0.1137261
119.69	0.1153383
119.695	0.1169049
119.7	0.1183856
119.705	0.1198105
119.71	0.1212058
119.715	0.1227456
119.72	0.124336
119.725	0.1259465
119.73	0.1285452
119.735	0.1311058
119.74	0.1339487
119.745	0.1367832
119.75	0.1394999
119.755	0.1421907
119.76	0.1446937
119.765	0.1473341
119.77	0.1500747
119.775	0.1526251
119.78	0.1552413
119.785	0.15787
119.79	0.1603391
119.795	0.1627641
119.8	0.1652153
119.805	0.16786
119.81	0.1704444
119.815	0.1729075
119.82	0.1752062
119.825	0.1775336
119.83	0.1798104
119.835	0.1821593
119.84	0.1845576
119.845	0.1867025
119.85	0.1887859
119.855	0.1907043
119.86	0.1921622
119.865	0.1936436
119.87	0.194975
119.875	0.1963078
119.88	0.1977093
119.885	0.1991494
119.89	0.2005224
119.895	0.2019205
119.9	0.2033141
119.905	0.2047152
119.91	0.2061257
119.915	0.2075404
119.92	0.2087318
119.925	0.2094718
119.93	0.2101633
119.935	0.2096788
119.94	0.2091824
119.945	0.2082569
119.95	0.207087
119.955	0.2059191
119.96	0.2046953
119.965	0.2035086
119.97	0.2020703
119.975	0.2004723
119.98	0.1988869
119.985	0.1971145
119.99	0.1952421
119.995	0.1934028
120	0.1915367
120.005	0.189549
120.01	0.187149
120.015	0.1847319
120.02	0.1823176
120.025	0.1798617
120.03	0.1773042
120.035	0.1747182
120.04	0.1718772
120.045	0.1689912
120.05	0.1661979
120.055	0.1633928
120.06	0.1606345
120.065	0.158139
120.07	0.1555256
120.075	0.152922
120.08	0.1503073
120.085	0.147529
120.09	0.1445609
120.095	0.1415813
120.1	0.1384912
120.105	0.1353274
120.11	0.1320964
120.115	0.1287605
120.12	0.1253323
120.125	0.1220158
120.13	0.1190028
120.135	0.1159475
120.14	0.1137573
120.145	0.1115385
120.15	0.109639
120.155	0.1080106
120.16	0.1063693
120.165	0.1047742
120.17	0.1031846
120.175	0.1017901
120.18	0.100511
120.185	0.0992885
120.19	0.09823259
120.195	0.09726174
120.2	0.09630086
120.205	0.09547577
120.21	0.09473632
120.215	0.09434874
120.22	0.09394182
120.225	0.09354298
120.23	0.09325476
120.235	0.09298439
120.24	0.09274874
120.245	0.09272013
120.25	0.09262132
120.255	0.09243839
120.26	0.09216836
120.265	0.09191158
120.27	0.09166425
120.275	0.09147818
120.28	0.09129626
120.285	0.09096708
120.29	0.09078396
120.295	0.09070907
120.3	0.09052223
120.305	0.09029397
120.31	0.09022953
120.315	0.09024183
120.32	0.09028327
120.325	0.09027786
120.33	0.09028116
120.335	0.0905377
120.34	0.0909226
120.345	0.09142199
120.35	0.09197496
120.355	0.09260904
120.36	0.09320323
120.365	0.09380484
120.37	0.09438874
120.375	0.09492993
120.38	0.09547642
120.385	0.09607296
120.39	0.09683205
120.395	0.09759152
120.4	0.09847908
120.405	0.09934539
120.41	0.09993588
120.415	0.100543
120.42	0.1010151
120.425	0.1015286
120.43	0.1020783
120.435	0.1026184
120.44	0.103183
120.445	0.103707
120.45	0.1042252
120.455	0.104746
120.46	0.1053133
120.465	0.1059252
120.47	0.1064851
120.475	0.1070726
120.48	0.1076543
120.485	0.108238
120.49	0.1088904
120.495	0.1094339
120.5	0.1099828
120.505	0.1105743
120.51	0.1112032
120.515	0.1115523
120.52	0.1117518
120.525	0.1119332
120.53	0.1121422
120.535	0.1122951
120.54	0.1122039
120.545	0.1119103
120.55	0.1116173
120.555	0.1112199
120.56	0.1107459
120.565	0.1102783
120.57	0.109803
120.575	0.109328
120.58	0.1088333
120.585	0.1083351
120.59	0.1077565
120.595	0.1067798
120.6	0.1058067
120.605	0.1047321
120.61	0.1038879
120.615	0.1035247
120.62	0.1033957
120.625	0.1037092
120.63	0.1043725
120.635	0.1053648
120.64	0.1068416
120.645	0.1087577
120.65	0.1110684
120.655	0.1138845
120.66	0.1173579
120.665	0.1213822
120.67	0.1259053
120.675	0.1308662
120.68	0.1361451
120.685	0.1417406
120.69	0.1475505
120.695	0.1535047
120.7	0.1595906
120.705	0.1657551
120.71	0.1720593
120.715	0.1784149
120.72	0.18482
120.725	0.191156
120.73	0.1974191
120.735	0.2035948
120.74	0.2096818
120.745	0.2157369
120.75	0.2216931
120.755	0.2275008
120.76	0.233203
120.765	0.2387904
120.77	0.2442511
120.775	0.249594
120.78	0.254826
120.785	0.2599713
120.79	0.2650296
120.795	0.2700262
120.8	0.2750444
120.805	0.2799679
120.81	0.2847315
120.815	0.2892405
120.82	0.2934491
120.825	0.2974441
120.83	0.3011802
120.835	0.3046317
120.84	0.30781
120.845	0.3106773
120.85	0.3132643
120.855	0.3156032
120.86	0.3175783
120.865	0.3190834
120.87	0.3201473
120.875	0.3207511
120.88	0.3209061
120.885	0.320643
120.89	0.3199635
120.895	0.3189064
120.9	0.3175002
120.905	0.3157928
120.91	0.3137697
120.915	0.3113648
120.92	0.3086499
120.925	0.3057203
120.93	0.3026587
120.935	0.2994115
120.94	0.2959874
120.945	0.2924251
120.95	0.2887323
120.955	0.2849814
120.96	0.2811764
120.965	0.2773023
120.97	0.273381
120.975	0.2694051
120.98	0.2653695
120.985	0.2612724
120.99	0.2570988
120.995	0.2528368
121	0.2484671
121.005	0.2439594
121.01	0.2393397
121.015	0.2346799
121.02	0.2300118
121.025	0.2253608
121.03	0.2206697
121.035	0.2159691
121.04	0.2112672
121.045	0.2065414
121.05	0.2017868
121.055	0.1969778
121.06	0.1920832
121.065	0.1872326
121.07	0.1825077
121.075	0.1778725
121.08	0.1734383
121.085	0.1692288
121.09	0.1651908
121.095	0.1613633
121.1	0.1577937
121.105	0.1544537
121.11	0.1512682
121.115	0.1482743
121.12	0.1455564
121.125	0.1430218
121.13	0.1405593
121.135	0.1380996
121.14	0.1357227
121.145	0.1334459
121.15	0.1311921
121.155	0.1289005
121.16	0.1265336
121.165	0.1241009
121.17	0.1216125
121.175	0.1190165
121.18	0.1163531
121.185	0.1136281
121.19	0.1108222
121.195	0.1079418
121.2	0.1050004
121.205	0.1020057
121.21	0.09896758
121.215	0.09587771
121.22	0.09272838
121.225	0.08951147
121.23	0.08623794
121.235	0.08292222
121.24	0.07956143
121.245	0.07617896
121.25	0.0728456
121.255	0.06960401
121.26	0.06645455
121.265	0.06345048
121.27	0.06055162
121.275	0.05782248
121.28	0.05534777
121.285	0.05296166
121.29	0.05068079
121.295	0.04862412
121.3	0.04671192
121.305	0.04478636
121.31	0.04288841
121.315	0.04111074
121.32	0.03944005
121.325	0.03781975
121.33	0.03633912
121.335	0.03502754
121.34	0.03384565
121.345	0.03273492
121.35	0.03162087
121.355	0.03061157
121.36	0.02985078
121.365	0.02919719
121.37	0.02859393
121.375	0.02806235
121.38	0.02763937
121.385	0.02724221
121.39	0.0268417
121.395	0.0264789
121.4	0.02615425
121.405	0.0258409
121.41	0.02554737
121.415	0.02533882
121.42	0.02516708
121.425	0.02501551
121.43	0.02494762
121.435	0.02486478
121.44	0.02485161
121.445	0.024863
121.45	0.02491552
121.455	0.02497734
121.46	0.0250626
121.465	0.02516548
121.47	0.02527963
121.475	0.02538088
121.48	0.02544522
121.485	0.02548288
121.49	0.02554674
121.495	0.02568591
121.5	0.02580766
121.505	0.02592685
121.51	0.02605015
121.515	0.02617705
121.52	0.02630619
121.525	0.02637851
121.53	0.02646652
121.535	0.02654763
121.54	0.02663725
121.545	0.02688047
121.55	0.02713424
121.555	0.02768999
121.56	0.0285024
121.565	0.02933444
121.57	0.03021837
121.575	0.03109814
121.58	0.03196223
121.585	0.03291126
121.59	0.03383487
121.595	0.03474129
121.6	0.0356698
121.605	0.03672974
121.61	0.03780645
121.615	0.03886135
121.62	0.03988903
121.625	0.0409028
121.63	0.04195009
121.635	0.04292576
121.64	0.04389796
121.645	0.04477882
121.65	0.0456413
121.655	0.04649505
121.66	0.04737907
121.665	0.0482336
121.67	0.04909316
121.675	0.04993862
121.68	0.05079605
121.685	0.05165714
121.69	0.05251362
121.695	0.05334483
121.7	0.05411714
121.705	0.05489535
121.71	0.05571376
121.715	0.05662672
121.72	0.05755151
121.725	0.0584931
121.73	0.0594326
121.735	0.06041533
121.74	0.06147372
121.745	0.06252529
121.75	0.06344091
121.755	0.06434034
121.76	0.06497288
121.765	0.06584856
121.77	0.06701042
121.775	0.06813678
121.78	0.06931496
121.785	0.07053184
121.79	0.07198655
121.795	0.07369681
121.8	0.07535618
121.805	0.07693708
121.81	0.07833935
121.815	0.07967658
121.82	0.08102448
121.825	0.08269065
121.83	0.08461422
121.835	0.08713846
121.84	0.09010421
121.845	0.09306328
121.85	0.09594707
121.855	0.09876323
121.86	0.1015363
121.865	0.1041946
121.87	0.1068023
121.875	0.1094699
121.88	0.1121059
121.885	0.1146734
121.89	0.1171834
121.895	0.1197275
121.9	0.1223275
121.905	0.1248565
121.91	0.1273447
121.915	0.1297417
121.92	0.132015
121.925	0.1342475
121.93	0.136439
121.935	0.1386408
121.94	0.1407826
121.945	0.1428411
121.95	0.1452206
121.955	0.1475986
121.96	0.1501152
121.965	0.1526929
121.97	0.1548808
121.975	0.1568195
121.98	0.1587325
121.985	0.160753
121.99	0.1630164
121.995	0.1649841
122	0.1668727
122.005	0.16877
122.01	0.170865
122.015	0.1730293
122.02	0.1752121
122.025	0.1773389
122.03	0.1791256
122.035	0.1806703
122.04	0.181842
122.045	0.1825332
122.05	0.1831436
122.055	0.1838225
122.06	0.1845282
122.065	0.1851878
122.07	0.1860701
122.075	0.1871351
122.08	0.1881135
122.085	0.1891099
122.09	0.1901014
122.095	0.1911152
122.1	0.1920499
122.105	0.1928461
122.11	0.1936525
122.115	0.1944331
122.12	0.1952611
122.125	0.1961119
122.13	0.197013
122.135	0.1978857
122.14	0.1986945
122.145	0.1995021
122.15	0.2002964
122.155	0.2005757
122.16	0.2008326
122.165	0.2008522
122.17	0.200804
122.175	0.2009524
122.18	0.2011338
122.185	0.2012938
122.19	0.2011725
122.195	0.2005564
122.2	0.2000551
122.205	0.1993663
122.21	0.1986358
122.215	0.1975441
122.22	0.1963534
122.225	0.1951107
122.23	0.1938792
122.235	0.1927784
122.24	0.1917275
122.245	0.1904491
122.25	0.1893671
122.255	0.1883136
122.26	0.1871381
122.265	0.1858857
122.27	0.1846557
122.275	0.1829892
122.28	0.1808994
122.285	0.1787411
122.29	0.176504
122.295	0.174243
122.3	0.1719016
122.305	0.1695564
122.31	0.1672904
122.315	0.1650701
122.32	0.1629335
122.325	0.1607073
122.33	0.1584332
122.335	0.1559641
122.34	0.1535059
122.345	0.1510444
122.35	0.1485449
122.355	0.1461326
122.36	0.1440326
122.365	0.1419182
122.37	0.1399041
122.375	0.137898
122.38	0.1357159
122.385	0.1335544
122.39	0.1314
122.395	0.1294318
122.4	0.1278264
122.405	0.1261702
122.41	0.1246475
122.415	0.1231345
122.42	0.1219584
122.425	0.1208104
122.43	0.119657
122.435	0.1184644
122.44	0.1172663
122.445	0.1160624
122.45	0.1152552
122.455	0.1144632
122.46	0.113644
122.465	0.1128639
122.47	0.1121051
122.475	0.1113452
122.48	0.1109243
122.485	0.1108549
122.49	0.1108584
122.495	0.1107803
122.5	0.1106946
122.505	0.1106082
122.51	0.1104852
122.515	0.1102865
122.52	0.1098648
122.525	0.1091475
122.53	0.1084129
122.535	0.1077108
122.54	0.1071378
122.545	0.1064883
122.55	0.1058393
122.555	0.1051936
122.56	0.1042653
122.565	0.1033481
122.57	0.1025354
122.575	0.1017467
122.58	0.100963
122.585	0.100272
122.59	0.09952574
122.595	0.09877801
122.6	0.09804993
122.605	0.09731933
122.61	0.09659523
122.615	0.09589638
122.62	0.09517477
122.625	0.09429326
122.63	0.09343533
122.635	0.0925617
122.64	0.09172949
122.645	0.09089974
122.65	0.09013438
122.655	0.08938533
122.66	0.08864709
122.665	0.08791256
122.67	0.087219
122.675	0.08654581
122.68	0.08581052
122.685	0.08507552
122.69	0.08436691
122.695	0.08366944
122.7	0.0831151
122.705	0.08251567
122.71	0.08196959
122.715	0.08142882
122.72	0.08097572
122.725	0.08063887
122.73	0.08050205
122.735	0.08043214
122.74	0.08040848
122.745	0.08043419
122.75	0.08055167
122.755	0.08071776
122.76	0.08086362
122.765	0.08122077
122.77	0.0815884
122.775	0.08176934
122.78	0.0819662
122.785	0.08216246
122.79	0.08235819
122.795	0.08259286
122.8	0.08274662
122.805	0.08293521
122.81	0.0831731
122.815	0.08344637
122.82	0.08376651
122.825	0.08410188
122.83	0.08449609
122.835	0.08490623
122.84	0.08534562
122.845	0.08572378
122.85	0.08609094
122.855	0.08640475
122.86	0.08669822
122.865	0.0870161
122.87	0.08737148
122.875	0.08771026
122.88	0.08806319
122.885	0.0884406
122.89	0.08887132
122.895	0.08921228
122.9	0.08954035
122.905	0.08981873
122.91	0.0901288
122.915	0.09041472
122.92	0.09069366
122.925	0.09083611
122.93	0.09101609
122.935	0.09119806
122.94	0.09135438
122.945	0.09136606
122.95	0.09124685
122.955	0.09104031
122.96	0.09073856
122.965	0.09040137
122.97	0.09004605
122.975	0.08970004
122.98	0.08939521
122.985	0.08914249
122.99	0.08914649
122.995	0.08938746
123	0.08982309
123.005	0.09056842
123.01	0.0916608
123.015	0.09307815
123.02	0.09475932
123.025	0.09676939
123.03	0.09904563
123.035	0.101577
123.04	0.1043219
123.045	0.1072928
123.05	0.1105447
123.055	0.1140449
123.06	0.117806
123.065	0.1218611
123.07	0.1261527
123.075	0.1306765
123.08	0.1353836
123.085	0.1402102
123.09	0.1451278
123.095	0.1500366
123.1	0.1550304
123.105	0.1600828
123.11	0.16516
123.115	0.1701976
123.12	0.1751755
123.125	0.1800857
123.13	0.1849581
123.135	0.1897934
123.14	0.1945418
123.145	0.199205
123.15	0.2038197
123.155	0.2083709
123.16	0.2128519
123.165	0.2172632
123.17	0.2215967
123.175	0.2258122
123.18	0.2299086
123.185	0.2339028
123.19	0.2377574
123.195	0.2413623
123.2	0.2447532
123.205	0.2479678
123.21	0.2509526
123.215	0.2536153
123.22	0.2559694
123.225	0.2580769
123.23	0.2598948
123.235	0.261477
123.24	0.2628348
123.245	0.2639655
123.25	0.2648887
123.255	0.2655751
123.26	0.2660356
123.265	0.2662566
123.27	0.2661684
123.275	0.2657422
123.28	0.2649763
123.285	0.2639398
123.29	0.2626467
123.295	0.2611251
123.3	0.2594328
123.305	0.2575254
123.31	0.255397
123.315	0.2531206
123.32	0.2507547
123.325	0.2482899
123.33	0.2457726
123.335	0.2431967
123.34	0.2404756
123.345	0.2377148
123.35	0.2349361
123.355	0.2321128
123.36	0.2292766
123.365	0.2264292
123.37	0.2235724
123.375	0.2207049
123.38	0.2178533
123.385	0.2150157
123.39	0.2121863
123.395	0.209388
123.4	0.2066787
123.405	0.2040353
123.41	0.2014362
123.415	0.1989257
123.42	0.196571
123.425	0.1943777
123.43	0.1923092
123.435	0.1904064
123.44	0.1886342
123.445	0.1869715
123.45	0.1854259
123.455	0.1839301
123.46	0.1824892
123.465	0.1810663
123.47	0.1796571
123.475	0.1783501
123.48	0.1771828
123.485	0.1761408
123.49	0.1751416
123.495	0.1742145
123.5	0.1733341
123.505	0.1724305
123.51	0.1715288
123.515	0.1706583
123.52	0.1697106
123.525	0.1686339
123.53	0.1675132
123.535	0.1662901
123.54	0.164971
123.545	0.1636494
123.55	0.1622307
123.555	0.1606799
123.56	0.1590643
123.565	0.157351
123.57	0.155518
123.575	0.1535785
123.58	0.1515582
123.585	0.1494477
123.59	0.1472387
123.595	0.1449516
123.6	0.1425771
123.605	0.1401091
123.61	0.1375462
123.615	0.134914
123.62	0.1322054
123.625	0.129406
123.63	0.126538
123.635	0.1236038
123.64	0.1205717
123.645	0.1174401
123.65	0.1142446
123.655	0.11098
123.66	0.1076953
123.665	0.1044189
123.67	0.1011698
123.675	0.09798464
123.68	0.09484212
123.685	0.09172592
123.69	0.08866824
123.695	0.08571646
123.7	0.08280852
123.705	0.07995693
123.71	0.07721535
123.715	0.07461683
123.72	0.0721118
123.725	0.06971994
123.73	0.06751411
123.735	0.06539951
123.74	0.06339835
123.745	0.06153479
123.75	0.05976059
123.755	0.05803736
123.76	0.05643527
123.765	0.05489784
123.77	0.05343804
123.775	0.05208109
123.78	0.05080653
123.785	0.0495657
123.79	0.0483352
123.795	0.04715734
123.8	0.04602986
123.805	0.04495262
123.81	0.04392714
123.815	0.04299468
123.82	0.0421141
123.825	0.04127336
123.83	0.04052057
123.835	0.03978968
123.84	0.03906711
123.845	0.03839225
123.85	0.03778602
123.855	0.03722108
123.86	0.0367158
123.865	0.03624674
123.87	0.03579285
123.875	0.0353968
123.88	0.03506257
123.885	0.03472461
123.89	0.0344256
123.895	0.03413852
123.9	0.03385261
123.905	0.03358662
123.91	0.03332386
123.915	0.03311178
123.92	0.03297998
123.925	0.03289791
123.93	0.03297022
123.935	0.03307513
123.94	0.03318223
123.945	0.03331879
123.95	0.03345204
123.955	0.03359586
123.96	0.03386112
123.965	0.0341679
123.97	0.03447468
123.975	0.03477614
123.98	0.03508904
123.985	0.03545051
123.99	0.03582657
123.995	0.03631597
124	0.03687227
124.005	0.03742275
124.01	0.0380476
124.015	0.03871529
124.02	0.0393587
124.025	0.03997516
124.03	0.04055824
124.035	0.04113453
124.04	0.04169712
124.045	0.04223667
124.05	0.04278933
124.055	0.0433029
124.06	0.04375381
124.065	0.04413126
124.07	0.04452159
124.075	0.04499401
124.08	0.04545731
124.085	0.04587402
124.09	0.04627814
124.095	0.04671814
124.1	0.04716668
124.105	0.04760691
124.11	0.04810905
124.115	0.04868741
124.12	0.04927767
124.125	0.04972161
124.13	0.0501487
124.135	0.05051795
124.14	0.05088233
124.145	0.051489
124.15	0.05209932
124.155	0.05273459
124.16	0.05339158
124.165	0.05400289
124.17	0.05461312
124.175	0.05521362
124.18	0.0558432
124.185	0.0565213
124.19	0.05714389
124.195	0.05777704
124.2	0.05833938
124.205	0.05884239
124.21	0.059357
124.215	0.05977006
124.22	0.06015217
124.225	0.06083587
124.23	0.06149193
124.235	0.06227316
124.24	0.06308664
124.245	0.06388398
124.25	0.06479894
124.255	0.0659027
124.26	0.06716122
124.265	0.0684122
124.27	0.06980856
124.275	0.07164266
124.28	0.07344307
124.285	0.07528887
124.29	0.0774139
124.295	0.07964868
124.3	0.08221163
124.305	0.08479855
124.31	0.08729403
124.315	0.08974121
124.32	0.09204021
124.325	0.094239
124.33	0.09644426
124.335	0.09856796
124.34	0.1007581
124.345	0.1029473
124.35	0.1048763
124.355	0.1069402
124.36	0.1089757
124.365	0.1109508
124.37	0.1129072
124.375	0.1148645
124.38	0.1168961
124.385	0.1188829
124.39	0.1208123
124.395	0.1227238
124.4	0.1246098
124.405	0.1265003
124.41	0.1284084
124.415	0.130341
124.42	0.1322643
124.425	0.1341549
124.43	0.1357568
124.435	0.1373673
124.44	0.1388518
124.445	0.1402875
124.45	0.1417317
124.455	0.1430535
124.46	0.1441645
124.465	0.1451366
124.47	0.1461032
124.475	0.1469205
124.48	0.1473161
124.485	0.1476418
124.49	0.1478998
124.495	0.1479339
124.5	0.1477925
124.505	0.1471788
124.51	0.1465537
124.515	0.1459996
124.52	0.1453542
124.525	0.1447417
124.53	0.1441578
124.535	0.1435905
124.54	0.1433177
124.545	0.1429914
124.55	0.1425989
124.555	0.1423786
124.56	0.141949
124.565	0.1414965
124.57	0.1410486
124.575	0.1405964
124.58	0.1400808
124.585	0.1395151
124.59	0.1389282
124.595	0.1383266
124.6	0.1380964
124.605	0.1378979
124.61	0.1376511
124.615	0.1373465
124.62	0.136948
124.625	0.1365854
124.63	0.1362221
124.635	0.1360625
124.64	0.1358627
124.645	0.1357552
124.65	0.1356763
124.655	0.1356221
124.66	0.1356265
124.665	0.1359398
124.67	0.1363172
124.675	0.1366944
124.68	0.1371512
124.685	0.1377564
124.69	0.1383873
124.695	0.1390195
124.7	0.1396197
124.705	0.1403285
124.71	0.1413194
124.715	0.1421339
124.72	0.1428102
124.725	0.143567
124.73	0.1443497
124.735	0.1451336
124.74	0.1458479
124.745	0.1459994
124.75	0.1460528
124.755	0.1461773
124.76	0.1460808
124.765	0.1460038
124.77	0.1459219
124.775	0.1458239
124.78	0.1457225
124.785	0.1456529
124.79	0.1454283
124.795	0.145269
124.8	0.1451502
124.805	0.1443217
124.81	0.1433934
124.815	0.1424952
124.82	0.1416322
124.825	0.140781
124.83	0.1399244
124.835	0.1390659
124.84	0.1381332
124.845	0.1372225
124.85	0.1362312
124.855	0.1352001
124.86	0.1340783
124.865	0.1329427
124.87	0.1313885
124.875	0.1297963
124.88	0.1281891
124.885	0.1265621
124.89	0.1249678
124.895	0.1233575
124.9	0.121747
124.905	0.1202144
124.91	0.1186459
124.915	0.1170013
124.92	0.1154698
124.925	0.1140058
124.93	0.1125285
124.935	0.1109723
124.94	0.1093428
124.945	0.1077251
124.95	0.1064726
124.955	0.105334
124.96	0.1040787
124.965	0.102977
124.97	0.1019776
124.975	0.1009622
124.98	0.09998819
124.985	0.09903232
124.99	0.09806728
124.995	0.09726534
125	0.09629804
125.005	0.09523419
125.01	0.09470246
125.015	0.09424668
125.02	0.09376855
125.025	0.09336581
125.03	0.09301333
125.035	0.0925247
125.04	0.09202997
125.045	0.0913974
125.05	0.09074066
125.055	0.09012666
125.06	0.08953871
125.065	0.08894424
125.07	0.08834211
125.075	0.08803472
125.08	0.0877288
125.085	0.08741656
125.09	0.08709096
125.095	0.0867687
125.1	0.08644796
125.105	0.08612921
125.11	0.08582081
125.115	0.08569182
125.12	0.08567564
125.125	0.08564041
125.13	0.08557362
125.135	0.08534549
125.14	0.08505745
125.145	0.08478706
125.15	0.08453183
125.155	0.08428553
125.16	0.08405336
125.165	0.08387509
125.17	0.08369642
125.175	0.08343461
125.18	0.08319988
125.185	0.08288633
125.19	0.08249648
125.195	0.0821211
125.2	0.08173576
125.205	0.08146511
125.21	0.08130862
125.215	0.08113008
125.22	0.08096085
125.225	0.08079456
125.23	0.08036603
125.235	0.07985151
125.24	0.079404
125.245	0.07896382
125.25	0.07870325
125.255	0.07845037
125.26	0.07820408
125.265	0.07795198
125.27	0.07776466
125.275	0.07758472
125.28	0.0774015
125.285	0.07724233
125.29	0.0770683
125.295	0.07691204
125.3	0.07675035
125.305	0.07661673
125.31	0.07651321
125.315	0.07654184
125.32	0.07611648
125.325	0.07546573
125.33	0.0748355
125.335	0.07423326
125.34	0.07374703
125.345	0.07333673
125.35	0.07292405
125.355	0.07252998
125.36	0.07212033
125.365	0.07172607
125.37	0.07137881
125.375	0.07106478
125.38	0.07089171
125.385	0.07074772
125.39	0.0707174
125.395	0.07096216
125.4	0.07155255
125.405	0.07253902
125.41	0.07398516
125.415	0.07589354
125.42	0.07843881
125.425	0.08164031
125.43	0.08522857
125.435	0.08932103
125.44	0.09387033
125.445	0.09864609
125.45	0.1037279
125.455	0.1089466
125.46	0.1142989
125.465	0.1198585
125.47	0.1255273
125.475	0.1312527
125.48	0.1369582
125.485	0.1426171
125.49	0.1482332
125.495	0.1538669
125.5	0.1594995
125.505	0.1651094
125.51	0.1706507
125.515	0.1760811
125.52	0.1813083
125.525	0.1865993
125.53	0.1918464
125.535	0.1969695
125.54	0.2020071
125.545	0.2069463
125.55	0.2117718
125.555	0.2165043
125.56	0.2211228
125.565	0.2256534
125.57	0.2300493
125.575	0.2343434
125.58	0.2385464
125.585	0.2426235
125.59	0.2466104
125.595	0.2505132
125.6	0.2542492
125.605	0.2577298
125.61	0.2609567
125.615	0.2638741
125.62	0.266432
125.625	0.2685832
125.63	0.2702684
125.635	0.2716257
125.64	0.2726438
125.645	0.2732615
125.65	0.2735801
125.655	0.2734989
125.66	0.2730903
125.665	0.2723671
125.67	0.2712487
125.675	0.2697947
125.68	0.2680365
125.685	0.2660401
125.69	0.2638355
125.695	0.2614095
125.7	0.2587099
125.705	0.2557319
125.71	0.2525049
125.715	0.2490772
125.72	0.2454944
125.725	0.241806
125.73	0.2379024
125.735	0.2338557
125.74	0.2297319
125.745	0.2254816
125.75	0.2211461
125.755	0.2167349
125.76	0.2122263
125.765	0.2076524
125.77	0.2029921
125.775	0.1982723
125.78	0.1934729
125.785	0.1885921
125.79	0.1836316
125.795	0.1785443
125.8	0.173298
125.805	0.1679387
125.81	0.1625593
125.815	0.1571691
125.82	0.1518154
125.825	0.1465672
125.83	0.1414939
125.835	0.1366978
125.84	0.1320581
125.845	0.1275964
125.85	0.1234045
125.855	0.1194098
125.86	0.1157424
125.865	0.1123681
125.87	0.1092978
125.875	0.1066401
125.88	0.1043485
125.885	0.1023969
125.89	0.1007095
125.895	0.09925226
125.9	0.09805283
125.905	0.09715059
125.91	0.09655396
125.915	0.0962108
125.92	0.09601748
125.925	0.09592698
125.93	0.09591184
125.935	0.09602758
125.94	0.09618147
125.945	0.0962637
125.95	0.09628227
125.955	0.09616424
125.96	0.09597157
125.965	0.09574758
125.97	0.09540382
125.975	0.09493897
125.98	0.09438333
125.985	0.09370259
125.99	0.09285878
125.995	0.09193719
126	0.09101044
126.005	0.09008297
126.01	0.08915726
126.015	0.08819859
126.02	0.08717079
126.025	0.08609886
126.03	0.08501915
126.035	0.08386978
126.04	0.08262983
126.045	0.08136538
126.05	0.08007459
126.055	0.0787368
126.06	0.07736558
126.065	0.07598002
126.07	0.07454927
126.075	0.07304781
126.08	0.07151458
126.085	0.06993841
126.09	0.06832522
126.095	0.06666937
126.1	0.06496807
126.105	0.06321241
126.11	0.06144742
126.115	0.05965128
126.12	0.05782597
126.125	0.05600403
126.13	0.05417429
126.135	0.05233836
126.14	0.05052238
126.145	0.04872396
126.15	0.0469757
126.155	0.04534456
126.16	0.04385967
126.165	0.04242448
126.17	0.04097742
126.175	0.03960678
126.18	0.03837534
126.185	0.03723446
126.19	0.03621121
126.195	0.03537521
126.2	0.03461982
126.205	0.03386711
126.21	0.03315068
126.215	0.03246497
126.22	0.03184011
126.225	0.03133781
126.23	0.03092426
126.235	0.0305391
126.24	0.03025625
126.245	0.03008908
126.25	0.02993572
126.255	0.0297903
126.26	0.02978027
126.265	0.02976426
126.27	0.02974549
126.275	0.02976256
126.28	0.02983418
126.285	0.0299042
126.29	0.02998736
126.295	0.03005861
126.3	0.0302154
126.305	0.03039216
126.31	0.03056683
126.315	0.03062024
126.32	0.03068232
126.325	0.0307451
126.33	0.0308119
126.335	0.03091013
126.34	0.03105246
126.345	0.03118116
126.35	0.03132402
126.355	0.03144792
126.36	0.03157302
126.365	0.03172208
126.37	0.03196148
126.375	0.03233044
126.38	0.03272462
126.385	0.03307652
126.39	0.03342612
126.395	0.03380938
126.4	0.03420714
126.405	0.03460232
126.41	0.03498766
126.415	0.03533348
126.42	0.03580715
126.425	0.03626067
126.43	0.03669056
126.435	0.03711293
126.44	0.03752025
126.445	0.03794537
126.45	0.03863634
126.455	0.03953836
126.46	0.04044172
126.465	0.041392
126.47	0.04233546
126.475	0.0433294
126.48	0.04433439
126.485	0.04531855
126.49	0.04630036
126.495	0.04726124
126.5	0.04819684
126.505	0.04901024
126.51	0.04979208
126.515	0.05060208
126.52	0.05144598
126.525	0.05229748
126.53	0.05313429
126.535	0.0540715
126.54	0.05502022
126.545	0.05590392
126.55	0.05678713
126.555	0.05763873
126.56	0.05848964
126.565	0.0593347
126.57	0.06015929
126.575	0.06090656
126.58	0.06158527
126.585	0.06236749
126.59	0.06322408
126.595	0.06409781
126.6	0.06496851
126.605	0.06587369
126.61	0.06680709
126.615	0.06790409
126.62	0.06912786
126.625	0.07019628
126.63	0.07128084
126.635	0.07234991
126.64	0.07355114
126.645	0.07496824
126.65	0.07634641
126.655	0.07744211
126.66	0.07830421
126.665	0.07915434
126.67	0.07989755
126.675	0.08063036
126.68	0.08129195
126.685	0.08192107
126.69	0.08255523
126.695	0.08317905
126.7	0.08384009
126.705	0.08450004
126.71	0.08519078
126.715	0.08594558
126.72	0.0866562
126.725	0.08736865
126.73	0.08804586
126.735	0.08873527
126.74	0.08932234
126.745	0.09001584
126.75	0.09089058
126.755	0.09175627
126.76	0.09266246
126.765	0.09367622
126.77	0.09487742
126.775	0.09605314
126.78	0.09729372
126.785	0.09848533
126.79	0.09960338
126.795	0.1007017
126.8	0.1017733
126.805	0.1028094
126.81	0.1037696
126.815	0.1046689
126.82	0.1055033
126.825	0.1066079
126.83	0.108157
126.835	0.1102956
126.84	0.1124351
126.845	0.1143527
126.85	0.1159461
126.855	0.1175242
126.86	0.1191802
126.865	0.1208721
126.87	0.1225379
126.875	0.1241862
126.88	0.1258625
126.885	0.1275877
126.89	0.1293407
126.895	0.1311461
126.9	0.1329265
126.905	0.1346303
126.91	0.1363441
126.915	0.1380477
126.92	0.1396484
126.925	0.1412457
126.93	0.1428159
126.935	0.1443904
126.94	0.1459659
126.945	0.1475244
126.95	0.1489149
126.955	0.1500817
126.96	0.1512617
126.965	0.1523981
126.97	0.1533908
126.975	0.1541279
126.98	0.154892
126.985	0.1555604
126.99	0.1562538
126.995	0.1568986
127	0.1574658
127.005	0.1580235
127.01	0.1585952
127.015	0.1592036
127.02	0.1598353
127.025	0.1603188
127.03	0.1602682
127.035	0.1596635
127.04	0.158172
127.045	0.1566105
127.05	0.1550933
127.055	0.153658
127.06	0.152198
127.065	0.1506909
127.07	0.1491803
127.075	0.1476687
127.08	0.1461508
127.085	0.1445344
127.09	0.1428054
127.095	0.1409722
127.1	0.1389573
127.105	0.1369088
127.11	0.1348573
127.115	0.1327129
127.12	0.1305011
127.125	0.1282974
127.13	0.1260416
127.135	0.123756
127.14	0.1214418
127.145	0.1190014
127.15	0.1165637
127.155	0.1141162
127.16	0.1117616
127.165	0.1092851
127.17	0.1067426
127.175	0.1041985
127.18	0.1018095
127.185	0.09927948
127.19	0.09676734
127.195	0.09416471
127.2	0.0915176
127.205	0.0889127
127.21	0.08623928
127.215	0.08347836
127.22	0.08054992
127.225	0.0775007
127.23	0.07457845
127.235	0.07223159
127.24	0.07043804
127.245	0.06961698
127.25	0.06884766
127.255	0.06807996
127.26	0.06734874
127.265	0.0667105
127.27	0.06626341
127.275	0.06585586
127.28	0.06550346
127.285	0.06523245
127.29	0.06525024
127.295	0.06542531
127.3	0.06569119
127.305	0.06618187
127.31	0.06678348
127.315	0.06747373
127.32	0.06821993
127.325	0.06905195
127.33	0.07008589
127.335	0.07116422
127.34	0.07220808
127.345	0.07312184
127.35	0.07409835
127.355	0.07503779
127.36	0.07603537
127.365	0.07701562
127.37	0.07808245
127.375	0.07928398
127.38	0.08067074
127.385	0.08193276
127.39	0.08322891
127.395	0.08452087
127.4	0.08582408
127.405	0.08718583
127.41	0.08850326
127.415	0.08980021
127.42	0.09103835
127.425	0.09231451
127.43	0.09354606
127.435	0.0947825
127.44	0.09594361
127.445	0.09709186
127.45	0.09823718
127.455	0.09939228
127.46	0.1005555
127.465	0.1016741
127.47	0.1026798
127.475	0.1034821
127.48	0.1042117
127.485	0.1048105
127.49	0.1053302
127.495	0.1055984
127.5	0.1057859
127.505	0.1059715
127.51	0.1060801
127.515	0.106041
127.52	0.1058912
127.525	0.10575
127.53	0.105531
127.535	0.1050499
127.54	0.1045367
127.545	0.104033
127.55	0.1035695
127.555	0.1031061
127.56	0.1025807
127.565	0.1020707
127.57	0.1015514
127.575	0.1009622
127.58	0.100189
127.585	0.09913681
127.59	0.09812812
127.595	0.09713255
127.6	0.09610425
127.605	0.0950469
127.61	0.09390002
127.615	0.09268499
127.62	0.09144415
127.625	0.09022509
127.63	0.08897508
127.635	0.0877257
127.64	0.08637082
127.645	0.08501952
127.65	0.08364486
127.655	0.08223888
127.66	0.08075192
127.665	0.07918353
127.67	0.07761628
127.675	0.07605913
127.68	0.07459692
127.685	0.07314154
127.69	0.07176275
127.695	0.07040184
127.7	0.06920953
127.705	0.06806314
127.71	0.06688765
127.715	0.06575596
127.72	0.06472823
127.725	0.06374945
127.73	0.0627058
127.735	0.06170535
127.74	0.06086034
127.745	0.05996601
127.75	0.05903654
127.755	0.05811095
127.76	0.05723765
127.765	0.05644813
127.77	0.05558487
127.775	0.05472774
127.78	0.05391743
127.785	0.05322738
127.79	0.05279055
127.795	0.05236196
127.8	0.05183994
127.805	0.0513009
127.81	0.05074112
127.815	0.05026408
127.82	0.04991502
127.825	0.04962606
127.83	0.049307
127.835	0.04896587
127.84	0.04872225
127.845	0.04860497
127.85	0.04855837
127.855	0.0486289
127.86	0.04876498
127.865	0.04905962
127.87	0.04957501
127.875	0.05013892
127.88	0.05090882
127.885	0.0518258
127.89	0.05286453
127.895	0.05403449
127.9	0.05524206
127.905	0.05657521
127.91	0.05812297
127.915	0.05979267
127.92	0.06162399
127.925	0.06361886
127.93	0.06567768
127.935	0.06776757
127.94	0.06985813
127.945	0.07198361
127.95	0.07412602
127.955	0.07624251
127.96	0.07832108
127.965	0.08027825
127.97	0.08216681
127.975	0.0840446
127.98	0.08589236
127.985	0.08770497
127.99	0.08949276
127.995	0.09124633
128	0.09294855
128.005	0.09464654
128.01	0.09632499
128.015	0.09798549
128.02	0.09960133
128.025	0.1011456
128.03	0.1026245
128.035	0.1040795
128.04	0.1054959
128.045	0.1068109
128.05	0.1080758
128.055	0.1092758
128.06	0.1103599
128.065	0.1113808
128.07	0.1122963
128.075	0.1130522
128.08	0.113733
128.085	0.1142366
128.09	0.1146022
128.095	0.1148564
128.1	0.1149684
128.105	0.1150314
128.11	0.1149454
128.115	0.114616
128.12	0.1141307
128.125	0.1134173
128.13	0.1124601
128.135	0.1113797
128.14	0.1102068
128.145	0.1089388
128.15	0.1075735
128.155	0.1061168
128.16	0.104605
128.165	0.1030346
128.17	0.1014264
128.175	0.09979068
128.18	0.09811034
128.185	0.09636675
128.19	0.09457469
128.195	0.09274812
128.2	0.09087814
128.205	0.08897006
128.21	0.08701068
128.215	0.0850084
128.22	0.08295656
128.225	0.0808614
128.23	0.07875163
128.235	0.07661012
128.24	0.07442221
128.245	0.07219942
128.25	0.06996483
128.255	0.06770713
128.26	0.06541287
128.265	0.06312483
128.27	0.0607977
128.275	0.05846378
128.28	0.05617161
128.285	0.05385951
128.29	0.05164168
128.295	0.04947863
128.3	0.04734028
128.305	0.04527646
128.31	0.04317043
128.315	0.04114599
128.32	0.03937694
128.325	0.03773656
128.33	0.0363826
128.335	0.03536344
128.34	0.03445439
128.345	0.03364709
128.35	0.03296341
128.355	0.03237643
128.36	0.03190255
128.365	0.03146321
128.37	0.03103533
128.375	0.03069283
128.38	0.03038085
128.385	0.0300844
128.39	0.02984826
128.395	0.0296626
128.4	0.02948969
128.405	0.02932671
128.41	0.02918379
128.415	0.02907526
128.42	0.02896381
128.425	0.02886013
128.43	0.02875934
128.435	0.02859795
128.44	0.02849319
128.445	0.02838254
128.45	0.02827236
128.455	0.02823015
128.46	0.02813173
128.465	0.02803378
128.47	0.02793966
128.475	0.02786871
128.48	0.02782149
128.485	0.02779592
128.49	0.02777603
128.495	0.02777385
128.5	0.02777424
128.505	0.02779285
128.51	0.0278226
128.515	0.02785607
128.52	0.0279078
128.525	0.02801817
128.53	0.02822189
128.535	0.02844292
128.54	0.02865588
128.545	0.02887197
128.55	0.02909781
128.555	0.02931793
128.56	0.02955829
128.565	0.02980824
128.57	0.03007076
128.575	0.03037745
128.58	0.0306962
128.585	0.031013
128.59	0.03133455
128.595	0.03165915
128.6	0.03195996
128.605	0.03225185
128.61	0.03254427
128.615	0.03283652
128.62	0.03311482
128.625	0.03339203
128.63	0.03365876
128.635	0.03393259
128.64	0.03422002
128.645	0.03442022
128.65	0.03461264
128.655	0.03480288
128.66	0.03489225
128.665	0.03497309
128.67	0.03505525
128.675	0.03518446
128.68	0.03529423
128.685	0.03538326
128.69	0.03547707
128.695	0.03557277
128.7	0.03564912
128.705	0.03573491
128.71	0.03582853
128.715	0.03591252
128.72	0.03600016
128.725	0.03610035
128.73	0.03608798
128.735	0.03596921
128.74	0.03582522
128.745	0.03568007
128.75	0.03554926
128.755	0.03541636
128.76	0.03531653
128.765	0.0352146
128.77	0.03515429
128.775	0.03511848
128.78	0.0350747
128.785	0.03508654
128.79	0.03509085
128.795	0.03509268
128.8	0.03540456
128.805	0.0357264
128.81	0.03606631
128.815	0.03645685
128.82	0.03689081
128.825	0.03733673
128.83	0.03778076
128.835	0.03825741
128.84	0.0387379
128.845	0.03927907
128.85	0.03986793
128.855	0.0404378
128.86	0.04101858
128.865	0.04170666
128.87	0.04240075
128.875	0.04313232
128.88	0.04383233
128.885	0.04458382
128.89	0.04549803
128.895	0.04657479
128.9	0.04770673
128.905	0.04881458
128.91	0.04992061
128.915	0.05098085
128.92	0.052088
128.925	0.0535733
128.93	0.05528919
128.935	0.05739142
128.94	0.05959806
128.945	0.06177975
128.95	0.06388888
128.955	0.06602587
128.96	0.06821794
128.965	0.07036953
128.97	0.07249791
128.975	0.07460121
128.98	0.07662092
128.985	0.07858713
128.99	0.08043804
128.995	0.08233443
129	0.08419235
129.005	0.0858307
129.01	0.08745757
129.015	0.08927285
129.02	0.09102929
129.025	0.09272704
129.03	0.09440545
129.035	0.09608615
129.04	0.09771085
129.045	0.09930802
129.05	0.100957
129.055	0.1026515
129.06	0.1043627
129.065	0.1060636
129.07	0.1077021
129.075	0.1093153
129.08	0.1108659
129.085	0.1123683
129.09	0.1138846
129.095	0.1154719
129.1	0.116921
129.105	0.1183396
129.11	0.1197979
129.115	0.1212692
129.12	0.1227286
129.125	0.1241162
129.13	0.1251618
129.135	0.1266267
129.14	0.1279093
129.145	0.1290661
129.15	0.1301673
129.155	0.1312631
129.16	0.1322581
129.165	0.1331655
129.17	0.1341355
129.175	0.1350628
129.18	0.1359292
129.185	0.1368441
129.19	0.1377588
129.195	0.1386947
129.2	0.1395394
129.205	0.1403907
129.21	0.1412257
129.215	0.1420274
129.22	0.1425882
129.225	0.1431422
129.23	0.1437768
129.235	0.1444024
129.24	0.1451274
129.245	0.1459109
129.25	0.1471237
129.255	0.1482697
129.26	0.1492932
129.265	0.1502901
129.27	0.1513236
129.275	0.152339
129.28	0.1533324
129.285	0.1543478
129.29	0.1554158
129.295	0.1568632
129.3	0.1582779
129.305	0.1596877
129.31	0.1610421
129.315	0.1623187
129.32	0.1635149
129.325	0.1647071
129.33	0.1659498
129.335	0.1673963
129.34	0.1679621
129.345	0.1685054
129.35	0.1691201
129.355	0.1697553
129.36	0.170457
129.365	0.1711933
129.37	0.1719062
129.375	0.1724545
129.38	0.1730099
129.385	0.1735675
129.39	0.1740761
129.395	0.1745733
129.4	0.1750607
129.405	0.1755914
129.41	0.1760969
129.415	0.176627
129.42	0.1771677
129.425	0.1777563
129.43	0.1783703
129.435	0.1788505
129.44	0.1793362
129.445	0.1797178
129.45	0.1800327
129.455	0.1796452
129.46	0.1791768
129.465	0.1787888
129.47	0.1783982
129.475	0.1778859
129.48	0.1773857
129.485	0.176915
129.49	0.176438
129.495	0.1758785
129.5	0.1744987
129.505	0.1727932
129.51	0.1711012
129.515	0.1694213
129.52	0.1677424
129.525	0.1660812
129.53	0.1643932
129.535	0.1626088
129.54	0.160594
129.545	0.1589853
129.55	0.1572284
129.555	0.1553493
129.56	0.1534276
129.565	0.1513148
129.57	0.1491661
129.575	0.1470264
129.58	0.144958
129.585	0.1428674
129.59	0.1407707
129.595	0.1386228
129.6	0.136449
129.605	0.1342616
129.61	0.1319869
129.615	0.1296983
129.62	0.1274197
129.625	0.1251131
129.63	0.1228131
129.635	0.1203917
129.64	0.1180341
129.645	0.1156191
129.65	0.1129767
129.655	0.1103088
129.66	0.1081168
129.665	0.1060083
129.67	0.1037473
129.675	0.1013828
129.68	0.09910753
129.685	0.0968
129.69	0.0944091
129.695	0.09194575
129.7	0.08949062
129.705	0.08783375
129.71	0.08663409
129.715	0.08538501
129.72	0.08409014
129.725	0.08278735
129.73	0.0814941
129.735	0.08019217
129.74	0.07895907
129.745	0.07794152
129.75	0.0770165
129.755	0.07639008
129.76	0.0758948
129.765	0.07542154
129.77	0.07513272
129.775	0.07490354
129.78	0.07467123
129.785	0.07445289
129.79	0.07420297
129.795	0.07394864
129.8	0.07376666
129.805	0.07358915
129.81	0.07334824
129.815	0.07316012
129.82	0.07297221
129.825	0.07264378
129.83	0.07230968
129.835	0.07191249
129.84	0.071586
129.845	0.07129406
129.85	0.07090267
129.855	0.07079519
129.86	0.07072996
129.865	0.07072146
129.87	0.07071703
129.875	0.07080461
129.88	0.07095112
129.885	0.07104858
129.89	0.07108679
129.895	0.07106473
129.9	0.07097819
129.905	0.0708952
129.91	0.07080137
129.915	0.07062467
129.92	0.07050197
129.925	0.07041687
129.93	0.07032476
129.935	0.07017912
129.94	0.0700415
129.945	0.06989291
129.95	0.0697376
129.955	0.06960083
129.96	0.06945931
129.965	0.06929946
129.97	0.06913945
129.975	0.06894787
129.98	0.06865171
129.985	0.06836422
129.99	0.06807718
129.995	0.06781078
130	0.06751708
130.005	0.06719996
130.01	0.06691129
130.015	0.06666884
130.02	0.06640481
130.025	0.06608326
130.03	0.06583834
130.035	0.06552747
130.04	0.06527617
130.045	0.06502459
130.05	0.06463992
130.055	0.06435723
130.06	0.06410275
130.065	0.06369707
130.07	0.06327763
130.075	0.06276861
130.08	0.06223081
130.085	0.06167324
130.09	0.06117035
130.095	0.06071542
130.1	0.06029708
130.105	0.06001758
130.11	0.05981435
130.115	0.05964196
130.12	0.0595223
130.125	0.0593495
130.13	0.05916907
130.135	0.05902186
130.14	0.05896551
130.145	0.05892217
130.15	0.05888809
130.155	0.05888699
130.16	0.05891347
130.165	0.05893057
130.17	0.05908488
130.175	0.05933949
130.18	0.05961255
130.185	0.05997311
130.19	0.0604354
130.195	0.06088861
130.2	0.06137372
130.205	0.06188548
130.21	0.0624008
130.215	0.06287376
130.22	0.06337881
130.225	0.06393531
130.23	0.06454208
130.235	0.0651376
130.24	0.06577802
130.245	0.06640966
130.25	0.06707796
130.255	0.06784353
130.26	0.068616
130.265	0.06935663
130.27	0.07023037
130.275	0.07117631
130.28	0.07223912
130.285	0.07337381
130.29	0.07459197
130.295	0.07585591
130.3	0.07718865
130.305	0.07867087
130.31	0.08018039
130.315	0.08168419
130.32	0.083321
130.325	0.08506724
130.33	0.08691026
130.335	0.08881777
130.34	0.0907609
130.345	0.09269543
130.35	0.09460751
130.355	0.09651074
130.36	0.09838509
130.365	0.1001964
130.37	0.101986
130.375	0.1036105
130.38	0.1050965
130.385	0.106562
130.39	0.1079765
130.395	0.1092441
130.4	0.1104864
130.405	0.1116847
130.41	0.1128532
130.415	0.1140095
130.42	0.1151311
130.425	0.1161917
130.43	0.1172143
130.435	0.1182242
130.44	0.1192406
130.445	0.1202498
130.45	0.1212502
130.455	0.1221999
130.46	0.1231016
130.465	0.1239619
130.47	0.124805
130.475	0.1255867
130.48	0.1262772
130.485	0.1268799
130.49	0.1273873
130.495	0.1277934
130.5	0.1280658
130.505	0.1282064
130.51	0.128154
130.515	0.1279327
130.52	0.1275791
130.525	0.1269932
130.53	0.1262078
130.535	0.1252302
130.54	0.1240874
130.545	0.1227938
130.55	0.1213533
130.555	0.119824
130.56	0.1182134
130.565	0.1165088
130.57	0.1147496
130.575	0.1129454
130.58	0.1111465
130.585	0.1093725
130.59	0.1075682
130.595	0.1057254
130.6	0.1039232
130.605	0.1021008
130.61	0.1002492
130.615	0.09837333
130.62	0.09646281
130.625	0.09453727
130.63	0.09259275
130.635	0.09060038
130.64	0.08853767
130.645	0.0863843
130.65	0.08415457
130.655	0.08182341
130.66	0.07945293
130.665	0.07704436
130.67	0.07457968
130.675	0.07204489
130.68	0.06946972
130.685	0.06687336
130.69	0.06425952
130.695	0.06163262
130.7	0.05899636
130.705	0.05641043
130.71	0.05385908
130.715	0.05142475
130.72	0.04913504
130.725	0.04695332
130.73	0.04500764
130.735	0.04326672
130.74	0.04176856
130.745	0.04046395
130.75	0.03932822
130.755	0.03840662
130.76	0.0376056
130.765	0.03688276
130.77	0.03629072
130.775	0.03576044
130.78	0.03517034
130.785	0.03464745
130.79	0.03411678
130.795	0.03356722
130.8	0.03306186
130.805	0.03251141
130.81	0.03195753
130.815	0.03144331
130.82	0.03092433
130.825	0.03040263
130.83	0.02988332
130.835	0.02938703
130.84	0.02894442
130.845	0.02855363
130.85	0.02823269
130.855	0.02794918
130.86	0.02776834
130.865	0.02755763
130.87	0.02736127
130.875	0.02719431
130.88	0.02702768
130.885	0.02687134
130.89	0.02671644
130.895	0.02654837
130.9	0.02638951
130.905	0.02624049
130.91	0.02608999
130.915	0.02595354
130.92	0.02578498
130.925	0.02560025
130.93	0.02543641
130.935	0.02525746
130.94	0.02506647
130.945	0.02483416
130.95	0.02460784
130.955	0.0244089
130.96	0.02421814
130.965	0.02404184
130.97	0.02388032
130.975	0.02372994
130.98	0.02361114
130.985	0.02361881
130.99	0.02360614
130.995	0.02359291
131	0.02359967
131.005	0.02361353
131.01	0.02366701
131.015	0.02381441
131.02	0.02390592
131.025	0.02401426
131.03	0.02411241
131.035	0.02427066
131.04	0.0244264
131.045	0.02459938
131.05	0.02480516
131.055	0.02504204
131.06	0.02527296
131.065	0.02548397
131.07	0.02571863
131.075	0.02597592
131.08	0.02623553
131.085	0.02650836
131.09	0.02675769
131.095	0.02705574
131.1	0.02736926
131.105	0.02766377
131.11	0.02795654
131.115	0.02831914
131.12	0.02869421
131.125	0.02907625
131.13	0.02952324
131.135	0.029973
131.14	0.03041364
131.145	0.03087193
131.15	0.03133989
131.155	0.03185812
131.16	0.03250701
131.165	0.03315444
131.17	0.03380288
131.175	0.03444126
131.18	0.03506606
131.185	0.03576951
131.19	0.03653546
131.195	0.03731126
131.2	0.03814532
131.205	0.03901239
131.21	0.03997359
131.215	0.04090657
131.22	0.04181771
131.225	0.04276733
131.23	0.04368712
131.235	0.04461782
131.24	0.04547566
131.245	0.0463521
131.25	0.0471775
131.255	0.04795279
131.26	0.04867225
131.265	0.04948294
131.27	0.05038659
131.275	0.05128359
131.28	0.05212239
131.285	0.05294644
131.29	0.0537691
131.295	0.05459665
131.3	0.05543098
131.305	0.05627213
131.31	0.05710486
131.315	0.05806742
131.32	0.05896742
131.325	0.05988866
131.33	0.06088527
131.335	0.06182314
131.34	0.06275621
131.345	0.06368415
131.35	0.06458923
131.355	0.06552241
131.36	0.06644571
131.365	0.06722703
131.37	0.068051
131.375	0.06893063
131.38	0.06999808
131.385	0.07105018
131.39	0.07200568
131.395	0.07285516
131.4	0.07411562
131.405	0.07600204
131.41	0.07793192
131.415	0.0797912
131.42	0.08182749
131.425	0.08386703
131.43	0.08581771
131.435	0.08773097
131.44	0.08958263
131.445	0.09146767
131.45	0.09329916
131.455	0.09512377
131.46	0.09693378
131.465	0.09886661
131.47	0.1006861
131.475	0.1025231
131.48	0.1045077
131.485	0.106517
131.49	0.1085002
131.495	0.1104618
131.5	0.1123993
131.505	0.1142725
131.51	0.1161243
131.515	0.1179454
131.52	0.1195999
131.525	0.1212289
131.53	0.1229088
131.535	0.12448
131.54	0.1261473
131.545	0.1277836
131.55	0.129394
131.555	0.1310046
131.56	0.1325552
131.565	0.1340592
131.57	0.1355742
131.575	0.1370125
131.58	0.1383581
131.585	0.1396572
131.59	0.1409532
131.595	0.142306
131.6	0.1436752
131.605	0.1445946
131.61	0.1448113
131.615	0.1449013
131.62	0.1449849
131.625	0.144823
131.63	0.1445679
131.635	0.144414
131.64	0.1443629
131.645	0.1443119
131.65	0.1441831
131.655	0.1440496
131.66	0.143893
131.665	0.1438941
131.67	0.1437647
131.675	0.1436504
131.68	0.143384
131.685	0.142877
131.69	0.1422948
131.695	0.1417317
131.7	0.1411423
131.705	0.1407346
131.71	0.1403195
131.715	0.1398828
131.72	0.1394921
131.725	0.1391546
131.73	0.1388348
131.735	0.138389
131.74	0.1380195
131.745	0.1374789
131.75	0.1370599
131.755	0.1366777
131.76	0.1363206
131.765	0.1360034
131.77	0.135681
131.775	0.1353821
131.78	0.135127
131.785	0.1349059
131.79	0.1344745
131.795	0.134054
131.8	0.1335222
131.805	0.1329783
131.81	0.1326601
131.815	0.1326905
131.82	0.1328758
131.825	0.1329962
131.83	0.1332478
131.835	0.1335714
131.84	0.1337785
131.845	0.1337544
131.85	0.1337511
131.855	0.1338023
131.86	0.1338573
131.865	0.1339226
131.87	0.1336275
131.875	0.1333164
131.88	0.1330002
131.885	0.1327444
131.89	0.1325784
131.895	0.1324758
131.9	0.1323061
131.905	0.1321313
131.91	0.1315258
131.915	0.1309374
131.92	0.1303231
131.925	0.1296073
131.93	0.1289018
131.935	0.1281786
131.94	0.1274286
131.945	0.1265915
131.95	0.1258458
131.955	0.1248143
131.96	0.1237083
131.965	0.1225082
131.97	0.1212579
131.975	0.1200149
131.98	0.118728
131.985	0.1173971
131.99	0.1160627
131.995	0.1148481
132	0.113569
132.005	0.1123426
132.01	0.1111347
132.015	0.1099175
132.02	0.1087436
132.025	0.1073324
132.03	0.1059659
132.035	0.1045907
132.04	0.1031022
132.045	0.1015481
132.05	0.1001192
132.055	0.09862304
132.06	0.0970742
132.065	0.09548249
132.07	0.09387959
132.075	0.09259602
132.08	0.0913348
132.085	0.09008094
132.09	0.08894077
132.095	0.08785352
132.1	0.08667861
132.105	0.08553167
132.11	0.08438705
132.115	0.08357861
132.12	0.08274671
132.125	0.08195361
132.13	0.08123218
132.135	0.0805013
132.14	0.07975702
132.145	0.07911563
132.15	0.07853643
132.155	0.07782596
132.16	0.07733675
132.165	0.07687008
132.17	0.0764077
132.175	0.07595164
132.18	0.07550496
132.185	0.07506316
132.19	0.07464895
132.195	0.07422897
132.2	0.07384546
132.205	0.07351419
132.21	0.07318191
132.215	0.07282817
132.22	0.07248191
132.225	0.07202056
132.23	0.0717345
132.235	0.07142776
132.24	0.07111119
132.245	0.07089406
132.25	0.07072034
132.255	0.0705847
132.26	0.07049044
132.265	0.07055161
132.27	0.07066362
132.275	0.07073864
132.28	0.07059395
132.285	0.07048534
132.29	0.07037532
132.295	0.07004857
132.3	0.06962696
132.305	0.0692411
132.31	0.06886507
132.315	0.06850505
132.32	0.06811674
132.325	0.0677386
132.33	0.06733876
132.335	0.06693625
132.34	0.06648057
132.345	0.06602902
132.35	0.06557676
132.355	0.06511817
132.36	0.06477928
132.365	0.06445178
132.37	0.064151
132.375	0.06392497
132.38	0.06371552
132.385	0.0634723
132.39	0.06320655
132.395	0.06294848
132.4	0.06268373
132.405	0.06246065
132.41	0.06219131
132.415	0.06192099
132.42	0.06155588
132.425	0.0611979
132.43	0.06091906
132.435	0.06063146
132.44	0.06037097
132.445	0.06009441
132.45	0.05975439
132.455	0.05947205
132.46	0.05912185
132.465	0.05875197
132.47	0.05806253
132.475	0.05729613
132.48	0.05654341
132.485	0.05592091
132.49	0.05530107
132.495	0.0546141
132.5	0.05402183
132.505	0.05354732
132.51	0.0531191
132.515	0.05273169
132.52	0.05235399
132.525	0.05205441
132.53	0.05180362
132.535	0.05166782
132.54	0.05162274
132.545	0.0516805
132.55	0.05178568
132.555	0.05192893
132.56	0.05211278
132.565	0.05228623
132.57	0.05247119
132.575	0.05263473
132.58	0.05277689
132.585	0.05293076
132.59	0.05310471
132.595	0.0533155
132.6	0.05349947
132.605	0.05371243
132.61	0.05387725
132.615	0.05406421
132.62	0.05425668
132.625	0.05459416
132.63	0.05491389
132.635	0.05523579
132.64	0.05556794
132.645	0.05589309
132.65	0.05623125
132.655	0.05662431
132.66	0.05703736
132.665	0.05747599
132.67	0.0579381
132.675	0.05853139
132.68	0.05915341
132.685	0.05980486
132.69	0.06047246
132.695	0.06114923
132.7	0.06185367
132.705	0.06259007
132.71	0.06324585
132.715	0.06382675
132.72	0.06439486
132.725	0.06494795
132.73	0.0654528
132.735	0.06595487
132.74	0.06639867
132.745	0.06680739
132.75	0.06718252
132.755	0.06756838
132.76	0.06793279
132.765	0.06826642
132.77	0.06869753
132.775	0.06915961
132.78	0.06965053
132.785	0.07015208
132.79	0.07067142
132.795	0.07120852
132.8	0.07174397
132.805	0.07227756
132.81	0.07276567
132.815	0.07326635
132.82	0.07379723
132.825	0.07433396
132.83	0.07477126
132.835	0.07521085
132.84	0.07567012
132.845	0.07612374
132.85	0.07657965
132.855	0.07703392
132.86	0.07748604
132.865	0.07790798
132.87	0.07832228
132.875	0.07871039
132.88	0.07911221
132.885	0.07951131
132.89	0.07985333
132.895	0.08016822
132.9	0.08045164
132.905	0.08073652
132.91	0.08099362
132.915	0.08125651
132.92	0.08154481
132.925	0.08176021
132.93	0.08193621
132.935	0.0820858
132.94	0.08213648
132.945	0.08208457
132.95	0.08191599
132.955	0.08171076
132.96	0.08141256
132.965	0.08107191
132.97	0.08072207
132.975	0.08019229
132.98	0.0795682
132.985	0.07890967
132.99	0.07821505
132.995	0.0774698
133	0.0767006
133.005	0.07590194
133.01	0.07508724
133.015	0.07427448
133.02	0.07342053
133.025	0.07250498
133.03	0.07154529
133.035	0.07062285
133.04	0.06968709
133.045	0.06869505
133.05	0.06768727
133.055	0.0666578
133.06	0.0656351
133.065	0.06459382
133.07	0.06355265
133.075	0.06250978
133.08	0.06145861
133.085	0.0603823
133.09	0.05928462
133.095	0.0582069
133.1	0.05712071
133.105	0.05604936
133.11	0.05495782
133.115	0.05389099
133.12	0.05282153
133.125	0.05173113
133.13	0.05070808
133.135	0.04967956
133.14	0.04865781
133.145	0.04773401
133.15	0.0469392
133.155	0.04626131
133.16	0.04558267
133.165	0.04497769
133.17	0.04440285
133.175	0.04379628
133.18	0.04335666
133.185	0.04299856
133.19	0.04263911
133.195	0.04230126
133.2	0.04195501
133.205	0.04155604
133.21	0.04117859
133.215	0.04082488
133.22	0.04050304
133.225	0.04021362
133.23	0.03996361
133.235	0.03974032
133.24	0.03951662
133.245	0.03930037
133.25	0.03911873
133.255	0.03894245
133.26	0.03877286
133.265	0.03851581
133.27	0.03825996
133.275	0.0380003
133.28	0.03773018
133.285	0.03746366
133.29	0.03719294
133.295	0.03693304
133.3	0.03665982
133.305	0.03637318
133.31	0.03603078
133.315	0.03569527
133.32	0.03528236
133.325	0.03486878
133.33	0.03445508
133.335	0.03401955
133.34	0.0336209
133.345	0.0332444
133.35	0.03284097
133.355	0.03243167
133.36	0.03205147
133.365	0.03176003
133.37	0.03155693
133.375	0.03137825
133.38	0.03125818
133.385	0.03111232
133.39	0.03096237
133.395	0.03081891
133.4	0.03068923
133.405	0.03061002
133.41	0.03059604
133.415	0.03059042
133.42	0.0305678
133.425	0.03049279
133.43	0.03042983
133.435	0.0303824
133.44	0.03035127
133.445	0.03034208
133.45	0.03036276
133.455	0.03038993
133.46	0.03040548
133.465	0.03041864
133.47	0.03049189
133.475	0.03056831
133.48	0.03064782
133.485	0.0307261
133.49	0.03081078
133.495	0.03090624
133.5	0.03097751
133.505	0.03106175
133.51	0.03119162
133.515	0.03136302
133.52	0.03149929
133.525	0.03176257
133.53	0.03214971
133.535	0.03252685
133.54	0.03287678
133.545	0.03325955
133.55	0.03365505
133.555	0.03405716
133.56	0.03446268
133.565	0.03485488
133.57	0.03518539
133.575	0.03540116
133.58	0.03565298
133.585	0.03589019
133.59	0.03614528
133.595	0.03647082
133.6	0.03681321
133.605	0.03719915
133.61	0.03757713
133.615	0.03796538
133.62	0.03834596
133.625	0.03872729
133.63	0.03914118
133.635	0.03967097
133.64	0.04032788
133.645	0.04095867
133.65	0.04154937
133.655	0.04205509
133.66	0.04252771
133.665	0.04308354
133.67	0.0436427
133.675	0.04422034
133.68	0.04493985
133.685	0.04580944
133.69	0.04679145
133.695	0.04787493
133.7	0.04917228
133.705	0.05055006
133.71	0.05196901
133.715	0.05332381
133.72	0.05472107
133.725	0.05616146
133.73	0.05745749
133.735	0.0585864
133.74	0.05968752
133.745	0.06080572
133.75	0.06188426
133.755	0.0629555
133.76	0.06402042
133.765	0.06507944
133.77	0.06612609
133.775	0.0671848
133.78	0.06836876
133.785	0.06950044
133.79	0.07072081
133.795	0.07191974
133.8	0.07320938
133.805	0.07448514
133.81	0.07571703
133.815	0.07699532
133.82	0.07828373
133.825	0.07954688
133.83	0.08090749
133.835	0.08224628
133.84	0.08353527
133.845	0.0847464
133.85	0.08603676
133.855	0.08749542
133.86	0.08895767
133.865	0.09039944
133.87	0.09178321
133.875	0.09326163
133.88	0.09469441
133.885	0.09597637
133.89	0.09713186
133.895	0.09846296
133.9	0.09966078
133.905	0.1007773
133.91	0.1018427
133.915	0.1028145
133.92	0.103777
133.925	0.1049154
133.93	0.1061578
133.935	0.1074184
133.94	0.1087508
133.945	0.1100895
133.95	0.1113954
133.955	0.1127262
133.96	0.1140219
133.965	0.1153162
133.97	0.1168707
133.975	0.1184663
133.98	0.1202279
133.985	0.1218391
133.99	0.1234337
133.995	0.1248911
134	0.1263354
134.005	0.1276039
134.01	0.1288621
134.015	0.1303708
134.02	0.1321239
134.025	0.1339173
134.03	0.1357618
134.035	0.1374624
134.04	0.1393544
134.045	0.1413031
134.05	0.1433736
134.055	0.1459468
134.06	0.148519
134.065	0.1513405
134.07	0.1541648
134.075	0.1569232
134.08	0.1594901
134.085	0.162078
134.09	0.1647015
134.095	0.1672795
134.1	0.1695087
134.105	0.1717771
134.11	0.1739088
134.115	0.1760188
134.12	0.1781319
134.125	0.180308
134.13	0.1822476
134.135	0.1839898
134.14	0.1857328
134.145	0.1875006
134.15	0.1893221
134.155	0.1911227
134.16	0.1928536
134.165	0.1945899
134.17	0.196285
134.175	0.1976653
134.18	0.1989928
134.185	0.2000932
134.19	0.2012625
134.195	0.2024347
134.2	0.2036709
134.205	0.2048958
134.21	0.2061685
134.215	0.2074289
134.22	0.2084265
134.225	0.2090512
134.23	0.2095444
134.235	0.2099767
134.24	0.2104461
134.245	0.2106372
134.25	0.2106709
134.255	0.2104667
134.26	0.2094265
134.265	0.2081162
134.27	0.2063912
134.275	0.2046363
134.28	0.2028887
134.285	0.2011842
134.29	0.1993725
134.295	0.1974675
134.3	0.195615
134.305	0.1938905
134.31	0.1920893
134.315	0.1903468
134.32	0.1885398
134.325	0.1867117
134.33	0.1847133
134.335	0.182737
134.34	0.1808491
134.345	0.1789217
134.35	0.1768083
134.355	0.1744804
134.36	0.1721353
134.365	0.1698494
134.37	0.167502
134.375	0.1651387
134.38	0.1628594
134.385	0.1605434
134.39	0.1583037
134.395	0.155933
134.4	0.1535317
134.405	0.1510039
134.41	0.1484366
134.415	0.1458007
134.42	0.1431767
134.425	0.1405198
134.43	0.1380954
134.435	0.1357414
134.44	0.1333118
134.445	0.1308026
134.45	0.1284436
134.455	0.1261856
134.46	0.1241329
134.465	0.1227536
134.47	0.1215869
134.475	0.1207051
134.48	0.1196802
134.485	0.1185917
134.49	0.1174931
134.495	0.1164633
134.5	0.1155004
134.505	0.114355
134.51	0.113165
134.515	0.1120203
134.52	0.1108204
134.525	0.1096537
134.53	0.1085395
134.535	0.1075612
134.54	0.1065705
134.545	0.1055831
134.55	0.1045714
134.555	0.1037043
134.56	0.1029995
134.565	0.1023085
134.57	0.1014176
134.575	0.1005152
134.58	0.09970566
134.585	0.09895201
134.59	0.0982139
134.595	0.09747061
134.6	0.09683323
134.605	0.09613519
134.61	0.09553332
134.615	0.09498803
134.62	0.09444874
134.625	0.09373553
134.63	0.09324193
134.635	0.09263873
134.64	0.09203835
134.645	0.09152674
134.65	0.09105669
134.655	0.09061879
134.66	0.09018616
134.665	0.08969738
134.67	0.08923956
134.675	0.08886878
134.68	0.08853424
134.685	0.08836111
134.69	0.08825086
134.695	0.08814454
134.7	0.08804019
134.705	0.08795351
134.71	0.087983
134.715	0.08808536
134.72	0.0881609
134.725	0.08828419
134.73	0.08846285
134.735	0.08850743
134.74	0.08845011
134.745	0.08847375
134.75	0.08831206
134.755	0.08815111
134.76	0.08797116
134.765	0.08781924
134.77	0.08762992
134.775	0.08759902
134.78	0.08759383
134.785	0.0874015
134.79	0.08721732
134.795	0.086968
134.8	0.08674752
134.805	0.08645165
134.81	0.08617394
134.815	0.08580693
134.82	0.08528893
134.825	0.08478341
134.83	0.0843156
134.835	0.083746
134.84	0.08326853
134.845	0.08277702
134.85	0.08225414
134.855	0.08171619
134.86	0.08118967
134.865	0.08065625
134.87	0.08013688
134.875	0.07963575
134.88	0.07907141
134.885	0.07850226
134.89	0.07785167
134.895	0.07718126
134.9	0.07652032
134.905	0.07585392
134.91	0.07512126
134.915	0.07438156
134.92	0.07357736
134.925	0.07277589
134.93	0.07196304
134.935	0.0710578
134.94	0.07017899
134.945	0.06940068
134.95	0.06861218
134.955	0.0679852
134.96	0.06741071
134.965	0.06687082
134.97	0.06627281
134.975	0.06562491
134.98	0.06484854
134.985	0.06408159
134.99	0.06337134
134.995	0.06265987
135	0.06213477
135.005	0.06174733
135.01	0.06150238
135.015	0.06134468
135.02	0.06139961
135.025	0.06171311
135.03	0.0620769
135.035	0.0625712
135.04	0.06334375
135.045	0.06460242
135.05	0.0664241
135.055	0.06852767
135.06	0.07073466
135.065	0.07320163
135.07	0.07601148
135.075	0.07919256
135.08	0.0825361
135.085	0.08600306
135.09	0.08974793
135.095	0.09370049
135.1	0.09786981
135.105	0.10225
135.11	0.1068126
135.115	0.1116384
135.12	0.1166987
135.125	0.1220151
135.13	0.1276077
135.135	0.1334255
135.14	0.1394613
135.145	0.1457323
135.15	0.1521836
135.155	0.158712
135.16	0.1652529
135.165	0.1717174
135.17	0.1780497
135.175	0.184266
135.18	0.1903361
135.185	0.1962527
135.19	0.2019883
135.195	0.2075672
135.2	0.2130077
135.205	0.2182549
135.21	0.223314
135.215	0.228263
135.22	0.2331103
135.225	0.2378281
135.23	0.2424391
135.235	0.246998
135.24	0.2515022
135.245	0.2559021
135.25	0.260066
135.255	0.26395
135.26	0.2676975
135.265	0.2713925
135.27	0.2749131
135.275	0.2782167
135.28	0.2812984
135.285	0.2842387
135.29	0.2870596
135.295	0.2896261
135.3	0.2919893
135.305	0.2940927
135.31	0.2959206
135.315	0.2974955
135.32	0.2987565
135.325	0.2996899
135.33	0.300262
135.335	0.3004237
135.34	0.3001858
135.345	0.2995496
135.35	0.2984549
135.355	0.2968953
135.36	0.294968
135.365	0.2927288
135.37	0.290254
135.375	0.2876241
135.38	0.2848442
135.385	0.2819807
135.39	0.2790719
135.395	0.2761314
135.4	0.2731678
135.405	0.2701598
135.41	0.2671424
135.415	0.2641039
135.42	0.2609639
135.425	0.2577365
135.43	0.254428
135.435	0.2509955
135.44	0.2474066
135.445	0.2436479
135.45	0.2397248
135.455	0.2356915
135.46	0.2315791
135.465	0.2272993
135.47	0.2227854
135.475	0.2181344
135.48	0.2133822
135.485	0.2084948
135.49	0.2034204
135.495	0.1981802
135.5	0.1929012
135.505	0.1875552
135.51	0.1822018
135.515	0.176862
135.52	0.1715185
135.525	0.1662408
135.53	0.1610446
135.535	0.1559697
135.54	0.1511089
135.545	0.1464738
135.55	0.142071
135.555	0.1380076
135.56	0.1343159
135.565	0.1309108
135.57	0.1277406
135.575	0.1247198
135.58	0.1217883
135.585	0.1189347
135.59	0.1160649
135.595	0.1131281
135.6	0.1101245
135.605	0.1070262
135.61	0.1038392
135.615	0.10053
135.62	0.09712387
135.625	0.09371899
135.63	0.09025756
135.635	0.08673518
135.64	0.08323828
135.645	0.07978122
135.65	0.07638755
135.655	0.07303293
135.66	0.06981903
135.665	0.06675942
135.67	0.06387335
135.675	0.061227
135.68	0.05876614
135.685	0.05647575
135.69	0.05447166
135.695	0.0527452
135.7	0.05118013
135.705	0.04972253
135.71	0.04836473
135.715	0.04710125
135.72	0.04592755
135.725	0.04483893
135.73	0.04380796
135.735	0.04285093
135.74	0.04204989
135.745	0.04126817
135.75	0.04050568
135.755	0.03981638
135.76	0.03916004
135.765	0.03854895
135.77	0.03793424
135.775	0.03736388
135.78	0.03686228
135.785	0.03629762
135.79	0.03573557
135.795	0.03520835
135.8	0.03471438
135.805	0.03417645
135.81	0.03364752
135.815	0.03315091
135.82	0.03269288
135.825	0.03225133
135.83	0.03182054
135.835	0.03145055
135.84	0.03117612
135.845	0.03096909
135.85	0.03077565
135.855	0.03067361
135.86	0.03078982
135.865	0.03092982
135.87	0.03105978
135.875	0.03121164
135.88	0.03134538
135.885	0.03149563
135.89	0.03166178
135.895	0.03183345
135.9	0.03205829
135.905	0.03242944
135.91	0.0328589
135.915	0.03336147
135.92	0.03395393
135.925	0.03464745
135.93	0.03539409
135.935	0.03614018
135.94	0.03687777
135.945	0.03752839
135.95	0.03821035
135.955	0.03897747
135.96	0.03978735
135.965	0.04058464
135.97	0.04136906
135.975	0.04216748
135.98	0.0429222
135.985	0.0437937
135.99	0.04470352
135.995	0.04562745
136	0.04656105
136.005	0.04747771
136.01	0.04845345
136.015	0.04943538
136.02	0.05041171
136.025	0.05136916
136.03	0.05230368
136.035	0.05367126
136.04	0.05537056
136.045	0.05709486
136.05	0.05875897
136.055	0.06036739
136.06	0.06187839
136.065	0.0636415
136.07	0.0658195
136.075	0.06800147
136.08	0.07016026
136.085	0.07245374
136.09	0.07515759
136.095	0.07823037
136.1	0.0813505
136.105	0.08435074
136.11	0.08722688
136.115	0.09002597
136.12	0.09269904
136.125	0.09522879
136.13	0.09761192
136.135	0.09989835
136.14	0.1021858
136.145	0.104426
136.15	0.1067356
136.155	0.1090074
136.16	0.1113129
136.165	0.1137748
136.17	0.1162714
136.175	0.1188423
136.18	0.1213518
136.185	0.1238656
136.19	0.1266454
136.195	0.1294832
136.2	0.132454
136.205	0.135532
136.21	0.1389502
136.215	0.1425004
136.22	0.1459569
136.225	0.149337
136.23	0.1527033
136.235	0.1560037
136.24	0.1589822
136.245	0.1617835
136.25	0.1644636
136.255	0.1670897
136.26	0.1697297
136.265	0.1723172
136.27	0.1746137
136.275	0.1766833
136.28	0.1787258
136.285	0.1807263
136.29	0.1826969
136.295	0.1842661
136.3	0.1854403
136.305	0.1864986
136.31	0.1876848
136.315	0.1888378
136.32	0.1902938
136.325	0.1919754
136.33	0.1936867
136.335	0.195404
136.34	0.1971168
136.345	0.1987613
136.35	0.2003986
136.355	0.2020666
136.36	0.203719
136.365	0.2052763
136.37	0.206568
136.375	0.2077648
136.38	0.208807
136.385	0.2098717
136.39	0.2108785
136.395	0.2114726
136.4	0.2119064
136.405	0.2120871
136.41	0.212033
136.415	0.2114382
136.42	0.2106023
136.425	0.2097617
136.43	0.2090418
136.435	0.2082298
136.44	0.2074518
136.445	0.206697
136.45	0.205857
136.455	0.2050497
136.46	0.204225
136.465	0.2033045
136.47	0.2023935
136.475	0.2016558
136.48	0.2008437
136.485	0.1999734
136.49	0.1991074
136.495	0.1980415
136.5	0.1971339
136.505	0.1964059
136.51	0.1956788
136.515	0.1948045
136.52	0.1939416
136.525	0.1925
136.53	0.1905851
136.535	0.1886209
136.54	0.1866597
136.545	0.1846781
136.55	0.182777
136.555	0.1808932
136.56	0.1787606
136.565	0.1765803
136.57	0.1743399
136.575	0.1722451
136.58	0.1701558
136.585	0.1681388
136.59	0.1660538
136.595	0.1639625
136.6	0.162062
136.605	0.1602531
136.61	0.1585922
136.615	0.1571273
136.62	0.1560452
136.625	0.1549367
136.63	0.1538134
136.635	0.1523138
136.64	0.1508608
136.645	0.1492742
136.65	0.1477571
136.655	0.1462986
136.66	0.1448198
136.665	0.1433611
136.67	0.1419732
136.675	0.1405905
136.68	0.1389937
136.685	0.1374393
136.69	0.1358849
136.695	0.1342706
136.7	0.1328353
136.705	0.1313969
136.71	0.1299264
136.715	0.1284834
136.72	0.1269168
136.725	0.1253386
136.73	0.1240412
136.735	0.123099
136.74	0.1221105
136.745	0.1210516
136.75	0.1199721
136.755	0.1186801
136.76	0.1172294
136.765	0.1158748
136.77	0.1145206
136.775	0.1132532
136.78	0.1119269
136.785	0.110633
136.79	0.1093215
136.795	0.1079817
136.8	0.1066387
136.805	0.1052823
136.81	0.1038891
136.815	0.1024694
136.82	0.1008585
136.825	0.09915065
136.83	0.09761298
136.835	0.09606264
136.84	0.09485812
136.845	0.09366352
136.85	0.09255327
136.855	0.0913714
136.86	0.09020106
136.865	0.08900632
136.87	0.08781366
136.875	0.08660151
136.88	0.0853154
136.885	0.08418348
136.89	0.08318449
136.895	0.08225758
136.9	0.0813979
136.905	0.08063735
136.91	0.07992214
136.915	0.07921546
136.92	0.07857721
136.925	0.0780643
136.93	0.07755111
136.935	0.07717862
136.94	0.07677916
136.945	0.07645059
136.95	0.07614628
136.955	0.07587773
136.96	0.07577243
136.965	0.07582217
136.97	0.07594547
136.975	0.07603436
136.98	0.07614114
136.985	0.07625817
136.99	0.07632907
136.995	0.07638147
137	0.0764736
137.005	0.07660396
137.01	0.07679401
137.015	0.07700297
137.02	0.07721177
137.025	0.077545
137.03	0.07793937
137.035	0.07843093
137.04	0.07894361
137.045	0.07926164
137.05	0.07952171
137.055	0.07978158
137.06	0.0800573
137.065	0.08036394
137.07	0.08071271
137.075	0.08098106
137.08	0.08115724
137.085	0.08134831
137.09	0.08155896
137.095	0.0817442
137.1	0.0818571
137.105	0.08193294
137.11	0.08179045
137.115	0.08154848
137.12	0.08128532
137.125	0.08092501
137.13	0.08065465
137.135	0.08036555
137.14	0.08008472
137.145	0.07982513
137.15	0.07955216
137.155	0.07928988
137.16	0.07898428
137.165	0.07860154
137.17	0.07814257
137.175	0.07771635
137.18	0.07734038
137.185	0.07692637
137.19	0.07653294
137.195	0.07611793
137.2	0.07569767
137.205	0.07528406
137.21	0.0747927
137.215	0.07431849
137.22	0.07382866
137.225	0.07332201
137.23	0.07280186
137.235	0.07218516
137.24	0.07135654
137.245	0.07046072
137.25	0.06966547
137.255	0.06892848
137.26	0.06819876
137.265	0.0674785
137.27	0.06681396
137.275	0.06609466
137.28	0.06537984
137.285	0.0647529
137.29	0.06413587
137.295	0.06346844
137.3	0.06273858
137.305	0.06205169
137.31	0.06135592
137.315	0.06079013
137.32	0.06028167
137.325	0.05980036
137.33	0.05935303
137.335	0.05888426
137.34	0.05842847
137.345	0.05798169
137.35	0.05755614
137.355	0.05716772
137.36	0.05681444
137.365	0.05653063
137.37	0.05630744
137.375	0.0562237
137.38	0.05616584
137.385	0.05608869
137.39	0.0560616
137.395	0.05603768
137.4	0.05616197
137.405	0.05642573
137.41	0.05670674
137.415	0.05705793
137.42	0.05736684
137.425	0.05769302
137.43	0.05806276
137.435	0.05842528
137.44	0.05884569
137.445	0.05939525
137.45	0.05997551
137.455	0.06055996
137.46	0.06105838
137.465	0.06152206
137.47	0.06198741
137.475	0.06231976
137.48	0.06262185
137.485	0.06295595
137.49	0.06325175
137.495	0.06353981
137.5	0.0638492
137.505	0.06420315
137.51	0.06454902
137.515	0.06491656
137.52	0.06530922
137.525	0.06572012
137.53	0.06610389
137.535	0.06645735
137.54	0.06683867
137.545	0.0672247
137.55	0.06760797
137.555	0.06791557
137.56	0.06817183
137.565	0.06838305
137.57	0.068539
137.575	0.06872692
137.58	0.06881392
137.585	0.06885488
137.59	0.06888028
137.595	0.06881185
137.6	0.06873161
137.605	0.0684683
137.61	0.0680046
137.615	0.0675394
137.62	0.06708411
137.625	0.06666276
137.63	0.06624751
137.635	0.0658031
137.64	0.06536669
137.645	0.06496978
137.65	0.06455962
137.655	0.06415631
137.66	0.06377508
137.665	0.06343295
137.67	0.06310325
137.675	0.06277977
137.68	0.06252172
137.685	0.06230845
137.69	0.0620976
137.695	0.06190678
137.7	0.06172081
137.705	0.06155087
137.71	0.06138078
137.715	0.06121135
137.72	0.06102815
137.725	0.06081027
137.73	0.06055427
137.735	0.06031782
137.74	0.0601057
137.745	0.05982178
137.75	0.05955804
137.755	0.05929538
137.76	0.05908518
137.765	0.05892178
137.77	0.05876427
137.775	0.058608
137.78	0.05839889
137.785	0.05817967
137.79	0.05795701
137.795	0.05775888
137.8	0.05760244
137.805	0.05743682
137.81	0.05739427
137.815	0.05746492
137.82	0.057441
137.825	0.05731991
137.83	0.05715894
137.835	0.05694295
137.84	0.05672469
137.845	0.0564833
137.85	0.05617105
137.855	0.05585093
137.86	0.05550728
137.865	0.05510793
137.87	0.05470237
137.875	0.05430309
137.88	0.05386476
137.885	0.05339416
137.89	0.05289724
137.895	0.05239092
137.9	0.05188358
137.905	0.05136938
137.91	0.0508219
137.915	0.05027041
137.92	0.0497131
137.925	0.04915839
137.93	0.048629
137.935	0.04812159
137.94	0.0476103
137.945	0.04708575
137.95	0.04658868
137.955	0.04598897
137.96	0.04537272
137.965	0.04473702
137.97	0.04403418
137.975	0.0433149
137.98	0.04263923
137.985	0.04199298
137.99	0.04140304
137.995	0.04082439
138	0.04020197
138.005	0.03959321
138.01	0.03900206
138.015	0.03837219
138.02	0.03773169
138.025	0.03718208
138.03	0.03672272
138.035	0.0362752
138.04	0.03588143
138.045	0.03550113
138.05	0.03514145
138.055	0.03483016
138.06	0.03454576
138.065	0.03429268
138.07	0.03408124
138.075	0.03386216
138.08	0.03360481
138.085	0.03338101
138.09	0.03318988
138.095	0.0330152
138.1	0.03284251
138.105	0.03265071
138.11	0.03247229
138.115	0.03229357
138.12	0.032112
138.125	0.03193568
138.13	0.03174711
138.135	0.0315146
138.14	0.03139493
138.145	0.03125982
138.15	0.03115447
138.155	0.03112456
138.16	0.03121885
138.165	0.03134704
138.17	0.03147991
138.175	0.03165126
138.18	0.03191669
138.185	0.03209696
138.19	0.03235748
138.195	0.03277558
138.2	0.03332321
138.205	0.03389563
138.21	0.03452244
138.215	0.03509874
138.22	0.03572513
138.225	0.03634982
138.23	0.03697745
138.235	0.03758268
138.24	0.03820038
138.245	0.03887446
138.25	0.03963978
138.255	0.04042734
138.26	0.04121701
138.265	0.04196916
138.27	0.04273789
138.275	0.04361037
138.28	0.04477765
138.285	0.04605232
138.29	0.04745804
138.295	0.04882627
138.3	0.05017101
138.305	0.05150925
138.31	0.05281862
138.315	0.05417813
138.32	0.05550783
138.325	0.05680753
138.33	0.05808171
138.335	0.05933426
138.34	0.06057093
138.345	0.06167836
138.35	0.06276421
138.355	0.06386663
138.36	0.0650373
138.365	0.06642142
138.37	0.06782631
138.375	0.06951403
138.38	0.07124357
138.385	0.07294313
138.39	0.07471661
138.395	0.07643819
138.4	0.07806265
138.405	0.0796197
138.41	0.08123073
138.415	0.08301142
138.42	0.08496606
138.425	0.08689014
138.43	0.08876442
138.435	0.09070652
138.44	0.0927109
138.445	0.09466224
138.45	0.0965677
138.455	0.09846535
138.46	0.1005311
138.465	0.1028042
138.47	0.1052188
138.475	0.1076233
138.48	0.1098849
138.485	0.1119071
138.49	0.1139116
138.495	0.1157508
138.5	0.1176677
138.505	0.1195576
138.51	0.1217601
138.515	0.1242129
138.52	0.1275394
138.525	0.1315796
138.53	0.1356793
138.535	0.139698
138.54	0.1436898
138.545	0.1475745
138.55	0.1513927
138.555	0.1551399
138.56	0.1588994
138.565	0.1625015
138.57	0.1659892
138.575	0.169389
138.58	0.1725772
138.585	0.1757597
138.59	0.1788871
138.595	0.181896
138.6	0.18482
138.605	0.1877047
138.61	0.1905108
138.615	0.1932226
138.62	0.1957267
138.625	0.1980327
138.63	0.2003054
138.635	0.2026103
138.64	0.2047915
138.645	0.2071869
138.65	0.2096712
138.655	0.2121219
138.66	0.2145485
138.665	0.2167404
138.67	0.218669
138.675	0.220407
138.68	0.2221052
138.685	0.2238358
138.69	0.2255657
138.695	0.2271992
138.7	0.2288501
138.705	0.2303782
138.71	0.2319079
138.715	0.2330598
138.72	0.233937
138.725	0.2337466
138.73	0.2327454
138.735	0.2316486
138.74	0.2305049
138.745	0.2292612
138.75	0.2280106
138.755	0.2267462
138.76	0.2254545
138.765	0.2239809
138.77	0.2225008
138.775	0.2209659
138.78	0.2193814
138.785	0.2177296
138.79	0.2160829
138.795	0.2143742
138.8	0.2127129
138.805	0.2111468
138.81	0.2096655
138.815	0.2083153
138.82	0.2069706
138.825	0.2056661
138.83	0.2044299
138.835	0.203166
138.84	0.2017833
138.845	0.2004799
138.85	0.1986185
138.855	0.1965104
138.86	0.1943448
138.865	0.1920441
138.87	0.1898825
138.875	0.1878632
138.88	0.18593
138.885	0.1840355
138.89	0.1820696
138.895	0.1801171
138.9	0.1782165
138.905	0.1763488
138.91	0.1745412
138.915	0.17266
138.92	0.1710127
138.925	0.1694694
138.93	0.1686773
138.935	0.168281
138.94	0.1677097
138.945	0.1671436
138.95	0.166622
138.955	0.1661057
138.96	0.1655554
138.965	0.1650069
138.97	0.1645815
138.975	0.1641741
138.98	0.1635983
138.985	0.1630638
138.99	0.1626045
138.995	0.161786
139	0.1610022
139.005	0.1600994
139.01	0.1589753
139.015	0.1575105
139.02	0.1557239
139.025	0.153893
139.03	0.1520731
139.035	0.1502294
139.04	0.1483553
139.045	0.1465354
139.05	0.1445873
139.055	0.1428611
139.06	0.1412501
139.065	0.1396555
139.07	0.1381663
139.075	0.1366185
139.08	0.1349878
139.085	0.1333091
139.09	0.1314124
139.095	0.1295082
139.1	0.1275588
139.105	0.1255341
139.11	0.1233363
139.115	0.1210962
139.12	0.1188672
139.125	0.1165839
139.13	0.1143051
139.135	0.111952
139.14	0.1096841
139.145	0.1075904
139.15	0.1054823
139.155	0.1033421
139.16	0.1011407
139.165	0.09896763
139.17	0.09675905
139.175	0.09458257
139.18	0.09245384
139.185	0.09053281
139.19	0.08865824
139.195	0.08678275
139.2	0.08532834
139.205	0.08386597
139.21	0.08251685
139.215	0.0813168
139.22	0.08051212
139.225	0.07999557
139.23	0.07952407
139.235	0.07905955
139.24	0.07860177
139.245	0.07820466
139.25	0.07779927
139.255	0.07748393
139.26	0.07740022
139.265	0.07733008
139.27	0.07726331
139.275	0.07704639
139.28	0.07666326
139.285	0.07632365
139.29	0.07602181
139.295	0.07585093
139.3	0.07570991
139.305	0.07559529
139.31	0.07553665
139.315	0.07559554
139.32	0.07563247
139.325	0.07567018
139.33	0.07569443
139.335	0.07572182
139.34	0.07579039
139.345	0.07591072
139.35	0.07606712
139.355	0.07623563
139.36	0.07640511
139.365	0.07658824
139.37	0.0767466
139.375	0.07689308
139.38	0.0769057
139.385	0.07668878
139.39	0.07651155
139.395	0.07614213
139.4	0.07576099
139.405	0.07538338
139.41	0.07501663
139.415	0.07462874
139.42	0.07430606
139.425	0.07393027
139.43	0.07355406
139.435	0.07317485
139.44	0.07276907
139.445	0.07235429
139.45	0.07190834
139.455	0.07147393
139.46	0.07101865
139.465	0.07047073
139.47	0.06993074
139.475	0.06940698
139.48	0.06898285
139.485	0.06867023
139.49	0.06837654
139.495	0.06806673
139.5	0.06779433
139.505	0.06749773
139.51	0.06717582
139.515	0.06684095
139.52	0.06648312
139.525	0.06612117
139.53	0.0657299
139.535	0.06535742
139.54	0.06499619
139.545	0.06458913
139.55	0.0641541
139.555	0.06368792
139.56	0.06317408
139.565	0.06265945
139.57	0.06211605
139.575	0.06147921
139.58	0.06083406
139.585	0.06013891
139.59	0.05956829
139.595	0.05899507
139.6	0.05851065
139.605	0.0580286
139.61	0.05752246
139.615	0.05696902
139.62	0.05639325
139.625	0.05571316
139.63	0.05505336
139.635	0.0544691
139.64	0.05393923
139.645	0.05345886
139.65	0.05301183
139.655	0.05258944
139.66	0.05213805
139.665	0.0517882
139.67	0.05169574
139.675	0.05164445
139.68	0.05157964
139.685	0.05159969
139.69	0.05171231
139.695	0.05183633
139.7	0.05198705
139.705	0.05216379
139.71	0.05238806
139.715	0.05262464
139.72	0.0528829
139.725	0.05322994
139.73	0.05365614
139.735	0.05414234
139.74	0.05464716
139.745	0.05518796
139.75	0.05577301
139.755	0.05637211
139.76	0.05702453
139.765	0.0577083
139.77	0.05846526
139.775	0.0592413
139.78	0.06009617
139.785	0.06100085
139.79	0.06198285
139.795	0.06299324
139.8	0.0640034
139.805	0.06501756
139.81	0.06603412
139.815	0.06706901
139.82	0.06811546
139.825	0.06917195
139.83	0.07026775
139.835	0.07133863
139.84	0.07228166
139.845	0.07314464
139.85	0.07395249
139.855	0.07471063
139.86	0.07543626
139.865	0.07616219
139.87	0.07678955
139.875	0.0771627
139.88	0.07748208
139.885	0.07778479
139.89	0.07799546
139.895	0.07813206
139.9	0.07822519
139.905	0.07829229
139.91	0.07834714
139.915	0.07835221
139.92	0.07834576
139.925	0.07832841
139.93	0.07821593
139.935	0.07801694
139.94	0.07775241
139.945	0.07746591
139.95	0.07713936
139.955	0.07677799
139.96	0.07636456
139.965	0.07588624
139.97	0.07539374
139.975	0.07478153
139.98	0.07415257
139.985	0.07349264
139.99	0.07273113
139.995	0.0719509
140	0.07111065
140.005	0.07023356
140.01	0.0693499
140.015	0.06841805
140.02	0.06742864
140.025	0.06639913
140.03	0.06533688
140.035	0.06422538
140.04	0.06305891
140.045	0.06192514
140.05	0.0607703
140.055	0.05960953
140.06	0.05845214
140.065	0.05729416
140.07	0.05611303
140.075	0.05494579
140.08	0.05393002
140.085	0.05292789
140.09	0.05191211
140.095	0.05094679
140.1	0.05002513
140.105	0.04912352
140.11	0.04822149
140.115	0.0473277
140.12	0.0464627
140.125	0.045608
140.13	0.04472119
140.135	0.04389657
140.14	0.04313913
140.145	0.04242015
140.15	0.04168462
140.155	0.0409171
140.16	0.0401527
140.165	0.0394445
140.17	0.03878807
140.175	0.0381102
140.18	0.0374926
140.185	0.03683813
140.19	0.03618115
140.195	0.03560319
140.2	0.0350161
140.205	0.03447188
140.21	0.03394159
140.215	0.03338352
140.22	0.03285927
140.225	0.03236421
140.23	0.031878
140.235	0.03139567
140.24	0.03092999
140.245	0.03052842
140.25	0.03011513
140.255	0.02975254
140.26	0.02939042
140.265	0.02900418
140.27	0.028613
140.275	0.02820719
140.28	0.02781758
140.285	0.02743127
140.29	0.02704264
140.295	0.02666873
140.3	0.02631847
140.305	0.02597874
140.31	0.02564083
140.315	0.02530661
140.32	0.02497158
140.325	0.02463157
140.33	0.0242621
140.335	0.02391724
140.34	0.02357096
140.345	0.0232052
140.35	0.02285285
140.355	0.02254464
140.36	0.02229766
140.365	0.02207265
140.37	0.02187301
140.375	0.02167136
140.38	0.02149332
140.385	0.02139446
140.39	0.02134326
140.395	0.02130568
140.4	0.02129088
140.405	0.02128949
140.41	0.02128829
140.415	0.02128066
140.42	0.02127701
140.425	0.02125856
140.43	0.02123567
140.435	0.02124177
140.44	0.02125163
140.445	0.02126893
140.45	0.02129147
140.455	0.02135957
140.46	0.02145128
140.465	0.02157312
140.47	0.02170989
140.475	0.02183568
140.48	0.02198728
140.485	0.02216045
140.49	0.02231201
140.495	0.02246258
140.5	0.02265494
140.505	0.02277169
140.51	0.02284646
140.515	0.0229319
140.52	0.02302354
140.525	0.02313964
140.53	0.02328437
140.535	0.0234557
140.54	0.02362927
140.545	0.02379752
140.55	0.02396894
140.555	0.02414066
140.56	0.02428214
140.565	0.02442638
140.57	0.02455837
140.575	0.02464898
140.58	0.02473654
140.585	0.02482975
140.59	0.02493804
140.595	0.02510873
140.6	0.02529117
140.605	0.02547108
140.61	0.02572394
140.615	0.02598509
140.62	0.02626834
140.625	0.02666144
140.63	0.02705819
140.635	0.02748913
140.64	0.0278988
140.645	0.02830478
140.65	0.02870754
140.655	0.0291056
140.66	0.02946352
140.665	0.0298074
140.67	0.03019705
140.675	0.03059108
140.68	0.03098823
140.685	0.03135401
140.69	0.03169936
140.695	0.03204986
140.7	0.03240088
140.705	0.03268862
140.71	0.03301476
140.715	0.03334053
140.72	0.03364845
140.725	0.0339471
140.73	0.03420444
140.735	0.0344189
140.74	0.03462995
140.745	0.03483482
140.75	0.03506623
140.755	0.0353038
140.76	0.03555965
140.765	0.03583776
140.77	0.03613558
140.775	0.03644226
140.78	0.03677957
140.785	0.0371073
140.79	0.03742458
140.795	0.03774546
140.8	0.03806415
140.805	0.03837407
140.81	0.0386778
140.815	0.03890765
140.82	0.03912772
140.825	0.03932479
140.83	0.03938522
140.835	0.03960197
140.84	0.03990579
140.845	0.04023941
140.85	0.04087706
140.855	0.04150683
140.86	0.04219318
140.865	0.04288948
140.87	0.04359804
140.875	0.04419949
140.88	0.04481402
140.885	0.04546509
140.89	0.04612662
140.895	0.04679853
140.9	0.04747159
140.905	0.04813745
140.91	0.04891478
140.915	0.04989898
140.92	0.05098122
140.925	0.05206408
140.93	0.05313924
140.935	0.05420746
140.94	0.05534228
140.945	0.05643488
140.95	0.0575398
140.955	0.05859421
140.96	0.05962152
140.965	0.06074734
140.97	0.06183542
140.975	0.0629432
140.98	0.06403589
140.985	0.06508692
140.99	0.06617454
140.995	0.06727119
141	0.06831038
141.005	0.06932904
141.01	0.07037575
141.015	0.07146942
141.02	0.07258658
141.025	0.07380403
141.03	0.07509822
141.035	0.07642534
141.04	0.07758061
141.045	0.07860236
141.05	0.0797406
141.055	0.08061143
141.06	0.08165175
141.065	0.08282322
141.07	0.08396927
141.075	0.08515142
141.08	0.08662731
141.085	0.08805168
141.09	0.08941674
141.095	0.0907551
141.1	0.09208712
141.105	0.09357112
141.11	0.09515313
141.115	0.09662834
141.12	0.09785268
141.125	0.09909344
141.13	0.1006341
141.135	0.1021676
141.14	0.1036918
141.145	0.105123
141.15	0.1066972
141.155	0.1085957
141.16	0.1106947
141.165	0.1128706
141.17	0.1149275
141.175	0.1169815
141.18	0.1189721
141.185	0.1209237
141.19	0.1228794
141.195	0.1247499
141.2	0.1265669
141.205	0.1284985
141.21	0.1304367
141.215	0.1323002
141.22	0.1341343
141.225	0.1361545
141.23	0.1380212
141.235	0.1400004
141.24	0.1423038
141.245	0.1446269
141.25	0.1469725
141.255	0.1491289
141.26	0.1512754
141.265	0.1532459
141.27	0.154986
141.275	0.1567572
141.28	0.1584285
141.285	0.1597784
141.29	0.1612466
141.295	0.1628046
141.3	0.1644016
141.305	0.1660246
141.31	0.167521
141.315	0.1690939
141.32	0.1708471
141.325	0.1727165
141.33	0.1744385
141.335	0.175775
141.34	0.1770874
141.345	0.1783833
141.35	0.1797038
141.355	0.1809513
141.36	0.1819742
141.365	0.1827211
141.37	0.1834368
141.375	0.1842151
141.38	0.1849809
141.385	0.1858338
141.39	0.1866942
141.395	0.1875144
141.4	0.1883542
141.405	0.1891989
141.41	0.1899754
141.415	0.190667
141.42	0.1915872
141.425	0.1924423
141.43	0.1930151
141.435	0.193652
141.44	0.1940628
141.445	0.1939324
141.45	0.193797
141.455	0.1936233
141.46	0.1935024
141.465	0.1934053
141.47	0.193341
141.475	0.1933985
141.48	0.1934568
141.485	0.1936909
141.49	0.1940554
141.495	0.1942251
141.5	0.1942367
141.505	0.1941818
141.51	0.1940592
141.515	0.1939306
141.52	0.1935596
141.525	0.192866
141.53	0.1920391
141.535	0.1912869
141.54	0.1907248
141.545	0.1901566
141.55	0.1895774
141.555	0.1889782
141.56	0.188235
141.565	0.1872702
141.57	0.1864455
141.575	0.1854719
141.58	0.1843443
141.585	0.1831742
141.59	0.1817906
141.595	0.1803764
141.6	0.1789664
141.605	0.1775353
141.61	0.1761045
141.615	0.174537
141.62	0.1730196
141.625	0.1710104
141.63	0.169024
141.635	0.1670964
141.64	0.1650999
141.645	0.1630982
141.65	0.1614016
141.655	0.1596435
141.66	0.1578888
141.665	0.1561245
141.67	0.1543415
141.675	0.1525092
141.68	0.1505664
141.685	0.1484521
141.69	0.1459789
141.695	0.1434464
141.7	0.140983
141.705	0.1385714
141.71	0.1361129
141.715	0.1336052
141.72	0.1309881
141.725	0.1283801
141.73	0.1260234
141.735	0.1237274
141.74	0.1213733
141.745	0.1188941
141.75	0.1163665
141.755	0.1137901
141.76	0.1111589
141.765	0.1086633
141.77	0.1065056
141.775	0.1042744
141.78	0.1021765
141.785	0.1002062
141.79	0.09831102
141.795	0.09659363
141.8	0.09486916
141.805	0.09312689
141.81	0.09139456
141.815	0.08958804
141.82	0.08792479
141.825	0.08624209
141.83	0.08504336
141.835	0.08383543
141.84	0.08272026
141.845	0.08162204
141.85	0.08071775
141.855	0.0798135
141.86	0.07897442
141.865	0.07813997
141.87	0.07730035
141.875	0.07644369
141.88	0.07567815
141.885	0.07500826
141.89	0.07450438
141.895	0.07422966
141.9	0.07402817
141.905	0.0738632
141.91	0.07372323
141.915	0.07367523
141.92	0.07366598
141.925	0.07385816
141.93	0.07412105
141.935	0.0742253
141.94	0.07433317
141.945	0.07442768
141.95	0.07458111
141.955	0.07474016
141.96	0.07494083
141.965	0.07511367
141.97	0.07533708
141.975	0.07555698
141.98	0.07579698
141.985	0.07605029
141.99	0.07631574
141.995	0.0764531
142	0.07659026
142.005	0.07671432
142.01	0.0768828
142.015	0.07707252
142.02	0.07728592
142.025	0.0775111
142.03	0.07765109
142.035	0.07773421
142.04	0.07779972
142.045	0.07787181
142.05	0.07795124
142.055	0.07798262
142.06	0.07799878
142.065	0.07798574
142.07	0.07793232
142.075	0.07785067
142.08	0.07777553
142.085	0.07765475
142.09	0.0775084
142.095	0.07737755
142.1	0.07728579
142.105	0.07707677
142.11	0.07690907
142.115	0.07677408
142.12	0.07658289
142.125	0.0764182
142.13	0.07615748
142.135	0.07598654
142.14	0.07587668
142.145	0.075758
142.15	0.0756428
142.155	0.075524
142.16	0.07538985
142.165	0.07519271
142.17	0.07512305
142.175	0.07503101
142.18	0.07504895
142.185	0.0751945
142.19	0.07546026
142.195	0.07593551
142.2	0.07661489
142.205	0.07741779
142.21	0.07857219
142.215	0.07995231
142.22	0.08133683
142.225	0.08293407
142.23	0.084652
142.235	0.08654884
142.24	0.08864572
142.245	0.09087208
142.25	0.09314121
142.255	0.09543601
142.26	0.09782516
142.265	0.1002545
142.27	0.1027346
142.275	0.1052987
142.28	0.1078541
142.285	0.1103759
142.29	0.1128638
142.295	0.1153161
142.3	0.1177407
142.305	0.120125
142.31	0.1225231
142.315	0.124811
142.32	0.1270186
142.325	0.1292159
142.33	0.1313845
142.335	0.133546
142.34	0.1356694
142.345	0.1377507
142.35	0.1398023
142.355	0.1418312
142.36	0.143836
142.365	0.1458214
142.37	0.1477924
142.375	0.1496492
142.38	0.1514319
142.385	0.153052
142.39	0.1544957
142.395	0.1558045
142.4	0.1568582
142.405	0.1577355
142.41	0.158491
142.415	0.1588996
142.42	0.1589872
142.425	0.1589428
142.43	0.1586559
142.435	0.1582297
142.44	0.1576267
142.445	0.1567598
142.45	0.155692
142.455	0.1544999
142.46	0.1532012
142.465	0.1517062
142.47	0.1501144
142.475	0.1483736
142.48	0.1464335
142.485	0.1444185
142.49	0.1423359
142.495	0.1402036
142.5	0.1380185
142.505	0.1357592
142.51	0.133459
142.515	0.1310793
142.52	0.1286827
142.525	0.1262612
142.53	0.1237744
142.535	0.1212225
142.54	0.118615
142.545	0.1159536
142.55	0.1132487
142.555	0.1104781
142.56	0.107637
142.565	0.1047167
142.57	0.1017121
142.575	0.09861521
142.58	0.09546071
142.585	0.09226082
142.59	0.0890978
142.595	0.08600324
142.6	0.08290187
142.605	0.07992994
142.61	0.07701587
142.615	0.0741004
142.62	0.0714299
142.625	0.06903455
142.63	0.06676921
142.635	0.06469998
142.64	0.06271613
142.645	0.06088036
142.65	0.05933683
142.655	0.05799455
142.66	0.05673582
142.665	0.05560586
142.67	0.0547302
142.675	0.05377589
142.68	0.05299108
142.685	0.05246039
142.69	0.05196171
142.695	0.0515028
142.7	0.0510729
142.705	0.05066921
142.71	0.05031063
142.715	0.04993307
142.72	0.04960243
142.725	0.04925737
142.73	0.0489011
142.735	0.04856529
142.74	0.04824151
142.745	0.04791883
142.75	0.04759087
142.755	0.04724592
142.76	0.04689922
142.765	0.04654707
142.77	0.04620115
142.775	0.04585673
142.78	0.04552945
142.785	0.04523466
142.79	0.04493225
142.795	0.04457789
142.8	0.04412712
142.805	0.04367945
142.81	0.0432451
142.815	0.04281498
142.82	0.04235156
142.825	0.04189556
142.83	0.04146767
142.835	0.04098524
142.84	0.04049051
142.845	0.03999059
142.85	0.03948299
142.855	0.03898061
142.86	0.03851677
142.865	0.03812519
142.87	0.03766968
142.875	0.03716901
142.88	0.03683753
142.885	0.03650173
142.89	0.0361176
142.895	0.03574046
142.9	0.03536956
142.905	0.0349964
142.91	0.03463332
142.915	0.03427166
142.92	0.03393207
142.925	0.03358868
142.93	0.03327148
142.935	0.03296469
142.94	0.03264748
142.945	0.03232126
142.95	0.03198966
142.955	0.03164322
142.96	0.03130034
142.965	0.0309614
142.97	0.03063765
142.975	0.03030562
142.98	0.02997047
142.985	0.02960959
142.99	0.02924646
142.995	0.02888004
143	0.02855021
143.005	0.02829872
143.01	0.02805708
143.015	0.02781463
143.02	0.02759821
143.025	0.02743569
143.03	0.02728468
143.035	0.02710798
143.04	0.02703239
143.045	0.02699107
143.05	0.02695071
143.055	0.0269313
143.06	0.02690696
143.065	0.02682413
143.07	0.02669079
143.075	0.02659389
143.08	0.02653445
143.085	0.02647672
143.09	0.02643379
143.095	0.02642445
143.1	0.02643052
143.105	0.02642726
143.11	0.02641945
143.115	0.02638609
143.12	0.02634592
143.125	0.02631638
143.13	0.02628699
143.135	0.02625406
143.14	0.02620168
143.145	0.026141
143.15	0.02607945
143.155	0.02601977
143.16	0.02598069
143.165	0.02594608
143.17	0.02589786
143.175	0.02580797
143.18	0.02570142
143.185	0.025578
143.19	0.02545498
143.195	0.02533739
143.2	0.02522785
143.205	0.02510823
143.21	0.02497982
143.215	0.02484957
143.22	0.02472884
143.225	0.0246296
143.23	0.02451818
143.235	0.02445766
143.24	0.02442082
143.245	0.02428904
143.25	0.02418616
143.255	0.02416288
143.26	0.0241318
143.265	0.02410085
143.27	0.02412201
143.275	0.02416846
143.28	0.02421487
143.285	0.02427298
143.29	0.02432851
143.295	0.02436255
143.3	0.02444109
143.305	0.02453933
143.31	0.02467898
143.315	0.02482044
143.32	0.0249688
143.325	0.02512226
143.33	0.02539692
143.335	0.0256831
143.34	0.02598455
143.345	0.02629455
143.35	0.0266148
143.355	0.02694504
143.36	0.02732299
143.365	0.02767895
143.37	0.02807611
143.375	0.0284685
143.38	0.02887462
143.385	0.02928749
143.39	0.02971017
143.395	0.03013384
143.4	0.03059249
143.405	0.03104278
143.41	0.03156716
143.415	0.03209168
143.42	0.03269346
143.425	0.03334264
143.43	0.03411669
143.435	0.03494321
143.44	0.035723
143.445	0.03649528
143.45	0.03750091
143.455	0.0384881
143.46	0.03938308
143.465	0.04028206
143.47	0.04122552
143.475	0.04224697
143.48	0.04326305
143.485	0.04426479
143.49	0.04526027
143.495	0.04626463
143.5	0.04724673
143.505	0.04823557
143.51	0.0492459
143.515	0.05020232
143.52	0.05114371
143.525	0.05211468
143.53	0.05311219
143.535	0.05398881
143.54	0.05485549
143.545	0.05579936
143.55	0.05672699
143.555	0.05763282
143.56	0.05851196
143.565	0.05932613
143.57	0.06013295
143.575	0.06090922
143.58	0.06170568
143.585	0.06249387
143.59	0.06328949
143.595	0.06419867
143.6	0.06565789
143.605	0.06744163
143.61	0.06976826
143.615	0.0721544
143.62	0.07446869
143.625	0.07664302
143.63	0.07869985
143.635	0.08064444
143.64	0.08251965
143.645	0.0844104
143.65	0.08628123
143.655	0.08811277
143.66	0.09002221
143.665	0.09190526
143.67	0.09376541
143.675	0.09562256
143.68	0.0974329
143.685	0.09923145
143.69	0.1009941
143.695	0.10277
143.7	0.1045479
143.705	0.1063281
143.71	0.1080267
143.715	0.1096734
143.72	0.1113065
143.725	0.112932
143.73	0.1145351
143.735	0.1161723
143.74	0.1185843
143.745	0.1215612
143.75	0.1243979
143.755	0.1272554
143.76	0.1301394
143.765	0.133362
143.77	0.1366477
143.775	0.1398558
143.78	0.1429792
143.785	0.1460543
143.79	0.1490835
143.795	0.1520608
143.8	0.1549617
143.805	0.1573402
143.81	0.1593587
143.815	0.1608437
143.82	0.1621899
143.825	0.163679
143.83	0.1651648
143.835	0.1669513
143.84	0.168774
143.845	0.1709269
143.85	0.1730027
143.855	0.1750372
143.86	0.176912
143.865	0.1786396
143.87	0.1803519
143.875	0.182158
143.88	0.1838873
143.885	0.1855621
143.89	0.1872448
143.895	0.188917
143.9	0.1905676
143.905	0.1921711
143.91	0.1937281
143.915	0.195367
143.92	0.1969821
143.925	0.1986232
143.93	0.2002618
143.935	0.2018753
143.94	0.2033827
143.945	0.203981
143.95	0.2038653
143.955	0.2037511
143.96	0.2035333
143.965	0.2032672
143.97	0.2026779
143.975	0.2019158
143.98	0.2011517
143.985	0.2004689
143.99	0.1997464
143.995	0.1989937
144	0.1982085
144.005	0.197327
144.01	0.1966548
144.015	0.1961492
144.02	0.1958614
144.025	0.1956048
144.03	0.1950932
144.035	0.1946097
144.04	0.1936098
144.045	0.1924757
144.05	0.1907519
144.055	0.1890222
144.06	0.1872704
144.065	0.1855941
144.07	0.1839602
144.075	0.1823191
144.08	0.18043
144.085	0.1785346
144.09	0.1766116
144.095	0.174567
144.1	0.1724874
144.105	0.170313
144.11	0.1681055
144.115	0.1658882
144.12	0.163454
144.125	0.1609973
144.13	0.1584009
144.135	0.1557152
144.14	0.152956
144.145	0.1502344
144.15	0.1480809
144.155	0.1463701
144.16	0.1446585
144.165	0.1429971
144.17	0.1412275
144.175	0.1392416
144.18	0.1373522
144.185	0.1354347
144.19	0.1332648
144.195	0.1310662
144.2	0.1288702
144.205	0.1266641
144.21	0.1245276
144.215	0.122289
144.22	0.1198976
144.225	0.1174564
144.23	0.1149463
144.235	0.1126183
144.24	0.1101523
144.245	0.1080939
144.25	0.1061269
144.255	0.1045047
144.26	0.1028696
144.265	0.1012579
144.27	0.09959619
144.275	0.09791768
144.28	0.09618179
144.285	0.094572
144.29	0.09296736
144.295	0.09138793
144.3	0.0898877
144.305	0.088374
144.31	0.08718361
144.315	0.08598151
144.32	0.0848829
144.325	0.08397498
144.33	0.0830608
144.335	0.08223738
144.34	0.0814147
144.345	0.08078045
144.35	0.08006322
144.355	0.07932277
144.36	0.07855618
144.365	0.07778272
144.37	0.07700493
144.375	0.07634237
144.38	0.0761865
144.385	0.07606188
144.39	0.07593957
144.395	0.07600615
144.4	0.07608793
144.405	0.07611999
144.41	0.07615424
144.415	0.07618769
144.42	0.07624354
144.425	0.07641682
144.43	0.07652349
144.435	0.07668245
144.44	0.07673804
144.445	0.07688277
144.45	0.07701862
144.455	0.07715836
144.46	0.07744546
144.465	0.07775976
144.47	0.07799072
144.475	0.07824641
144.48	0.07858057
144.485	0.07892358
144.49	0.07932198
144.495	0.07974262
144.5	0.08016318
144.505	0.0805946
144.51	0.0810254
144.515	0.08086832
144.52	0.08077804
144.525	0.08046114
144.53	0.08010758
144.535	0.07975745
144.54	0.07940132
144.545	0.07906016
144.55	0.07841442
144.555	0.07779281
144.56	0.07719588
144.565	0.0766449
144.57	0.07609406
144.575	0.07554069
144.58	0.07501451
144.585	0.07451976
144.59	0.07396832
144.595	0.07341211
144.6	0.07288236
144.605	0.07237859
144.61	0.07188319
144.615	0.07137912
144.62	0.07086233
144.625	0.07035609
144.63	0.06978186
144.635	0.06924102
144.64	0.0686908
144.645	0.06822189
144.65	0.06770059
144.655	0.06720504
144.66	0.06671496
144.665	0.0662763
144.67	0.0657756
144.675	0.06531414
144.68	0.06482598
144.685	0.06415202
144.69	0.06347433
144.695	0.06279942
144.7	0.06203024
144.705	0.06124742
144.71	0.06045229
144.715	0.05964222
144.72	0.05930544
144.725	0.058878
144.73	0.05857469
144.735	0.05831097
144.74	0.0580267
144.745	0.05773158
144.75	0.05746273
144.755	0.05740212
144.76	0.0573549
144.765	0.05730083
144.77	0.05721156
144.775	0.05711219
144.78	0.05700696
144.785	0.05687438
144.79	0.05667532
144.795	0.05652864
144.8	0.05638518
144.805	0.05618002
144.81	0.05592853
144.815	0.05568622
144.82	0.05546083
144.825	0.05524267
144.83	0.05504927
144.835	0.05491126
144.84	0.05478588
144.845	0.05466744
144.85	0.05452299
144.855	0.05438326
144.86	0.05418312
144.865	0.05402154
144.87	0.05373543
144.875	0.0534898
144.88	0.05325208
144.885	0.05302444
144.89	0.05288066
144.895	0.05274425
144.9	0.05260838
144.905	0.0525242
144.91	0.05244037
144.915	0.05235763
144.92	0.05227723
144.925	0.05205842
144.93	0.05185339
144.935	0.0516273
144.94	0.05135483
144.945	0.05108635
144.95	0.05083038
144.955	0.05056853
144.96	0.05031125
144.965	0.05007633
144.97	0.04983249
144.975	0.04958886
144.98	0.04934679
144.985	0.04911997
144.99	0.0489257
144.995	0.04877516
145	0.04859843
145.005	0.04842152
145.01	0.04828172
145.015	0.04826083
145.02	0.04830661
145.025	0.04836469
145.03	0.04844257
145.035	0.04848373
145.04	0.04851882
145.045	0.04863113
145.05	0.04877108
145.055	0.04892227
145.06	0.04909376
145.065	0.04929861
145.07	0.0494209
145.075	0.04961232
145.08	0.04980151
145.085	0.04998428
145.09	0.05016398
145.095	0.05034947
145.1	0.05051312
145.105	0.05065941
145.11	0.05081313
145.115	0.05098855
145.12	0.05114336
145.125	0.05129772
145.13	0.05153528
145.135	0.05179298
145.14	0.05208906
145.145	0.0523793
145.15	0.05265718
145.155	0.05292591
145.16	0.05316598
145.165	0.0533824
145.17	0.05354307
145.175	0.05368316
145.18	0.05382817
145.185	0.05397354
145.19	0.05409855
145.195	0.05419135
145.2	0.05427664
145.205	0.05430767
145.21	0.05432419
145.215	0.05433442
145.22	0.0541746
145.225	0.05388272
145.23	0.05351105
145.235	0.05310618
145.24	0.05270505
145.245	0.05225661
145.25	0.05165292
145.255	0.0509829
145.26	0.0503046
145.265	0.04962424
145.27	0.04893543
145.275	0.04828724
145.28	0.04760412
145.285	0.04692209
145.29	0.04623691
145.295	0.04555982
145.3	0.04488232
145.305	0.04421229
145.31	0.0435592
145.315	0.04289365
145.32	0.04216795
145.325	0.04146513
145.33	0.04075445
145.335	0.04000186
145.34	0.03921275
145.345	0.03838704
145.35	0.03761724
145.355	0.03685159
145.36	0.03607769
145.365	0.035382
145.37	0.03469223
145.375	0.0340406
145.38	0.03340622
145.385	0.03277446
145.39	0.03213023
145.395	0.03149862
145.4	0.03095608
145.405	0.03043379
145.41	0.02998771
145.415	0.02955432
145.42	0.02913279
145.425	0.02892013
145.43	0.02884011
145.435	0.02889181
145.44	0.02896932
145.445	0.02906102
145.45	0.02921086
145.455	0.02950331
145.46	0.02984688
145.465	0.03019929
145.47	0.03052364
145.475	0.03085642
145.48	0.03115954
145.485	0.0314851
145.49	0.03177554
145.495	0.03205104
145.5	0.03229557
145.505	0.03254048
145.51	0.03279065
145.515	0.03300686
145.52	0.03322471
145.525	0.0334738
145.53	0.03369294
145.535	0.03390169
145.54	0.03410928
145.545	0.03433651
145.55	0.03457632
145.555	0.03472321
145.56	0.03486851
145.565	0.03501336
145.57	0.03502516
145.575	0.0350381
145.58	0.03505712
145.585	0.03508191
145.59	0.03510678
145.595	0.03513518
145.6	0.03514137
145.605	0.03501789
145.61	0.03482627
145.615	0.03463646
145.62	0.03444328
145.625	0.03422316
145.63	0.03393411
145.635	0.03364369
145.64	0.03329024
145.645	0.03293987
145.65	0.03258257
145.655	0.03222384
145.66	0.03188599
145.665	0.03154959
145.67	0.03121529
145.675	0.0309249
145.68	0.03065101
145.685	0.0303876
145.69	0.03012522
145.695	0.02988007
145.7	0.02963872
145.705	0.02940245
145.71	0.0291644
145.715	0.02890852
145.72	0.02866004
145.725	0.02844328
145.73	0.02822221
145.735	0.02800637
145.74	0.02780016
145.745	0.02762449
145.75	0.02747995
145.755	0.02732851
145.76	0.02723341
145.765	0.02713909
145.77	0.02704414
145.775	0.02703698
145.78	0.02704164
145.785	0.02702823
145.79	0.02702414
145.795	0.02705867
145.8	0.02714178
145.805	0.02730669
145.81	0.02755451
145.815	0.02788458
145.82	0.02823928
145.825	0.02859366
145.83	0.028967
145.835	0.02936363
145.84	0.02975648
145.845	0.03017711
145.85	0.03056944
145.855	0.03102388
145.86	0.03147894
145.865	0.03188194
145.87	0.03229945
145.875	0.03268764
145.88	0.03300483
145.885	0.03324893
145.89	0.03350024
145.895	0.03377319
145.9	0.03404068
145.905	0.03433
145.91	0.03479134
145.915	0.03529229
145.92	0.03614695
145.925	0.03700844
145.93	0.03780011
145.935	0.03860756
145.94	0.03939335
145.945	0.04017238
145.95	0.04091455
145.955	0.04161247
145.96	0.04231349
145.965	0.04300438
145.97	0.0437233
145.975	0.04446536
145.98	0.04542108
145.985	0.04637644
145.99	0.04731869
145.995	0.04834476
146	0.0495467
146.005	0.05066092
146.01	0.0517145
146.015	0.05280617
146.02	0.05389119
146.025	0.05495088
146.03	0.05604349
146.035	0.05712106
146.04	0.05820326
146.045	0.05926785
146.05	0.0603156
146.055	0.06139614
146.06	0.06240355
146.065	0.06354213
146.07	0.06474884
146.075	0.06590892
146.08	0.0671437
146.085	0.06861121
146.09	0.07006666
146.095	0.0715783
146.1	0.07323152
146.105	0.0748712
146.11	0.07672245
146.115	0.07858939
146.12	0.08044103
146.125	0.08203511
146.13	0.08358002
146.135	0.08520516
146.14	0.08699111
146.145	0.08874081
146.15	0.09047054
146.155	0.09230123
146.16	0.09411889
146.165	0.09592032
146.17	0.09773412
146.175	0.09952426
146.18	0.1013457
146.185	0.1029353
146.19	0.1047467
146.195	0.1070486
146.2	0.1096405
146.205	0.1121403
146.21	0.1145985
146.215	0.1172853
146.22	0.120238
146.225	0.1234976
146.23	0.1267921
146.235	0.129963
146.24	0.1330803
146.245	0.1361353
146.25	0.1391258
146.255	0.1420601
146.26	0.1448982
146.265	0.1477033
146.27	0.150431
146.275	0.1530816
146.28	0.1557487
146.285	0.1582993
146.29	0.1606472
146.295	0.1630793
146.3	0.165398
146.305	0.1675756
146.31	0.169755
146.315	0.1717377
146.32	0.1735448
146.325	0.1753273
146.33	0.1770754
146.335	0.1789299
146.34	0.1807916
146.345	0.1825974
146.35	0.1844533
146.355	0.1862746
146.36	0.1880092
146.365	0.1898186
146.37	0.1916022
146.375	0.1933227
146.38	0.1950085
146.385	0.1966541
146.39	0.1984665
146.395	0.2000094
146.4	0.2010713
146.405	0.2017744
146.41	0.2023516
146.415	0.2030354
146.42	0.2034481
146.425	0.2034296
146.43	0.2029231
146.435	0.2023484
146.44	0.201783
146.445	0.2011798
146.45	0.2005384
146.455	0.1998871
146.46	0.1992566
146.465	0.1986364
146.47	0.1979932
146.475	0.1973212
146.48	0.1966821
146.485	0.1960655
146.49	0.1955607
146.495	0.1950797
146.5	0.1944007
146.505	0.1937586
146.51	0.1931185
146.515	0.1924107
146.52	0.1917174
146.525	0.1911403
146.53	0.1905362
146.535	0.1899972
146.54	0.1892553
146.545	0.1883638
146.55	0.1872724
146.555	0.1860659
146.56	0.1848617
146.565	0.1836129
146.57	0.1821406
146.575	0.1806328
146.58	0.1791526
146.585	0.1776511
146.59	0.1760511
146.595	0.1741468
146.6	0.1723378
146.605	0.1706376
146.61	0.1689873
146.615	0.1674241
146.62	0.1655946
146.625	0.1638038
146.63	0.1622843
146.635	0.161068
146.64	0.1597168
146.645	0.1583492
146.65	0.1569941
146.655	0.1556573
146.66	0.1543166
146.665	0.1528802
146.67	0.1514346
146.675	0.1499974
146.68	0.1484324
146.685	0.1466991
146.69	0.1446977
146.695	0.1424216
146.7	0.1401308
146.705	0.1379401
146.71	0.1357373
146.715	0.1335079
146.72	0.1312674
146.725	0.1290118
146.73	0.1266127
146.735	0.124133
146.74	0.1215236
146.745	0.118968
146.75	0.1164219
146.755	0.1140047
146.76	0.1115753
146.765	0.1090672
146.77	0.1065497
146.775	0.1041622
146.78	0.1017526
146.785	0.09928608
146.79	0.09678946
146.795	0.09440442
146.8	0.09222851
146.805	0.09007002
146.81	0.08810076
146.815	0.08627388
146.82	0.08441029
146.825	0.08276261
146.83	0.08126062
146.835	0.07968298
146.84	0.07807001
146.845	0.076749
146.85	0.07542101
146.855	0.0741007
146.86	0.07275608
146.865	0.07145227
146.87	0.07025123
146.875	0.06902114
146.88	0.06777022
146.885	0.06676338
146.89	0.0659818
146.895	0.06555743
146.9	0.06540839
146.905	0.0652876
146.91	0.06516794
146.915	0.06489673
146.92	0.06463569
146.925	0.06440921
146.93	0.06421472
146.935	0.0641435
146.94	0.06419487
146.945	0.06431828
146.95	0.06452881
146.955	0.06484517
146.96	0.06532623
146.965	0.06586614
146.97	0.06647887
146.975	0.06712622
146.98	0.06780308
146.985	0.06849005
146.99	0.06908247
146.995	0.06967495
147	0.07013541
147.005	0.07062657
147.01	0.07103495
147.015	0.07133276
147.02	0.07165007
147.025	0.07198159
147.03	0.07226039
147.035	0.07248054
147.04	0.07279745
147.045	0.07311375
147.05	0.07332901
147.055	0.07355016
147.06	0.07372581
147.065	0.07390037
147.07	0.07396569
147.075	0.07400386
147.08	0.07403362
147.085	0.0740253
147.09	0.07403924
147.095	0.07402422
147.1	0.07397291
147.105	0.07392462
147.11	0.07387898
147.115	0.07387179
147.12	0.07399487
147.125	0.07413577
147.13	0.07428089
147.135	0.07442523
147.14	0.07451743
147.145	0.07456538
147.15	0.07462191
147.155	0.07462639
147.16	0.07463239
147.165	0.07447159
147.17	0.07431176
147.175	0.07407012
147.18	0.07382115
147.185	0.07352056
147.19	0.07319511
147.195	0.07288264
147.2	0.07255444
147.205	0.07231232
147.21	0.07199876
147.215	0.07172658
147.22	0.07148647
147.225	0.07125068
147.23	0.07104358
147.235	0.07086714
147.24	0.0707135
147.245	0.07041729
147.25	0.0701202
147.255	0.06972998
147.26	0.06930466
147.265	0.06888418
147.27	0.06847789
147.275	0.06809756
147.28	0.06774643
147.285	0.06749233
147.29	0.06730562
147.295	0.06702672
147.3	0.06681754
147.305	0.06675809
147.31	0.06685624
147.315	0.06702497
147.32	0.06715248
147.325	0.06721193
147.33	0.06735133
147.335	0.06764221
147.34	0.06814362
147.345	0.06883499
147.35	0.06973461
147.355	0.07069085
147.36	0.07174157
147.365	0.07291408
147.37	0.07417188
147.375	0.07541707
147.38	0.07674886
147.385	0.07808815
147.39	0.07943492
147.395	0.08077217
147.4	0.08211293
147.405	0.08342002
147.41	0.08465911
147.415	0.08591684
147.42	0.08716236
147.425	0.08845073
147.43	0.08973447
147.435	0.09092636
147.44	0.09209051
147.445	0.09325256
147.45	0.09446816
147.455	0.09569005
147.46	0.09697546
147.465	0.09825326
147.47	0.09952217
147.475	0.1007736
147.48	0.1020268
147.485	0.1032223
147.49	0.1043028
147.495	0.1053159
147.5	0.1063427
147.505	0.1072823
147.51	0.1080359
147.515	0.1085863
147.52	0.1090321
147.525	0.1094471
147.53	0.1098263
147.535	0.1101185
147.54	0.1102477
147.545	0.1101409
147.55	0.1098367
147.555	0.1092956
147.56	0.1086495
147.565	0.1078812
147.57	0.1069196
147.575	0.1059127
147.58	0.1048514
147.585	0.1036756
147.59	0.102446
147.595	0.1011919
147.6	0.09991082
147.605	0.09861254
147.61	0.09730988
147.615	0.09601144
147.62	0.09468712
147.625	0.09333883
147.63	0.09187469
147.635	0.09034897
147.64	0.08884072
147.645	0.08732053
147.65	0.08575697
147.655	0.08412732
147.66	0.08241226
147.665	0.08063767
147.67	0.07882517
147.675	0.07695784
147.68	0.07500125
147.685	0.07296613
147.69	0.07089395
147.695	0.06880823
147.7	0.06670183
147.705	0.06452976
147.71	0.06233577
147.715	0.06023117
147.72	0.05823537
147.725	0.05628379
147.73	0.05432591
147.735	0.05237531
147.74	0.05043499
147.745	0.04850213
147.75	0.04675114
147.755	0.04518163
147.76	0.04382181
147.765	0.04255606
147.77	0.04144506
147.775	0.0405775
147.78	0.03974238
147.785	0.03898684
147.79	0.03839361
147.795	0.03784672
147.8	0.03729204
147.805	0.03675642
147.81	0.03623106
147.815	0.03570337
147.82	0.03517037
147.825	0.03463676
147.83	0.03408146
147.835	0.03364893
147.84	0.03326239
147.845	0.03286861
147.85	0.03245261
147.855	0.0320403
147.86	0.03167437
147.865	0.03137772
147.87	0.03109823
147.875	0.03082794
147.88	0.03058155
147.885	0.03044769
147.89	0.03035899
147.895	0.03030813
147.9	0.03029174
147.905	0.03027746
147.91	0.03024868
147.915	0.03024264
147.92	0.03023235
147.925	0.03024037
147.93	0.03022058
147.935	0.03017634
147.94	0.03013315
147.945	0.03010845
147.95	0.03018854
147.955	0.03027688
147.96	0.0303193
147.965	0.03039346
147.97	0.03046565
147.975	0.03046621
147.98	0.03039418
147.985	0.0303372
147.99	0.03025312
147.995	0.03008015
148	0.02996987
148.005	0.02988023
148.01	0.02977309
148.015	0.02962969
148.02	0.02949887
148.025	0.02936763
148.03	0.02923826
148.035	0.02912451
148.04	0.02900976
148.045	0.02891114
148.05	0.02881549
148.055	0.02874399
148.06	0.02868221
148.065	0.02862145
148.07	0.02858061
148.075	0.02854912
148.08	0.02850842
148.085	0.02846076
148.09	0.02834775
148.095	0.02823238
148.1	0.02811414
148.105	0.0279916
148.11	0.02786956
148.115	0.02780939
148.12	0.02775951
148.125	0.02770826
148.13	0.02762122
148.135	0.02761916
148.14	0.02762507
148.145	0.02767419
148.15	0.0277089
148.155	0.02774905
148.16	0.02779711
148.165	0.0278911
148.17	0.02797768
148.175	0.0280661
148.18	0.02819375
148.185	0.02837167
148.19	0.02852603
148.195	0.02869224
148.2	0.02890351
148.205	0.0290121
148.21	0.02926257
148.215	0.02959407
148.22	0.02997687
148.225	0.03031417
148.23	0.03064841
148.235	0.03098555
148.24	0.03133992
148.245	0.03174601
148.25	0.03212516
148.255	0.03250067
148.26	0.0330287
148.265	0.03356303
148.27	0.03409642
148.275	0.03462497
148.28	0.03514913
148.285	0.0356686
148.29	0.03618357
148.295	0.03671079
148.3	0.03723164
148.305	0.03773631
148.31	0.03824863
148.315	0.03875892
148.32	0.03922335
148.325	0.03968636
148.33	0.04015038
148.335	0.04066925
148.34	0.04108089
148.345	0.0417931
148.35	0.04243629
148.355	0.04307806
148.36	0.04396893
148.365	0.04482839
148.37	0.04567336
148.375	0.04650507
148.38	0.0473829
148.385	0.04839896
148.39	0.04940007
148.395	0.05039374
148.4	0.05139264
148.405	0.05247847
148.41	0.05369808
148.415	0.05472406
148.42	0.05565307
148.425	0.05660759
148.43	0.05765393
148.435	0.05893745
148.44	0.06038255
148.445	0.06179138
148.45	0.06325205
148.455	0.06468473
148.46	0.06610505
148.465	0.06737631
148.47	0.06862714
148.475	0.06984254
148.48	0.07115954
148.485	0.07245468
148.49	0.07380488
148.495	0.07516372
148.5	0.07686318
148.505	0.07890468
148.51	0.081342
148.515	0.08431741
148.52	0.08798918
148.525	0.09259604
148.53	0.09764724
148.535	0.1042291
148.54	0.1115839
148.545	0.1185891
148.55	0.1259183
148.555	0.1340287
148.56	0.1429547
148.565	0.1524811
148.57	0.1616159
148.575	0.1702597
148.58	0.1785087
148.585	0.1863693
148.59	0.1938391
148.595	0.2011067
148.6	0.2083926
148.605	0.2156528
148.61	0.2228807
148.615	0.2300274
148.62	0.2370446
148.625	0.243918
148.63	0.2505983
148.635	0.2571782
148.64	0.2637131
148.645	0.2701101
148.65	0.2764983
148.655	0.2828297
148.66	0.2890475
148.665	0.2951747
148.67	0.3013188
148.675	0.3074013
148.68	0.3134014
148.685	0.3192284
148.69	0.3249515
148.695	0.3305493
148.7	0.3360396
148.705	0.3413017
148.71	0.3463318
148.715	0.3511806
148.72	0.3557094
148.725	0.3598872
148.73	0.3634738
148.735	0.3666719
148.74	0.368851
148.745	0.3703389
148.75	0.3718226
148.755	0.3727528
148.76	0.3728405
148.765	0.3719504
148.77	0.3700517
148.775	0.3680538
148.78	0.3660503
148.785	0.3640129
148.79	0.3619659
148.795	0.3599578
148.8	0.3578641
148.805	0.3554374
148.81	0.3527348
148.815	0.3497038
148.82	0.3463882
148.825	0.342976
148.83	0.3394715
148.835	0.3359049
148.84	0.3321378
148.845	0.3280091
148.85	0.3236962
148.855	0.3190812
148.86	0.3141756
148.865	0.3091697
148.87	0.304022
148.875	0.2985204
148.88	0.2927806
148.885	0.2868518
148.89	0.2808303
148.895	0.2746746
148.9	0.2683829
148.905	0.2619486
148.91	0.2554024
148.915	0.2487513
148.92	0.2417879
148.925	0.2347338
148.93	0.2274674
148.935	0.2204047
148.94	0.2134207
148.945	0.2070743
148.95	0.2010664
148.955	0.1947096
148.96	0.1886089
148.965	0.1831581
148.97	0.1785602
148.975	0.1749139
148.98	0.1711088
148.985	0.1671894
148.99	0.1632036
148.995	0.1591198
149	0.1547871
149.005	0.1503643
149.01	0.1462191
149.015	0.1422014
149.02	0.1384812
149.025	0.1350263
149.03	0.1314597
149.035	0.1278358
149.04	0.1241544
149.045	0.1206041
149.05	0.1174116
149.055	0.1143345
149.06	0.1115122
149.065	0.1089709
149.07	0.1063283
149.075	0.1035667
149.08	0.1010902
149.085	0.09874646
149.09	0.09645528
149.095	0.09411803
149.1	0.09172309
149.105	0.08929289
149.11	0.08694414
149.115	0.08472376
149.12	0.08254325
149.125	0.08079257
149.13	0.07938352
149.135	0.07841097
149.14	0.0774747
149.145	0.07651812
149.15	0.07558015
149.155	0.0747849
149.16	0.07427696
149.165	0.07396361
149.17	0.07366496
149.175	0.07336977
149.18	0.07311932
149.185	0.07319462
149.19	0.07329804
149.195	0.07346406
149.2	0.0736431
149.205	0.0739542
149.21	0.07436658
149.215	0.07477841
149.22	0.07528998
149.225	0.07577799
149.23	0.07622972
149.235	0.07682093
149.24	0.07741694
149.245	0.07801091
149.25	0.07861121
149.255	0.07924296
149.26	0.07988464
149.265	0.08053638
149.27	0.08117631
149.275	0.08181945
149.28	0.08259583
149.285	0.08342389
149.29	0.08425251
149.295	0.08508973
149.3	0.08591411
149.305	0.08673031
149.31	0.08750284
149.315	0.08797689
149.32	0.08820998
149.325	0.08839599
149.33	0.08845468
149.335	0.08808166
149.34	0.08768957
149.345	0.08723979
149.35	0.08678088
149.355	0.08638072
149.36	0.0859765
149.365	0.08554841
149.37	0.08509161
149.375	0.0846497
149.38	0.08420589
149.385	0.08376495
149.39	0.083221
149.395	0.08269181
149.4	0.08203588
149.405	0.08136336
149.41	0.08067154
149.415	0.07993263
149.42	0.0790788
149.425	0.07821163
149.43	0.07735521
149.435	0.07651244
149.44	0.07561612
149.445	0.07474013
149.45	0.07386751
149.455	0.07299839
149.46	0.07212793
149.465	0.07136426
149.47	0.07066823
149.475	0.06995701
149.48	0.06928637
149.485	0.06857267
149.49	0.0677712
149.495	0.06700275
149.5	0.06619842
149.505	0.06539324
149.51	0.06458415
149.515	0.06380108
149.52	0.06322111
149.525	0.06282025
149.53	0.06245507
149.535	0.06219279
149.54	0.06226982
149.545	0.06232198
149.55	0.06240909
149.555	0.06247575
149.56	0.06233336
149.565	0.0622062
149.57	0.0620743
149.575	0.06195187
149.58	0.0617547
149.585	0.06160623
149.59	0.06149788
149.595	0.06148464
149.6	0.06142631
149.605	0.06145606
149.61	0.06150066
149.615	0.06158154
149.62	0.06169484
149.625	0.06190503
149.63	0.06212315
149.635	0.06234452
149.64	0.06263918
149.645	0.06310187
149.65	0.06377239
149.655	0.06470773
149.66	0.06590109
149.665	0.06767503
149.67	0.06997834
149.675	0.07278054
149.68	0.07648132
149.685	0.08101838
149.69	0.08620711
149.695	0.09220976
149.7	0.09871668
149.705	0.1056335
149.71	0.1130164
149.715	0.120582
149.72	0.1282123
149.725	0.135867
149.73	0.1434436
149.735	0.1509869
149.74	0.1583906
149.745	0.1655298
149.75	0.1724586
149.755	0.179191
149.76	0.1856802
149.765	0.191984
149.77	0.1980885
149.775	0.2040169
149.78	0.2097885
149.785	0.2154365
149.79	0.2209619
149.795	0.226367
149.8	0.2316936
149.805	0.2370136
149.81	0.2423167
149.815	0.2476275
149.82	0.2529582
149.825	0.2583055
149.83	0.2636746
149.835	0.2690598
149.84	0.2744551
149.845	0.279818
149.85	0.2851149
149.855	0.2902849
149.86	0.2952897
149.865	0.3001189
149.87	0.3046499
149.875	0.3088294
149.88	0.3126722
149.885	0.3160131
149.89	0.3188311
149.895	0.3211771
149.9	0.322907
149.905	0.324087
149.91	0.3247438
149.915	0.3247808
149.92	0.3243539
149.925	0.3235229
149.93	0.3223015
149.935	0.3207815
149.94	0.3189214
149.945	0.3168211
149.95	0.3146229
149.955	0.3123248
149.96	0.3099238
149.965	0.3075062
149.97	0.3050713
149.975	0.3026121
149.98	0.3001306
149.985	0.2976127
149.99	0.2950473
149.995	0.2923948
150	0.2896636
150.005	0.2868136
150.01	0.2837576
150.015	0.280493
150.02	0.2769693
150.025	0.2731513
150.03	0.2690266
150.035	0.264569
150.04	0.2597724
150.045	0.254623
150.05	0.2491464
150.055	0.2433535
150.06	0.2373102
150.065	0.2310567
150.07	0.2246053
150.075	0.2180236
150.08	0.2113622
150.085	0.2046225
150.09	0.1979613
150.095	0.1914261
150.1	0.1849971
150.105	0.1788531
150.11	0.1729753
150.115	0.1673802
150.12	0.1622122
150.125	0.1573211
150.13	0.1526937
150.135	0.1483512
150.14	0.1442007
150.145	0.1403042
150.15	0.136566
150.155	0.1328276
150.16	0.1290764
150.165	0.1253207
150.17	0.1214325
150.175	0.1174129
150.18	0.1132564
150.185	0.1089453
150.19	0.1044824
150.195	0.09985105
150.2	0.09510977
150.205	0.09022503
150.21	0.08522595
150.215	0.08022985
150.22	0.0752271
150.225	0.07030293
150.23	0.06553648
150.235	0.06096759
150.24	0.05667493
150.245	0.05269543
150.25	0.04907861
150.255	0.04583985
150.26	0.04301095
150.265	0.04049586
150.27	0.03822871
150.275	0.03620024
150.28	0.03445496
150.285	0.03304724
150.29	0.03196884
150.295	0.03110191
150.3	0.03044095
150.305	0.02994329
150.31	0.02961622
150.315	0.029382
150.32	0.02918842
150.325	0.0289565
150.33	0.02885883
150.335	0.02878501
150.34	0.0286682
150.345	0.02856869
150.35	0.0284875
150.355	0.02848977
150.36	0.0284873
150.365	0.02852459
150.37	0.02856579
150.375	0.0286686
150.38	0.02883772
150.385	0.02906949
150.39	0.02929659
150.395	0.02952742
150.4	0.02978623
150.405	0.03004841
150.41	0.03031668
150.415	0.03059487
150.42	0.03092789
150.425	0.03126601
150.43	0.03160522
150.435	0.03190892
150.44	0.03221042
150.445	0.03255342
150.45	0.032887
150.455	0.03323862
150.46	0.03362219
150.465	0.03406693
150.47	0.03451082
150.475	0.03495135
150.48	0.03539987
150.485	0.0358557
150.49	0.03632443
150.495	0.03679021
150.5	0.03729326
150.505	0.03775112
150.51	0.03823062
150.515	0.03859458
150.52	0.03898598
150.525	0.03942402
150.53	0.0399154
150.535	0.04040083
150.54	0.04088012
150.545	0.04136665
150.55	0.04185867
150.555	0.04236867
150.56	0.04281851
150.565	0.04329454
150.57	0.04375049
150.575	0.04420038
150.58	0.04466011
150.585	0.04504999
150.59	0.0454454
150.595	0.04583911
150.6	0.04625759
150.605	0.04669346
150.61	0.04727127
150.615	0.04783191
150.62	0.04837816
150.625	0.04884812
150.63	0.04931359
150.635	0.04986601
150.64	0.05043028
150.645	0.05107344
150.65	0.05164376
150.655	0.0521975
150.66	0.05274086
150.665	0.05322771
150.67	0.05362738
150.675	0.05401835
150.68	0.05462918
150.685	0.05521466
150.69	0.05584215
150.695	0.05651429
150.7	0.0571778
150.705	0.05782488
150.71	0.05859925
150.715	0.05957804
150.72	0.06088709
150.725	0.06252678
150.73	0.06410003
150.735	0.06561536
150.74	0.06719002
150.745	0.06909001
150.75	0.07187754
150.755	0.07501311
150.76	0.07811758
150.765	0.08114148
150.77	0.08421078
150.775	0.08736089
150.78	0.09081799
150.785	0.09428223
150.79	0.09762979
150.795	0.1008106
150.8	0.1040743
150.805	0.1072674
150.81	0.1103413
150.815	0.1132242
150.82	0.1161452
150.825	0.1190032
150.83	0.1218749
150.835	0.1247003
150.84	0.1274164
150.845	0.1300681
150.85	0.1326206
150.855	0.1352394
150.86	0.1379136
150.865	0.1405576
150.87	0.1432976
150.875	0.146076
150.88	0.1488014
150.885	0.1513391
150.89	0.1538341
150.895	0.1562664
150.9	0.1586968
150.905	0.1611129
150.91	0.163485
150.915	0.1657456
150.92	0.1678843
150.925	0.1697705
150.93	0.1713527
150.935	0.1729609
150.94	0.1745643
150.945	0.1760847
150.95	0.1773406
150.955	0.1779727
150.96	0.1782371
150.965	0.1784138
150.97	0.1785617
150.975	0.1786604
150.98	0.1786298
150.985	0.1782517
150.99	0.1777246
150.995	0.1773265
151	0.1772805
151.005	0.1771099
151.01	0.1768938
151.015	0.1766854
151.02	0.1764959
151.025	0.1761644
151.03	0.1758571
151.035	0.1756505
151.04	0.1755717
151.045	0.1754992
151.05	0.1754579
151.055	0.175437
151.06	0.1752926
151.065	0.1750942
151.07	0.1748709
151.075	0.174475
151.08	0.1739583
151.085	0.1734411
151.09	0.1729644
151.095	0.1725043
151.1	0.1720561
151.105	0.1714821
151.11	0.1708779
151.115	0.1702657
151.12	0.169854
151.125	0.1694006
151.13	0.1690962
151.135	0.1689575
151.14	0.1687511
151.145	0.1685208
151.15	0.1683527
151.155	0.1683189
151.16	0.1684382
151.165	0.1687803
151.17	0.1691819
151.175	0.1695815
151.18	0.1698324
151.185	0.1700815
151.19	0.1704025
151.195	0.170832
151.2	0.1710222
151.205	0.1705206
151.21	0.1699562
151.215	0.1693997
151.22	0.1688437
151.225	0.1682956
151.23	0.167821
151.235	0.1672754
151.24	0.1663718
151.245	0.1651615
151.25	0.1639603
151.255	0.1626952
151.26	0.161392
151.265	0.1600889
151.27	0.1586357
151.275	0.1571789
151.28	0.1557349
151.285	0.1543375
151.29	0.1529276
151.295	0.1515066
151.3	0.1500378
151.305	0.1485003
151.31	0.1470371
151.315	0.145556
151.32	0.1440695
151.325	0.1421495
151.33	0.1402587
151.335	0.1382548
151.34	0.1361804
151.345	0.1340823
151.35	0.1319724
151.355	0.1297338
151.36	0.1274012
151.365	0.1251092
151.37	0.1226429
151.375	0.1200595
151.38	0.1174404
151.385	0.1149235
151.39	0.1124557
151.395	0.1100326
151.4	0.1074535
151.405	0.1049922
151.41	0.1030608
151.415	0.1012278
151.42	0.09936691
151.425	0.09747931
151.43	0.09555616
151.435	0.0936135
151.44	0.09170076
151.445	0.09011192
151.45	0.08876098
151.455	0.08735887
151.46	0.08610598
151.465	0.08484063
151.47	0.08362051
151.475	0.08264483
151.48	0.08165038
151.485	0.08069209
151.49	0.07972735
151.495	0.07876013
151.5	0.07777411
151.505	0.07681456
151.51	0.0759324
151.515	0.07504494
151.52	0.07420679
151.525	0.07345743
151.53	0.07339594
151.535	0.07341336
151.54	0.07351263
151.545	0.07371266
151.55	0.07395876
151.555	0.07417849
151.56	0.07449805
151.565	0.07482719
151.57	0.075225
151.575	0.0757783
151.58	0.07641568
151.585	0.07702848
151.59	0.07765491
151.595	0.07813566
151.6	0.07864411
151.605	0.07925568
151.61	0.07979007
151.615	0.08028802
151.62	0.08076976
151.625	0.08128468
151.63	0.08177428
151.635	0.08225801
151.64	0.08270121
151.645	0.08315565
151.65	0.08360968
151.655	0.08407124
151.66	0.0844662
151.665	0.08459776
151.67	0.08475971
151.675	0.08492889
151.68	0.08498527
151.685	0.08503152
151.69	0.08510607
151.695	0.08519184
151.7	0.08526579
151.705	0.08548137
151.71	0.08569086
151.715	0.08589276
151.72	0.08603642
151.725	0.08609876
151.73	0.08597379
151.735	0.08538742
151.74	0.08469528
151.745	0.08399944
151.75	0.08319331
151.755	0.08248809
151.76	0.08184264
151.765	0.08118035
151.77	0.08055496
151.775	0.07993776
151.78	0.07924277
151.785	0.07849798
151.79	0.07778595
151.795	0.07709605
151.8	0.07647283
151.805	0.07580254
151.81	0.0750731
151.815	0.07443158
151.82	0.07384008
151.825	0.07326581
151.83	0.07263473
151.835	0.07202721
151.84	0.07141802
151.845	0.07083119
151.85	0.07020614
151.855	0.06957746
151.86	0.06895178
151.865	0.06840043
151.87	0.06801104
151.875	0.06762293
151.88	0.06724253
151.885	0.06695266
151.89	0.06668535
151.895	0.0664354
151.9	0.06616746
151.905	0.06592818
151.91	0.0653646
151.915	0.06480049
151.92	0.064214
151.925	0.06367883
151.93	0.0632084
151.935	0.06288492
151.94	0.06288043
151.945	0.06294576
151.95	0.06302825
151.955	0.06321884
151.96	0.06321538
151.965	0.06312232
151.97	0.06308361
151.975	0.063102
151.98	0.06315208
151.985	0.06327467
151.99	0.06349237
151.995	0.06371918
152	0.06385563
152.005	0.06400377
152.01	0.06417783
152.015	0.06434253
152.02	0.06444625
152.025	0.06450204
152.03	0.06459861
152.035	0.06475554
152.04	0.06491515
152.045	0.06518609
152.05	0.06549492
152.055	0.0658697
152.06	0.06629767
152.065	0.06676206
152.07	0.06725981
152.075	0.06778168
152.08	0.06832219
152.085	0.0688572
152.09	0.06936301
152.095	0.06988403
152.1	0.07039615
152.105	0.07091254
152.11	0.07137643
152.115	0.07198628
152.12	0.07258005
152.125	0.07318607
152.13	0.07381387
152.135	0.07444787
152.14	0.07505583
152.145	0.07563876
152.15	0.07621888
152.155	0.07675477
152.16	0.077233
152.165	0.0776837
152.17	0.07810925
152.175	0.07848377
152.18	0.07879329
152.185	0.07905369
152.19	0.07928401
152.195	0.079429
152.2	0.07951226
152.205	0.07964976
152.21	0.0798157
152.215	0.07999725
152.22	0.08020074
152.225	0.08045648
152.23	0.08073546
152.235	0.08095615
152.24	0.08115081
152.245	0.08131334
152.25	0.08129941
152.255	0.08118998
152.26	0.08099165
152.265	0.08071718
152.27	0.08036494
152.275	0.07994619
152.28	0.07948189
152.285	0.07895268
152.29	0.07840451
152.295	0.0778696
152.3	0.07729188
152.305	0.07669703
152.31	0.07609728
152.315	0.07551168
152.32	0.07493112
152.325	0.07436088
152.33	0.07377846
152.335	0.07313972
152.34	0.0724763
152.345	0.07182382
152.35	0.07116359
152.355	0.07049508
152.36	0.06984727
152.365	0.06918616
152.37	0.06857733
152.375	0.06800951
152.38	0.06742196
152.385	0.06682208
152.39	0.06624917
152.395	0.06568234
152.4	0.06513854
152.405	0.06461427
152.41	0.06405082
152.415	0.06340914
152.42	0.06272336
152.425	0.06202835
152.43	0.06124991
152.435	0.06037013
152.44	0.05946287
152.445	0.05851299
152.45	0.05752855
152.455	0.05665086
152.46	0.05582903
152.465	0.05506656
152.47	0.05432837
152.475	0.05365554
152.48	0.05303056
152.485	0.05244268
152.49	0.05188439
152.495	0.05132099
152.5	0.0507318
152.505	0.05015686
152.51	0.04955882
152.515	0.04894052
152.52	0.04832789
152.525	0.0476751
152.53	0.04700334
152.535	0.04632757
152.54	0.0456845
152.545	0.04501997
152.55	0.044354
152.555	0.0437113
152.56	0.04304846
152.565	0.04236993
152.57	0.04173059
152.575	0.04110778
152.58	0.04047786
152.585	0.03988737
152.59	0.03932617
152.595	0.03873783
152.6	0.03815054
152.605	0.03753002
152.61	0.03689942
152.615	0.03628543
152.62	0.03572568
152.625	0.03518781
152.63	0.03465373
152.635	0.03417243
152.64	0.03378094
152.645	0.03345077
152.65	0.0331688
152.655	0.03293928
152.66	0.03271564
152.665	0.03251434
152.67	0.03232507
152.675	0.0321499
152.68	0.03193833
152.685	0.03170879
152.69	0.03144773
152.695	0.03121861
152.7	0.03101849
152.705	0.03083577
152.71	0.03065756
152.715	0.03050945
152.72	0.03038583
152.725	0.03024223
152.73	0.03013586
152.735	0.03005607
152.74	0.02997813
152.745	0.02987478
152.75	0.02979086
152.755	0.02964475
152.76	0.02945902
152.765	0.02928241
152.77	0.02915566
152.775	0.02903127
152.78	0.02892454
152.785	0.02881686
152.79	0.02870951
152.795	0.02861811
152.8	0.02853932
152.805	0.02846612
152.81	0.02851514
152.815	0.02859644
152.82	0.02867251
152.825	0.02881764
152.83	0.02896565
152.835	0.02908842
152.84	0.02923375
152.845	0.02941882
152.85	0.02961838
152.855	0.02988195
152.86	0.03022218
152.865	0.03054
152.87	0.03086836
152.875	0.03116351
152.88	0.03167715
152.885	0.03219835
152.89	0.03271649
152.895	0.03322847
152.9	0.03372257
152.905	0.03418749
152.91	0.03469732
152.915	0.03523336
152.92	0.03577971
152.925	0.03630564
152.93	0.03683283
152.935	0.03737723
152.94	0.03788311
152.945	0.03840426
152.95	0.03920471
152.955	0.04002554
152.96	0.04085408
152.965	0.04180306
152.97	0.04282528
152.975	0.04375954
152.98	0.04466134
152.985	0.04554378
152.99	0.04643485
152.995	0.0473303
153	0.04824543
153.005	0.0491836
153.01	0.05009607
153.015	0.05092795
153.02	0.05185775
153.025	0.05279661
153.03	0.05371207
153.035	0.05470195
153.04	0.05567812
153.045	0.05662531
153.05	0.05757898
153.055	0.0586213
153.06	0.05971441
153.065	0.06080158
153.07	0.06187959
153.075	0.0629081
153.08	0.06396926
153.085	0.06480554
153.09	0.06576304
153.095	0.06685266
153.1	0.06839211
153.105	0.06995499
153.11	0.07160988
153.115	0.07322949
153.12	0.07488588
153.125	0.07649393
153.13	0.07807343
153.135	0.07980495
153.14	0.08168218
153.145	0.08352324
153.15	0.08531722
153.155	0.08682963
153.16	0.08831971
153.165	0.08978834
153.17	0.09126108
153.175	0.09262643
153.18	0.09399212
153.185	0.0954117
153.19	0.09681231
153.195	0.09852903
153.2	0.1002851
153.205	0.1019894
153.21	0.1043631
153.215	0.1077924
153.22	0.111862
153.225	0.1163148
153.23	0.1233485
153.235	0.1347562
153.24	0.1493312
153.245	0.1660768
153.25	0.1830285
153.255	0.1994782
153.26	0.2152169
153.265	0.2301342
153.27	0.244115
153.275	0.2573662
153.28	0.2700643
153.285	0.2823191
153.29	0.2942088
153.295	0.3059365
153.3	0.3174283
153.305	0.3283493
153.31	0.338993
153.315	0.3493286
153.32	0.3594069
153.325	0.3692129
153.33	0.3787663
153.335	0.3880912
153.34	0.3971895
153.345	0.4060061
153.35	0.4146363
153.355	0.4232441
153.36	0.4317191
153.365	0.4400458
153.37	0.4482332
153.375	0.4562296
153.38	0.4640978
153.385	0.4718541
153.39	0.4794657
153.395	0.4869544
153.4	0.4941955
153.405	0.501371
153.41	0.5084654
153.415	0.5151731
153.42	0.5213415
153.425	0.5271256
153.43	0.5326415
153.435	0.5368611
153.44	0.5387041
153.445	0.5382986
153.45	0.53579
153.455	0.5321082
153.46	0.5276833
153.465	0.5227414
153.47	0.5175451
153.475	0.5123112
153.48	0.5070006
153.485	0.5015383
153.49	0.4958612
153.495	0.4899732
153.5	0.4835915
153.505	0.4768026
153.51	0.4699517
153.515	0.4628768
153.52	0.4556226
153.525	0.4481849
153.53	0.4405724
153.535	0.4328265
153.54	0.424927
153.545	0.416801
153.55	0.4085454
153.555	0.4001158
153.56	0.3911847
153.565	0.3820171
153.57	0.3725734
153.575	0.3628527
153.58	0.352911
153.585	0.3426814
153.59	0.3320841
153.595	0.3211387
153.6	0.30982
153.605	0.2981769
153.61	0.2858389
153.615	0.2728797
153.62	0.2595657
153.625	0.2460075
153.63	0.2320137
153.635	0.217181
153.64	0.2028631
153.645	0.1908163
153.65	0.1813411
153.655	0.1745504
153.66	0.1691715
153.665	0.1647928
153.67	0.1610784
153.675	0.1573629
153.68	0.1534965
153.685	0.149526
153.69	0.1455939
153.695	0.1417934
153.7	0.1381377
153.705	0.1351155
153.71	0.1326321
153.715	0.1301562
153.72	0.1278043
153.725	0.1255087
153.73	0.1232351
153.735	0.1211093
153.74	0.11895
153.745	0.1167725
153.75	0.1146841
153.755	0.1125833
153.76	0.110451
153.765	0.10878
153.77	0.1071236
153.775	0.1055487
153.78	0.1039637
153.785	0.1022775
153.79	0.100549
153.795	0.09884556
153.8	0.09711558
153.805	0.09529741
153.81	0.09346317
153.815	0.09198266
153.82	0.09057282
153.825	0.08911444
153.83	0.08762962
153.835	0.08611874
153.84	0.08491221
153.845	0.0837482
153.85	0.08266384
153.855	0.08156072
153.86	0.08040906
153.865	0.0795011
153.87	0.07847748
153.875	0.07745859
153.88	0.07682631
153.885	0.0762989
153.89	0.07582482
153.895	0.07537066
153.9	0.07502362
153.905	0.07471971
153.91	0.07479223
153.915	0.07488331
153.92	0.07500673
153.925	0.07522333
153.93	0.07550796
153.935	0.07584916
153.94	0.07605794
153.945	0.07630455
153.95	0.07655398
153.955	0.07690393
153.96	0.07726906
153.965	0.07761702
153.97	0.07802761
153.975	0.07844241
153.98	0.07884252
153.985	0.07927573
153.99	0.07983715
153.995	0.0804298
154	0.0810514
154.005	0.08169005
154.01	0.08234796
154.015	0.08294647
154.02	0.08355686
154.025	0.08410169
154.03	0.0846324
154.035	0.08516907
154.04	0.0857443
154.045	0.08634298
154.05	0.08695151
154.055	0.08733297
154.06	0.08764464
154.065	0.0880101
154.07	0.08829939
154.075	0.0886395
154.08	0.08901396
154.085	0.08936479
154.09	0.08964106
154.095	0.08993847
154.1	0.09023365
154.105	0.09043309
154.11	0.09057199
154.115	0.09020002
154.12	0.089811
154.125	0.08935136
154.13	0.08887541
154.135	0.08837986
154.14	0.08789971
154.145	0.08734244
154.15	0.08669424
154.155	0.08606462
154.16	0.08537722
154.165	0.08463174
154.17	0.08388967
154.175	0.08313833
154.18	0.08235979
154.185	0.08171929
154.19	0.08115348
154.195	0.0804587
154.2	0.07971617
154.205	0.07896262
154.21	0.07819962
154.215	0.0774387
154.22	0.07672245
154.225	0.07595832
154.23	0.07522342
154.235	0.0745063
154.24	0.07377917
154.245	0.07294724
154.25	0.07208244
154.255	0.07123199
154.26	0.0705427
154.265	0.06992867
154.27	0.06933358
154.275	0.06876034
154.28	0.06819052
154.285	0.0674887
154.29	0.06679093
154.295	0.06617361
154.3	0.06549451
154.305	0.06481361
154.31	0.06419538
154.315	0.06362058
154.32	0.06340948
154.325	0.06320818
154.33	0.06307284
154.335	0.06290989
154.34	0.06276515
154.345	0.06261327
154.35	0.06258538
154.355	0.06262729
154.36	0.06259436
154.365	0.06259796
154.37	0.06264981
154.375	0.06272071
154.38	0.06282192
154.385	0.06300009
154.39	0.06281499
154.395	0.06242442
154.4	0.0620295
154.405	0.06165253
154.41	0.06133461
154.415	0.06102068
154.42	0.06069957
154.425	0.06036124
154.43	0.0600448
154.435	0.05976037
154.44	0.05949026
154.445	0.05922548
154.45	0.05902079
154.455	0.05880996
154.46	0.05852777
154.465	0.05817469
154.47	0.05778041
154.475	0.05738623
154.48	0.05698879
154.485	0.0565782
154.49	0.0562636
154.495	0.05592901
154.5	0.0555138
154.505	0.05512531
154.51	0.0547303
154.515	0.05431809
154.52	0.05389374
154.525	0.05345141
154.53	0.05304243
154.535	0.05269191
154.54	0.05243439
154.545	0.05226671
154.55	0.05215048
154.555	0.05209364
154.56	0.05218413
154.565	0.05256692
154.57	0.05306362
154.575	0.05364726
154.58	0.05444288
154.585	0.05536297
154.59	0.05626677
154.595	0.05749575
154.6	0.05893501
154.605	0.06055632
154.61	0.06227262
154.615	0.06394471
154.62	0.0656092
154.625	0.06729381
154.63	0.06901494
154.635	0.07070712
154.64	0.07237044
154.645	0.07400434
154.65	0.07562267
154.655	0.07726129
154.66	0.07889071
154.665	0.08051864
154.67	0.0821439
154.675	0.08375821
154.68	0.08533418
154.685	0.08688873
154.69	0.08841956
154.695	0.08991931
154.7	0.09140434
154.705	0.09288164
154.71	0.09433685
154.715	0.09576685
154.72	0.09718107
154.725	0.0985759
154.73	0.09995443
154.735	0.1012864
154.74	0.1025305
154.745	0.1036951
154.75	0.1047833
154.755	0.1058181
154.76	0.1067848
154.765	0.1075821
154.77	0.1081356
154.775	0.1085783
154.78	0.1089228
154.785	0.1090389
154.79	0.1089851
154.795	0.108834
154.8	0.1085413
154.805	0.108106
154.81	0.1074955
154.815	0.1067052
154.82	0.1058012
154.825	0.1048413
154.83	0.1037964
154.835	0.1026531
154.84	0.101488
154.845	0.1002726
154.85	0.09900532
154.855	0.09768295
154.86	0.09625289
154.865	0.09477756
154.87	0.09327425
154.875	0.09175034
154.88	0.09019315
154.885	0.08860865
154.89	0.08700211
154.895	0.0853648
154.9	0.08368876
154.905	0.08197889
154.91	0.08023908
154.915	0.078461
154.92	0.0766508
154.925	0.07480319
154.93	0.07290635
154.935	0.07097006
154.94	0.06898408
154.945	0.066971
154.95	0.06494624
154.955	0.06283892
154.96	0.06065761
154.965	0.05844822
154.97	0.05631706
154.975	0.0543524
154.98	0.05241287
154.985	0.05049987
154.99	0.04872324
154.995	0.04707275
155	0.04550992
155.005	0.04405356
155.01	0.04275158
155.015	0.04162272
155.02	0.04071888
155.025	0.04001394
155.03	0.03935882
155.035	0.0387949
155.04	0.03832499
155.045	0.03786285
155.05	0.03745301
155.055	0.03710115
155.06	0.03680846
155.065	0.03663714
155.07	0.03649375
155.075	0.03633493
155.08	0.03614964
155.085	0.03595427
155.09	0.03573957
155.095	0.03551153
155.1	0.03528684
155.105	0.03507093
155.11	0.03486951
155.115	0.03468333
155.12	0.03449593
155.125	0.03429481
155.13	0.03407941
155.135	0.03386918
155.14	0.03362069
155.145	0.03340643
155.15	0.0332306
155.155	0.03305577
155.16	0.03297441
155.165	0.0329717
155.17	0.0329704
155.175	0.03296098
155.18	0.03289224
155.185	0.0328301
155.19	0.03274443
155.195	0.03271171
155.2	0.03269215
155.205	0.03268575
155.21	0.03269746
155.215	0.03267511
155.22	0.03266352
155.225	0.03263784
155.23	0.03254228
155.235	0.03245028
155.24	0.03236599
155.245	0.03226517
155.25	0.03214368
155.255	0.03202265
155.26	0.03189893
155.265	0.03176229
155.27	0.03161719
155.275	0.03147376
155.28	0.03135019
155.285	0.03122652
155.29	0.03112353
155.295	0.03105342
155.3	0.03097884
155.305	0.03089562
155.31	0.03082045
155.315	0.03071905
155.32	0.03057648
155.325	0.0305209
155.33	0.03046893
155.335	0.03040869
155.34	0.03035306
155.345	0.03031885
155.35	0.03024021
155.355	0.03016461
155.36	0.03007409
155.365	0.02997261
155.37	0.0298234
155.375	0.02967067
155.38	0.02957145
155.385	0.02952218
155.39	0.02947573
155.395	0.02946735
155.4	0.02945868
155.405	0.02945564
155.41	0.0294506
155.415	0.02940696
155.42	0.02935592
155.425	0.02933384
155.43	0.02932041
155.435	0.02934573
155.44	0.02937145
155.445	0.02939987
155.45	0.02945544
155.455	0.02955931
155.46	0.02970378
155.465	0.02986152
155.47	0.03002365
155.475	0.03019734
155.48	0.03041714
155.485	0.03063951
155.49	0.03099022
155.495	0.03152149
155.5	0.03203958
155.505	0.03255884
155.51	0.03307348
155.515	0.03358158
155.52	0.03408701
155.525	0.03464838
155.53	0.03505027
155.535	0.03542928
155.54	0.03585021
155.545	0.03635333
155.55	0.03692523
155.555	0.03750728
155.56	0.03806989
155.565	0.03863925
155.57	0.03920473
155.575	0.03982076
155.58	0.04046348
155.585	0.04102586
155.59	0.04156647
155.595	0.04210801
155.6	0.04262756
155.605	0.04314769
155.61	0.0437225
155.615	0.04430498
155.62	0.04489835
155.625	0.0455239
155.63	0.04610593
155.635	0.04671409
155.64	0.0473484
155.645	0.04797564
155.65	0.04859965
155.655	0.0492152
155.66	0.04992601
155.665	0.05061497
155.67	0.05127731
155.675	0.05194457
155.68	0.05312543
155.685	0.05464288
155.69	0.05614888
155.695	0.05771788
155.7	0.05979954
155.705	0.06217117
155.71	0.06463963
155.715	0.06749728
155.72	0.0708357
155.725	0.0750439
155.73	0.0806411
155.735	0.0869548
155.74	0.0939038
155.745	0.1029947
155.75	0.1151308
155.755	0.1289715
155.76	0.1426291
155.765	0.1558959
155.77	0.1687172
155.775	0.1812407
155.78	0.1935492
155.785	0.2052001
155.79	0.2162303
155.795	0.2268741
155.8	0.2370804
155.805	0.2468661
155.81	0.256335
155.815	0.2654784
155.82	0.2743125
155.825	0.2828964
155.83	0.2912235
155.835	0.2995711
155.84	0.3077592
155.845	0.3157271
155.85	0.3235144
155.855	0.3311492
155.86	0.338612
155.865	0.3459873
155.87	0.3532709
155.875	0.3604219
155.88	0.3674353
155.885	0.3741779
155.89	0.3806932
155.895	0.3871051
155.9	0.3933644
155.905	0.3993286
155.91	0.4050953
155.915	0.4107532
155.92	0.4161981
155.925	0.4214236
155.93	0.4262386
155.935	0.4304935
155.94	0.4343411
155.945	0.4377254
155.95	0.439873
155.955	0.4401521
155.96	0.4387995
155.965	0.4366864
155.97	0.4339963
155.975	0.4308215
155.98	0.4271835
155.985	0.4230177
155.99	0.4187229
155.995	0.4143937
156	0.409859
156.005	0.4052671
156.01	0.4006768
156.015	0.3959627
156.02	0.3912159
156.025	0.3865246
156.03	0.3817629
156.035	0.3770223
156.04	0.3718421
156.045	0.3664659
156.05	0.3610107
156.055	0.355451
156.06	0.3497606
156.065	0.3439758
156.07	0.3379045
156.075	0.3315952
156.08	0.3251364
156.085	0.3185666
156.09	0.31193
156.095	0.3052115
156.1	0.2983541
156.105	0.2913576
156.11	0.2843093
156.115	0.2771632
156.12	0.2697826
156.125	0.2622614
156.13	0.2545225
156.135	0.2468131
156.14	0.2390394
156.145	0.2312106
156.15	0.2234688
156.155	0.2166609
156.16	0.2112481
156.165	0.2072722
156.17	0.2040298
156.175	0.2013128
156.18	0.1990669
156.185	0.1970231
156.19	0.1953032
156.195	0.1936656
156.2	0.1919732
156.205	0.1904278
156.21	0.1887417
156.215	0.1868094
156.22	0.1849209
156.225	0.1828009
156.23	0.1801765
156.235	0.1774476
156.24	0.1743339
156.245	0.1715046
156.25	0.1687612
156.255	0.1659824
156.26	0.1631533
156.265	0.1602681
156.27	0.1573298
156.275	0.1544976
156.28	0.1517082
156.285	0.1488911
156.29	0.1459024
156.295	0.1428511
156.3	0.1397324
156.305	0.1363769
156.31	0.1329501
156.315	0.129476
156.32	0.1259072
156.325	0.1223253
156.33	0.1186874
156.335	0.1150877
156.34	0.1114196
156.345	0.1080679
156.35	0.1047917
156.355	0.1014895
156.36	0.09810599
156.365	0.09519006
156.37	0.09253066
156.375	0.08978963
156.38	0.08707576
156.385	0.08430232
156.39	0.08183026
156.395	0.07960487
156.4	0.07734958
156.405	0.07510141
156.41	0.0727966
156.415	0.07079597
156.42	0.06917197
156.425	0.06752367
156.43	0.06628975
156.435	0.06582396
156.44	0.06550188
156.445	0.06565544
156.45	0.06640998
156.455	0.06715647
156.46	0.06785931
156.465	0.06870645
156.47	0.06958646
156.475	0.07056531
156.48	0.07163216
156.485	0.07277282
156.49	0.07393911
156.495	0.07523153
156.5	0.07668665
156.505	0.07824115
156.51	0.07998164
156.515	0.08170313
156.52	0.08345729
156.525	0.08519892
156.53	0.08693123
156.535	0.08867841
156.54	0.0904723
156.545	0.09224897
156.55	0.09417503
156.555	0.09608351
156.56	0.09813256
156.565	0.1001908
156.57	0.1020545
156.575	0.1037123
156.58	0.1053597
156.585	0.1068852
156.59	0.1083678
156.595	0.1098627
156.6	0.1113695
156.605	0.1128602
156.61	0.1143131
156.615	0.1157473
156.62	0.1170053
156.625	0.1181058
156.63	0.119195
156.635	0.1201644
156.64	0.1210004
156.645	0.1218344
156.65	0.1225971
156.655	0.1229122
156.66	0.1232398
156.665	0.123576
156.67	0.1238489
156.675	0.1241728
156.68	0.1243786
156.685	0.1245969
156.69	0.1247958
156.695	0.1249531
156.7	0.1250894
156.705	0.125033
156.71	0.124832
156.715	0.1245894
156.72	0.1243421
156.725	0.1240432
156.73	0.1236927
156.735	0.1233511
156.74	0.1229489
156.745	0.122465
156.75	0.1219311
156.755	0.1210143
156.76	0.1200885
156.765	0.1188708
156.77	0.1175657
156.775	0.116301
156.78	0.1150851
156.785	0.1138324
156.79	0.1126195
156.795	0.1114501
156.8	0.1102117
156.805	0.108894
156.81	0.1074875
156.815	0.1060843
156.82	0.1046615
156.825	0.1032964
156.83	0.1019954
156.835	0.1006879
156.84	0.09943753
156.845	0.09821448
156.85	0.09694813
156.855	0.09572562
156.86	0.09462504
156.865	0.0934843
156.87	0.0923619
156.875	0.09121438
156.88	0.08995137
156.885	0.08873911
156.89	0.08746072
156.895	0.08618303
156.9	0.0849335
156.905	0.08367193
156.91	0.0825403
156.915	0.08153611
156.92	0.08055531
156.925	0.07960236
156.93	0.07861709
156.935	0.07769113
156.94	0.07667729
156.945	0.07572396
156.95	0.07482549
156.955	0.07399064
156.96	0.07353125
156.965	0.07303114
156.97	0.07275717
156.975	0.07255223
156.98	0.07241328
156.985	0.07231335
156.99	0.07222584
156.995	0.07213847
157	0.07182868
157.005	0.07159604
157.01	0.07143995
157.015	0.07133127
157.02	0.07114
157.025	0.0709613
157.03	0.07079687
157.035	0.07063513
157.04	0.07046379
157.045	0.07028076
157.05	0.07013855
157.055	0.07002784
157.06	0.06990777
157.065	0.06992738
157.07	0.07000676
157.075	0.07002533
157.08	0.06997521
157.085	0.06998399
157.09	0.07000848
157.095	0.07006654
157.1	0.07009061
157.105	0.07007187
157.11	0.07007136
157.115	0.07005691
157.12	0.06996504
157.125	0.06985619
157.13	0.06966788
157.135	0.06946942
157.14	0.0692141
157.145	0.06897466
157.15	0.06868049
157.155	0.06836102
157.16	0.06798507
157.165	0.06752006
157.17	0.06708426
157.175	0.06669245
157.18	0.06628634
157.185	0.06576161
157.19	0.06522494
157.195	0.06474426
157.2	0.06423051
157.205	0.06386301
157.21	0.06342656
157.215	0.06293349
157.22	0.06245913
157.225	0.06203809
157.23	0.06159347
157.235	0.06113742
157.24	0.06067569
157.245	0.0602006
157.25	0.05972249
157.255	0.05922187
157.26	0.05870428
157.265	0.05818951
157.27	0.05765817
157.275	0.05702057
157.28	0.05636839
157.285	0.05580829
157.29	0.05526845
157.295	0.05473169
157.3	0.05419053
157.305	0.05367711
157.31	0.05316047
157.315	0.05265467
157.32	0.05215475
157.325	0.05170714
157.33	0.05129428
157.335	0.05089424
157.34	0.0505447
157.345	0.05023854
157.35	0.04996516
157.355	0.04972712
157.36	0.04951917
157.365	0.04933935
157.37	0.04920845
157.375	0.04907986
157.38	0.04883269
157.385	0.0485391
157.39	0.04832021
157.395	0.04802124
157.4	0.04758662
157.405	0.0471501
157.41	0.04667715
157.415	0.04621337
157.42	0.04577277
157.425	0.04532551
157.43	0.04487477
157.435	0.04443489
157.44	0.04399676
157.445	0.04355872
157.45	0.04312511
157.455	0.04267636
157.46	0.04225221
157.465	0.04183238
157.47	0.04142498
157.475	0.04102461
157.48	0.04068801
157.485	0.04039445
157.49	0.04011183
157.495	0.03978333
157.5	0.03941454
157.505	0.03903384
157.51	0.03863436
157.515	0.03826915
157.52	0.03780757
157.525	0.03735567
157.53	0.03689734
157.535	0.03641687
157.54	0.03598951
157.545	0.03554977
157.55	0.03508939
157.555	0.03463492
157.56	0.03415723
157.565	0.0336437
157.57	0.03312107
157.575	0.0325968
157.58	0.0320601
157.585	0.03161352
157.59	0.03122742
157.595	0.03085384
157.6	0.03054771
157.605	0.0303016
157.61	0.03007358
157.615	0.02991268
157.62	0.02979138
157.625	0.02968947
157.63	0.02962259
157.635	0.02956033
157.64	0.02949726
157.645	0.0294352
157.65	0.02937821
157.655	0.02932844
157.66	0.02929845
157.665	0.02921973
157.67	0.02914882
157.675	0.02904158
157.68	0.02893949
157.685	0.02884366
157.69	0.02875191
157.695	0.02865253
157.7	0.02862608
157.705	0.02861674
157.71	0.02861141
157.715	0.02861957
157.72	0.02860998
157.725	0.02867757
157.73	0.02871241
157.735	0.0288407
157.74	0.02891241
157.745	0.02895068
157.75	0.02900232
157.755	0.02906266
157.76	0.02910611
157.765	0.02917376
157.77	0.0292781
157.775	0.02942086
157.78	0.02957321
157.785	0.02977334
157.79	0.03003779
157.795	0.03033383
157.8	0.03060036
157.805	0.03092492
157.81	0.03128449
157.815	0.03168093
157.82	0.03202485
157.825	0.03239863
157.83	0.03277993
157.835	0.03309991
157.84	0.03342467
157.845	0.03379994
157.85	0.03418007
157.855	0.03454048
157.86	0.03496599
157.865	0.03560294
157.87	0.03625143
157.875	0.03691103
157.88	0.03759385
157.885	0.03826031
157.89	0.03891152
157.895	0.03954122
157.9	0.04017966
157.905	0.04076387
157.91	0.04134414
157.915	0.04191917
157.92	0.04248615
157.925	0.04305202
157.93	0.04388507
157.935	0.04488168
157.94	0.04575942
157.945	0.04670071
157.95	0.04777546
157.955	0.04883946
157.96	0.04988325
157.965	0.05093129
157.97	0.05195018
157.975	0.05300694
157.98	0.05412466
157.985	0.05521551
157.99	0.05623591
157.995	0.05720596
158	0.05816003
158.005	0.05910358
158.01	0.05999415
158.015	0.06092913
158.02	0.0618285
158.025	0.06286091
158.03	0.06397141
158.035	0.06520848
158.04	0.06642954
158.045	0.06762856
158.05	0.06875216
158.055	0.06984892
158.06	0.07101984
158.065	0.07219192
158.07	0.07320314
158.075	0.07426911
158.08	0.07548094
158.085	0.07711336
158.09	0.07915193
158.095	0.08129531
158.1	0.0835
158.105	0.08669253
158.11	0.09204205
158.115	0.09825349
158.12	0.1048579
158.125	0.1114227
158.13	0.1182938
158.135	0.1261341
158.14	0.1344108
158.145	0.1428993
158.15	0.1516239
158.155	0.1615807
158.16	0.1738108
158.165	0.1886056
158.17	0.2036493
158.175	0.2180446
158.18	0.2317164
158.185	0.2445781
158.19	0.2568142
158.195	0.2688101
158.2	0.2808313
158.205	0.2927369
158.21	0.3045555
158.215	0.3163028
158.22	0.327799
158.225	0.339046
158.23	0.3500091
158.235	0.3607949
158.24	0.3715854
158.245	0.382216
158.25	0.3925914
158.255	0.4028379
158.26	0.4129966
158.265	0.4229902
158.27	0.4329578
158.275	0.4427302
158.28	0.4522692
158.285	0.4615799
158.29	0.4706813
158.295	0.479624
158.3	0.4883621
158.305	0.4969171
158.31	0.5050098
158.315	0.5122671
158.32	0.5190758
158.325	0.5255084
158.33	0.5317158
158.335	0.5375692
158.34	0.5426828
158.345	0.5473034
158.35	0.5515575
158.355	0.5553764
158.36	0.5581562
158.365	0.559191
158.37	0.5579992
158.375	0.5558352
158.38	0.5533575
158.385	0.5507155
158.39	0.5480723
158.395	0.5454092
158.4	0.5424301
158.405	0.5388704
158.41	0.5348986
158.415	0.5304632
158.42	0.5255607
158.425	0.5204008
158.43	0.515007
158.435	0.5094119
158.44	0.5035176
158.445	0.4970139
158.45	0.4902069
158.455	0.4833495
158.46	0.4761695
158.465	0.4685878
158.47	0.4606974
158.475	0.4522477
158.48	0.4435794
158.485	0.4347496
158.49	0.4257114
158.495	0.4162831
158.5	0.4063487
158.505	0.3961705
158.51	0.385726
158.515	0.3751189
158.52	0.3645001
158.525	0.3536246
158.53	0.3425896
158.535	0.331305
158.54	0.319834
158.545	0.3085215
158.55	0.2971091
158.555	0.2855152
158.56	0.2738458
158.565	0.2627295
158.57	0.2529528
158.575	0.2452369
158.58	0.2384116
158.585	0.2317629
158.59	0.2250879
158.595	0.2182082
158.6	0.2110846
158.605	0.2040935
158.61	0.197643
158.615	0.1914202
158.62	0.1856286
158.625	0.1803163
158.63	0.1750831
158.635	0.1699659
158.64	0.1648991
158.645	0.1599303
158.65	0.1557216
158.655	0.1517133
158.66	0.1470556
158.665	0.1426118
158.67	0.1385882
158.675	0.1348338
158.68	0.1317338
158.685	0.1286835
158.69	0.1255587
158.695	0.1224412
158.7	0.1197323
158.705	0.1176036
158.71	0.1154824
158.715	0.1133559
158.72	0.1113856
158.725	0.1098416
158.73	0.108715
158.735	0.1077152
158.74	0.1067414
158.745	0.1058027
158.75	0.1049027
158.755	0.1041743
158.76	0.1034268
158.765	0.1026517
158.77	0.1019012
158.775	0.1013935
158.78	0.1010246
158.785	0.1006189
158.79	0.1001506
158.795	0.09969228
158.8	0.0992447
158.805	0.09880705
158.81	0.09844622
158.815	0.09801578
158.82	0.0977136
158.825	0.09737797
158.83	0.09676259
158.835	0.09618225
158.84	0.09557043
158.845	0.0949619
158.85	0.09452504
158.855	0.09409917
158.86	0.09371464
158.865	0.09379893
158.87	0.09388891
158.875	0.0937741
158.88	0.09350192
158.885	0.09318806
158.89	0.09287077
158.895	0.09254667
158.9	0.09223625
158.905	0.09190844
158.91	0.091583
158.915	0.0912756
158.92	0.09098569
158.925	0.0907224
158.93	0.09046572
158.935	0.09016437
158.94	0.08973626
158.945	0.08924581
158.95	0.08873604
158.955	0.08823054
158.96	0.08769294
158.965	0.08722961
158.97	0.08680636
158.975	0.08639793
158.98	0.08579638
158.985	0.08519045
158.99	0.08453178
158.995	0.08391911
159	0.08332326
159.005	0.08270113
159.01	0.08210928
159.015	0.08139556
159.02	0.08072741
159.025	0.07993021
159.03	0.07906909
159.035	0.07840579
159.04	0.07783194
159.045	0.07730333
159.05	0.07682016
159.055	0.07633457
159.06	0.07571208
159.065	0.07506748
159.07	0.07438922
159.075	0.07370684
159.08	0.07314888
159.085	0.07269064
159.09	0.07225346
159.095	0.07179954
159.1	0.07134999
159.105	0.07091972
159.11	0.07050201
159.115	0.07007387
159.12	0.06961716
159.125	0.06913038
159.13	0.06855439
159.135	0.06786771
159.14	0.06719341
159.145	0.0665435
159.15	0.06587768
159.155	0.06528253
159.16	0.06470027
159.165	0.06414697
159.17	0.06357476
159.175	0.06293099
159.18	0.06225336
159.185	0.06165346
159.19	0.06107117
159.195	0.06056376
159.2	0.06000656
159.205	0.05944784
159.21	0.05888633
159.215	0.05833027
159.22	0.05790043
159.225	0.05746272
159.23	0.05716433
159.235	0.05695494
159.24	0.05679397
159.245	0.05653501
159.25	0.05620553
159.255	0.0558324
159.26	0.05532052
159.265	0.05490251
159.27	0.05449947
159.275	0.05415519
159.28	0.05381925
159.285	0.05352843
159.29	0.05328378
159.295	0.05304465
159.3	0.05282
159.305	0.05263301
159.31	0.05242711
159.315	0.05225613
159.32	0.05218611
159.325	0.052158
159.33	0.05219227
159.335	0.05237395
159.34	0.05272764
159.345	0.05312984
159.35	0.05359604
159.355	0.05411868
159.36	0.0545297
159.365	0.05490591
159.37	0.05526089
159.375	0.05562389
159.38	0.05602268
159.385	0.05640843
159.39	0.05682431
159.395	0.05721388
159.4	0.05760088
159.405	0.05804673
159.41	0.05855294
159.415	0.05914456
159.42	0.0598076
159.425	0.06055777
159.43	0.06149329
159.435	0.06259111
159.44	0.06381121
159.445	0.06518416
159.45	0.06680898
159.455	0.06869789
159.46	0.07088076
159.465	0.07324375
159.47	0.07564097
159.475	0.07809821
159.48	0.08062105
159.485	0.08314441
159.49	0.08561104
159.495	0.08803606
159.5	0.09042538
159.505	0.09279067
159.51	0.09507971
159.515	0.09729248
159.52	0.09945637
159.525	0.1014982
159.53	0.1034411
159.535	0.1052899
159.54	0.1070229
159.545	0.1086615
159.55	0.1102396
159.555	0.1117716
159.56	0.1132635
159.565	0.1147592
159.57	0.1162771
159.575	0.1177848
159.58	0.1192795
159.585	0.1207802
159.59	0.1222906
159.595	0.1237795
159.6	0.1252601
159.605	0.1267281
159.61	0.1281601
159.615	0.1295355
159.62	0.1308363
159.625	0.1320326
159.63	0.1330739
159.635	0.1339278
159.64	0.1346171
159.645	0.1351455
159.65	0.1354551
159.655	0.1355319
159.66	0.1353337
159.665	0.1347971
159.67	0.1340714
159.675	0.1332311
159.68	0.132232
159.685	0.1310348
159.69	0.129715
159.695	0.1283022
159.7	0.126775
159.705	0.1251892
159.71	0.1235238
159.715	0.1218131
159.72	0.1200886
159.725	0.1182982
159.73	0.1164954
159.735	0.1147115
159.74	0.1129434
159.745	0.1111877
159.75	0.1094305
159.755	0.1077083
159.76	0.1059831
159.765	0.10424
159.77	0.1024579
159.775	0.1005694
159.78	0.09863574
159.785	0.09665883
159.79	0.0945769
159.795	0.09239991
159.8	0.09016659
159.805	0.087863
159.81	0.08548318
159.815	0.08302443
159.82	0.08048412
159.825	0.07787363
159.83	0.07523574
159.835	0.07263737
159.84	0.07010978
159.845	0.06763206
159.85	0.06524253
159.855	0.06301313
159.86	0.06097106
159.865	0.05917542
159.87	0.0577085
159.875	0.05643027
159.88	0.05525608
159.885	0.05419865
159.89	0.05336541
159.895	0.05266053
159.9	0.05206342
159.905	0.05161097
159.91	0.05119145
159.915	0.05083643
159.92	0.05054184
159.925	0.05025995
159.93	0.05000781
159.935	0.04976254
159.94	0.04946648
159.945	0.04910546
159.95	0.04875078
159.955	0.04837113
159.96	0.04776328
159.965	0.04709672
159.97	0.04642464
159.975	0.04575107
159.98	0.04513276
159.985	0.04451467
159.99	0.04390291
159.995	0.0433794
160	0.04288602
160.005	0.0424011
160.01	0.04192543
160.015	0.04145964
160.02	0.04100853
160.025	0.04060079
160.03	0.04027934
160.035	0.04001261
160.04	0.03977579
160.045	0.03960099
160.05	0.03949452
160.055	0.03934546
160.06	0.03920595
160.065	0.03905636
160.07	0.03895377
160.075	0.03889363
160.08	0.03882806
160.085	0.03874694
160.09	0.03876619
160.095	0.03912653
160.1	0.0396129
160.105	0.04013362
160.11	0.04066935
160.115	0.04122846
160.12	0.04181325
160.125	0.04242914
160.13	0.04303008
160.135	0.04368079
160.14	0.04445651
160.145	0.04522001
160.15	0.04600799
160.155	0.04678733
160.16	0.04757268
160.165	0.04852301
160.17	0.04954861
160.175	0.05060255
160.18	0.05167862
160.185	0.05274689
160.19	0.05380604
160.195	0.05482814
160.2	0.05580101
160.205	0.05679094
160.21	0.05787089
160.215	0.05899746
160.22	0.06014648
160.225	0.0612822
160.23	0.06240381
160.235	0.06346342
160.24	0.06449154
160.245	0.06553654
160.25	0.06651024
160.255	0.06741752
160.26	0.0683921
160.265	0.06934933
160.27	0.07029284
160.275	0.07117924
160.28	0.07216538
160.285	0.07314198
160.29	0.07411877
160.295	0.07507909
160.3	0.07573704
160.305	0.07628534
160.31	0.07680549
160.315	0.07733939
160.32	0.07793295
160.325	0.07868587
160.33	0.0799153
160.335	0.08111066
160.34	0.08236494
160.345	0.08356646
160.35	0.08476091
160.355	0.08606549
160.36	0.08732132
160.365	0.08865909
160.37	0.08999676
160.375	0.0912381
160.38	0.0924579
160.385	0.09422007
160.39	0.09603825
160.395	0.09781019
160.4	0.09964396
160.405	0.1015334
160.41	0.103425
160.415	0.1052751
160.42	0.1070397
160.425	0.1091665
160.43	0.111782
160.435	0.1143767
160.44	0.1171063
160.445	0.1197892
160.45	0.122673
160.455	0.1258511
160.46	0.1289734
160.465	0.1319709
160.47	0.1349095
160.475	0.1377749
160.48	0.140588
160.485	0.143299
160.49	0.1459682
160.495	0.1486302
160.5	0.151293
160.505	0.1540192
160.51	0.1567262
160.515	0.1594133
160.52	0.1620333
160.525	0.1646731
160.53	0.1673556
160.535	0.1696576
160.54	0.1721359
160.545	0.1744914
160.55	0.1767547
160.555	0.178989
160.56	0.1810774
160.565	0.1832233
160.57	0.1852508
160.575	0.1872487
160.58	0.1892585
160.585	0.191225
160.59	0.1926011
160.595	0.1941564
160.6	0.1957029
160.605	0.1971749
160.61	0.1985574
160.615	0.1999393
160.62	0.2012625
160.625	0.2025765
160.63	0.2034584
160.635	0.2037586
160.64	0.2040504
160.645	0.2041379
160.65	0.2042151
160.655	0.2039413
160.66	0.203297
160.665	0.202646
160.67	0.2020217
160.675	0.2014269
160.68	0.2008656
160.685	0.2003052
160.69	0.199757
160.695	0.1993069
160.7	0.1987881
160.705	0.1981746
160.71	0.1974686
160.715	0.1968184
160.72	0.1961831
160.725	0.1955435
160.73	0.1947011
160.735	0.1934893
160.74	0.192243
160.745	0.1906382
160.75	0.1890878
160.755	0.187609
160.76	0.1861187
160.765	0.1846671
160.77	0.1830602
160.775	0.1814949
160.78	0.179842
160.785	0.1781433
160.79	0.1764347
160.795	0.175023
160.8	0.1730353
160.805	0.1710281
160.81	0.1689845
160.815	0.1669476
160.82	0.1647592
160.825	0.1625302
160.83	0.1602889
160.835	0.1582337
160.84	0.1565393
160.845	0.1547545
160.85	0.1530683
160.855	0.1513675
160.86	0.1499
160.865	0.1485476
160.87	0.1471742
160.875	0.1457281
160.88	0.1441603
160.885	0.1424869
160.89	0.1407878
160.895	0.1389017
160.9	0.1366706
160.905	0.1344596
160.91	0.1322606
160.915	0.1300892
160.92	0.1276668
160.925	0.1250494
160.93	0.1223823
160.935	0.1198526
160.94	0.1176418
160.945	0.1155322
160.95	0.1136716
160.955	0.1116912
160.96	0.1095383
160.965	0.1073453
160.97	0.1051133
160.975	0.1029632
160.98	0.1007584
160.985	0.09866116
160.99	0.09655352
160.995	0.09440746
161	0.09221705
161.005	0.09055943
161.01	0.08887792
161.015	0.08725644
161.02	0.08565193
161.025	0.08419161
161.03	0.08278496
161.035	0.0813657
161.04	0.08013094
161.045	0.07901318
161.05	0.07799869
161.055	0.07701306
161.06	0.07599565
161.065	0.07494645
161.07	0.07409536
161.075	0.07326928
161.08	0.07249015
161.085	0.07185219
161.09	0.07135885
161.095	0.07087446
161.1	0.07070924
161.105	0.07104039
161.11	0.07135857
161.115	0.07172481
161.12	0.0720974
161.125	0.0726798
161.13	0.07341226
161.135	0.07415956
161.14	0.07491197
161.145	0.07562057
161.15	0.07637444
161.155	0.07724603
161.16	0.07815131
161.165	0.07918129
161.17	0.08019066
161.175	0.08119764
161.18	0.0822014
161.185	0.08325232
161.19	0.08414793
161.195	0.08508806
161.2	0.08603893
161.205	0.08698246
161.21	0.08793416
161.215	0.08884269
161.22	0.08969702
161.225	0.09050192
161.23	0.09128039
161.235	0.092056
161.24	0.0927913
161.245	0.09332811
161.25	0.0935915
161.255	0.09382519
161.26	0.09404803
161.265	0.09429558
161.27	0.09457448
161.275	0.09480136
161.28	0.09497791
161.285	0.09518484
161.29	0.09531595
161.295	0.09537164
161.3	0.09544699
161.305	0.0954131
161.31	0.09510104
161.315	0.09480088
161.32	0.09448468
161.325	0.09421816
161.33	0.09390927
161.335	0.09362929
161.34	0.09333695
161.345	0.09300379
161.35	0.09268449
161.355	0.09239399
161.36	0.0918876
161.365	0.09139111
161.37	0.09082109
161.375	0.09025097
161.38	0.08966522
161.385	0.08906205
161.39	0.08832177
161.395	0.08767224
161.4	0.08688842
161.405	0.08607827
161.41	0.08529095
161.415	0.084432
161.42	0.08358612
161.425	0.08274476
161.43	0.08190509
161.435	0.08106934
161.44	0.08019833
161.445	0.07930658
161.45	0.07847536
161.455	0.07777913
161.46	0.07713269
161.465	0.07645882
161.47	0.07573217
161.475	0.07493268
161.48	0.07411193
161.485	0.07332808
161.49	0.07249763
161.495	0.07171717
161.5	0.07095861
161.505	0.07013103
161.51	0.06937382
161.515	0.06885269
161.52	0.06828502
161.525	0.06771959
161.53	0.06708126
161.535	0.06648994
161.54	0.06582897
161.545	0.06516765
161.55	0.06456128
161.555	0.06395957
161.56	0.06330045
161.565	0.0627333
161.57	0.06216171
161.575	0.06164348
161.58	0.06111953
161.585	0.06062781
161.59	0.06014971
161.595	0.05985439
161.6	0.0596777
161.605	0.05976066
161.61	0.0599844
161.615	0.06024093
161.62	0.06067618
161.625	0.06124126
161.63	0.06198961
161.635	0.06299747
161.64	0.06413923
161.645	0.06542718
161.65	0.06685612
161.655	0.06838063
161.66	0.06994645
161.665	0.07141815
161.67	0.07287187
161.675	0.07433462
161.68	0.0758082
161.685	0.07730725
161.69	0.07881011
161.695	0.08030203
161.7	0.0818268
161.705	0.08344733
161.71	0.08507027
161.715	0.0866825
161.72	0.08821595
161.725	0.08974752
161.73	0.09127645
161.735	0.09274756
161.74	0.09418159
161.745	0.09559777
161.75	0.09698854
161.755	0.09832836
161.76	0.09964075
161.765	0.1009513
161.77	0.1022773
161.775	0.1035905
161.78	0.1048787
161.785	0.1061521
161.79	0.1073806
161.795	0.1085714
161.8	0.1096609
161.805	0.1105813
161.81	0.1113401
161.815	0.1119125
161.82	0.1123841
161.825	0.1127185
161.83	0.1128996
161.835	0.1128834
161.84	0.1125872
161.845	0.1121213
161.85	0.1114859
161.855	0.1106994
161.86	0.109804
161.865	0.1088335
161.87	0.1078637
161.875	0.1069033
161.88	0.1059298
161.885	0.1049395
161.89	0.1039108
161.895	0.1028081
161.9	0.1016725
161.905	0.1004252
161.91	0.09896962
161.915	0.09747926
161.92	0.0959291
161.925	0.09434709
161.93	0.09276344
161.935	0.09111445
161.94	0.08946894
161.945	0.08780091
161.95	0.08610723
161.955	0.08438757
161.96	0.08264913
161.965	0.0808788
161.97	0.07907659
161.975	0.07723446
161.98	0.07534198
161.985	0.07340343
161.99	0.07141329
161.995	0.06938737
162	0.06732673
162.005	0.06526417
162.01	0.06322343
162.015	0.06122371
162.02	0.05935527
162.025	0.05752801
162.03	0.05579688
162.035	0.05417005
162.04	0.0526881
162.045	0.05145225
162.05	0.05035181
162.055	0.04941489
162.06	0.04857598
162.065	0.04780869
162.07	0.04710326
162.075	0.04636758
162.08	0.04555433
162.085	0.0447708
162.09	0.04399059
162.095	0.04323329
162.1	0.04254087
162.105	0.04187808
162.11	0.04132821
162.115	0.04100764
162.12	0.04069732
162.125	0.04043529
162.13	0.04021292
162.135	0.03983925
162.14	0.03950648
162.145	0.03918591
162.15	0.03884498
162.155	0.03851659
162.16	0.03815084
162.165	0.03777412
162.17	0.03739476
162.175	0.03698669
162.18	0.0365753
162.185	0.03616065
162.19	0.03575017
162.195	0.03532604
162.2	0.03489198
162.205	0.03445315
162.21	0.03401642
162.215	0.0336664
162.22	0.03331417
162.225	0.03296027
162.23	0.03261202
162.235	0.03221261
162.24	0.0318149
162.245	0.03143657
162.25	0.03106337
162.255	0.03071072
162.26	0.03036161
162.265	0.03006024
162.27	0.02985068
162.275	0.0296501
162.28	0.02949202
162.285	0.02939946
162.29	0.02915831
162.295	0.02890113
162.3	0.02857507
162.305	0.02826877
162.31	0.02794918
162.315	0.02768112
162.32	0.02742679
162.325	0.02717402
162.33	0.0269012
162.335	0.02663267
162.34	0.02648326
162.345	0.0263375
162.35	0.02619056
162.355	0.02607891
162.36	0.02596305
162.365	0.02588489
162.37	0.02584105
162.375	0.02580616
162.38	0.0257889
162.385	0.02576527
162.39	0.02574195
162.395	0.02571563
162.4	0.02572733
162.405	0.02579536
162.41	0.0258711
162.415	0.02599246
162.42	0.02608647
162.425	0.02623473
162.43	0.02638133
162.435	0.02653483
162.44	0.02670584
162.445	0.02688178
162.45	0.02706824
162.455	0.02726548
162.46	0.02746456
162.465	0.02764969
162.47	0.02783814
162.475	0.02789584
162.48	0.02794136
162.485	0.02798948
162.49	0.02800491
162.495	0.02810567
162.5	0.02820101
162.505	0.02834875
162.51	0.02848277
162.515	0.02862001
162.52	0.02868112
162.525	0.02871573
162.53	0.02876901
162.535	0.02888679
162.54	0.02901278
162.545	0.02917831
162.55	0.02933045
162.555	0.02964919
162.56	0.02994529
162.565	0.03028963
162.57	0.03073211
162.575	0.03124524
162.58	0.0322257
162.585	0.03447199
162.59	0.03790999
162.595	0.04173745
162.6	0.04570815
162.605	0.04957756
162.61	0.05355033
162.615	0.05771592
162.62	0.06212494
162.625	0.06699384
162.63	0.07172393
162.635	0.07626314
162.64	0.08067441
162.645	0.08486497
162.65	0.08885536
162.655	0.09267163
162.66	0.09644505
162.665	0.1000888
162.67	0.1036072
162.675	0.1070631
162.68	0.1105356
162.685	0.1139285
162.69	0.1173692
162.695	0.1207161
162.7	0.1239768
162.705	0.1272665
162.71	0.1305933
162.715	0.1339705
162.72	0.137303
162.725	0.140704
162.73	0.1444532
162.735	0.1482921
162.74	0.15207
162.745	0.1557741
162.75	0.1595426
162.755	0.1633045
162.76	0.1670585
162.765	0.1707632
162.77	0.1743822
162.775	0.1779415
162.78	0.1814002
162.785	0.184644
162.79	0.1873644
162.795	0.1895263
162.8	0.191376
162.805	0.1930401
162.81	0.1947396
162.815	0.1961978
162.82	0.1974223
162.825	0.198314
162.83	0.1988279
162.835	0.1992538
162.84	0.1998098
162.845	0.2004247
162.85	0.2011136
162.855	0.2024131
162.86	0.2041627
162.865	0.2064687
162.87	0.2101189
162.875	0.2156013
162.88	0.2231194
162.885	0.2326666
162.89	0.2441089
162.895	0.256185
162.9	0.269411
162.905	0.2831723
162.91	0.2962101
162.915	0.3092352
162.92	0.3226691
162.925	0.3357951
162.93	0.3485948
162.935	0.3609901
162.94	0.3728908
162.945	0.384414
162.95	0.3957208
162.955	0.4071895
162.96	0.4183113
162.965	0.429076
162.97	0.4397891
162.975	0.4503696
162.98	0.4608941
162.985	0.4713249
162.99	0.481564
162.995	0.4917004
163	0.5017759
163.005	0.5117086
163.01	0.5214705
163.015	0.5310426
163.02	0.5405505
163.025	0.5499147
163.03	0.5591736
163.035	0.5682975
163.04	0.5772665
163.045	0.5859799
163.05	0.594615
163.055	0.6031396
163.06	0.6111403
163.065	0.6187424
163.07	0.6258259
163.075	0.6319605
163.08	0.63676
163.085	0.6400436
163.09	0.6416526
163.095	0.6415382
163.1	0.6404339
163.105	0.6379259
163.11	0.6343852
163.115	0.630838
163.12	0.6266743
163.125	0.621432
163.13	0.6158706
163.135	0.6099675
163.14	0.6036478
163.145	0.5972287
163.15	0.5907146
163.155	0.5839594
163.16	0.5763208
163.165	0.5685621
163.17	0.5607129
163.175	0.552386
163.18	0.5437257
163.185	0.5345712
163.19	0.5250123
163.195	0.5152545
163.2	0.5052664
163.205	0.4949851
163.21	0.4844817
163.215	0.4737313
163.22	0.4625947
163.225	0.4510309
163.23	0.4391642
163.235	0.4269761
163.24	0.4144453
163.245	0.4015455
163.25	0.3882939
163.255	0.374217
163.26	0.3594149
163.265	0.3443594
163.27	0.3288755
163.275	0.313068
163.28	0.2972076
163.285	0.2819021
163.29	0.2673248
163.295	0.2538925
163.3	0.2419601
163.305	0.2308013
163.31	0.2210081
163.315	0.2122726
163.32	0.2031779
163.325	0.1946257
163.33	0.1874629
163.335	0.1805183
163.34	0.1738659
163.345	0.1678041
163.35	0.1616396
163.355	0.1553153
163.36	0.1490167
163.365	0.1441736
163.37	0.1392418
163.375	0.1340885
163.38	0.1295371
163.385	0.125273
163.39	0.1216453
163.395	0.1184545
163.4	0.1152308
163.405	0.1120524
163.41	0.1089846
163.415	0.106008
163.42	0.1030262
163.425	0.1004279
163.43	0.09811557
163.435	0.0958216
163.44	0.09348198
163.445	0.09120588
163.45	0.08885795
163.455	0.08650622
163.46	0.08505214
163.465	0.08403856
163.47	0.08290353
163.475	0.08180123
163.48	0.08070591
163.485	0.0799787
163.49	0.07922813
163.495	0.07888273
163.5	0.07887566
163.505	0.07896571
163.51	0.07910837
163.515	0.0794458
163.52	0.07978476
163.525	0.08010705
163.53	0.0804647
163.535	0.08081704
163.54	0.08106416
163.545	0.08130866
163.55	0.08148438
163.555	0.08176202
163.56	0.08198559
163.565	0.08230249
163.57	0.08255964
163.575	0.08278617
163.58	0.08310813
163.585	0.08348031
163.59	0.0838453
163.595	0.0842321
163.6	0.08460756
163.605	0.08498302
163.61	0.08524363
163.615	0.08549982
163.62	0.08534422
163.625	0.08518975
163.63	0.08502961
163.635	0.0849685
163.64	0.08486683
163.645	0.08472405
163.65	0.08454599
163.655	0.08440435
163.66	0.08426933
163.665	0.08411357
163.67	0.08394665
163.675	0.08372295
163.68	0.08346712
163.685	0.08321254
163.69	0.08288654
163.695	0.08256033
163.7	0.08220442
163.705	0.08177747
163.71	0.08136206
163.715	0.08096425
163.72	0.08060059
163.725	0.08026179
163.73	0.07993228
163.735	0.07965392
163.74	0.07939489
163.745	0.07920263
163.75	0.07900823
163.755	0.07871682
163.76	0.07826833
163.765	0.07786223
163.77	0.07736562
163.775	0.07688814
163.78	0.076477
163.785	0.07605122
163.79	0.07548523
163.795	0.07493785
163.8	0.07439192
163.805	0.07384818
163.81	0.07330569
163.815	0.07282467
163.82	0.07235599
163.825	0.07209225
163.83	0.07182621
163.835	0.0715766
163.84	0.07108021
163.845	0.07060102
163.85	0.07011738
163.855	0.06962191
163.86	0.06906815
163.865	0.06851614
163.87	0.067997
163.875	0.06748801
163.88	0.06704318
163.885	0.06662707
163.89	0.0661386
163.895	0.06569102
163.9	0.06523504
163.905	0.06479625
163.91	0.06439978
163.915	0.06399161
163.92	0.06350134
163.925	0.06288462
163.93	0.06228984
163.935	0.06168752
163.94	0.06099591
163.945	0.06029985
163.95	0.05956789
163.955	0.05883069
163.96	0.05817416
163.965	0.05761598
163.97	0.05700232
163.975	0.05643574
163.98	0.05581265
163.985	0.05506778
163.99	0.05432101
163.995	0.05366591
164	0.05300495
164.005	0.05232601
164.01	0.05163971
164.015	0.05102094
164.02	0.05039602
164.025	0.04975445
164.03	0.04912678
164.035	0.04849212
164.04	0.04781362
164.045	0.04732862
164.05	0.04685566
164.055	0.04641466
164.06	0.04600285
164.065	0.04564302
164.07	0.04525519
164.075	0.04483817
164.08	0.04442949
164.085	0.04405685
164.09	0.04368213
164.095	0.04336351
164.1	0.04304537
164.105	0.04271822
164.11	0.04240045
164.115	0.04209628
164.12	0.04174613
164.125	0.04150911
164.13	0.04138831
164.135	0.04119183
164.14	0.04098284
164.145	0.04084494
164.15	0.04074264
164.155	0.04066265
164.16	0.04060712
164.165	0.04061365
164.17	0.04068034
164.175	0.0408934
164.18	0.04113006
164.185	0.04145078
164.19	0.04189651
164.195	0.04239422
164.2	0.04291052
164.205	0.04341518
164.21	0.0440628
164.215	0.04472583
164.22	0.04521538
164.225	0.04577836
164.23	0.04635939
164.235	0.04695842
164.24	0.04758957
164.245	0.04825557
164.25	0.04887664
164.255	0.0494503
164.26	0.05005695
164.265	0.05067059
164.27	0.05128151
164.275	0.05194343
164.28	0.05262021
164.285	0.0532702
164.29	0.05391359
164.295	0.05454839
164.3	0.05518083
164.305	0.05581916
164.31	0.05648091
164.315	0.05712933
164.32	0.05774931
164.325	0.05842293
164.33	0.05905155
164.335	0.05965291
164.34	0.06028869
164.345	0.06092603
164.35	0.06151055
164.355	0.06205464
164.36	0.06259129
164.365	0.06309442
164.37	0.06358875
164.375	0.06401209
164.38	0.06430175
164.385	0.06456978
164.39	0.06481542
164.395	0.0649864
164.4	0.06511164
164.405	0.0652102
164.41	0.06523332
164.415	0.06506902
164.42	0.06487248
164.425	0.06472074
164.43	0.06446023
164.435	0.0641495
164.44	0.06382221
164.445	0.06342687
164.45	0.06300058
164.455	0.06258664
164.46	0.06217683
164.465	0.06169087
164.47	0.06117541
164.475	0.06062963
164.48	0.06000371
164.485	0.05935275
164.49	0.05870387
164.495	0.05802176
164.5	0.05734021
164.505	0.05666268
164.51	0.05595806
164.515	0.05520651
164.52	0.05444768
164.525	0.05368707
164.53	0.05280996
164.535	0.05188931
164.54	0.05096055
164.545	0.04997745
164.55	0.04897107
164.555	0.04798339
164.56	0.0469803
164.565	0.04595842
164.57	0.04493351
164.575	0.04387448
164.58	0.04283966
164.585	0.04190351
164.59	0.0409622
164.595	0.03999325
164.6	0.03906282
164.605	0.03809874
164.61	0.03712372
164.615	0.0362241
164.62	0.03546587
164.625	0.03473546
164.63	0.0340165
164.635	0.03337864
164.64	0.03279081
164.645	0.03223351
164.65	0.03173709
164.655	0.03124399
164.66	0.03076762
164.665	0.03029172
164.67	0.02992756
164.675	0.02962149
164.68	0.02934549
164.685	0.02913293
164.69	0.02893997
164.695	0.02873429
164.7	0.028554
164.705	0.02832851
164.71	0.02805762
164.715	0.02776448
164.72	0.02751503
164.725	0.02726549
164.73	0.02701768
164.735	0.02691186
164.74	0.02689124
164.745	0.02688256
164.75	0.02690867
164.755	0.02695618
164.76	0.02701998
164.765	0.02712836
164.77	0.02728517
164.775	0.02744042
164.78	0.02761425
164.785	0.02777357
164.79	0.02787038
164.795	0.02798804
164.8	0.0281215
164.805	0.02826797
164.81	0.02848043
164.815	0.02870002
164.82	0.02891592
164.825	0.02913817
164.83	0.02932902
164.835	0.02949145
164.84	0.02966177
164.845	0.02982562
164.85	0.02994257
164.855	0.03006602
164.86	0.0302073
164.865	0.03031652
164.87	0.03044607
164.875	0.03051357
164.88	0.03055446
164.885	0.03061535
164.89	0.03068937
164.895	0.03081747
164.9	0.03099056
164.905	0.03116751
164.91	0.03136756
164.915	0.03159505
164.92	0.03184718
164.925	0.03208337
164.93	0.03231578
164.935	0.0325455
164.94	0.03273304
164.945	0.03288666
164.95	0.03302663
164.955	0.0331687
164.96	0.03328977
164.965	0.03339068
164.97	0.03348487
164.975	0.03350952
164.98	0.033538
164.985	0.03355959
164.99	0.03358568
164.995	0.03362673
165	0.03364382
165.005	0.0336701
165.01	0.03372368
165.015	0.03373964
165.02	0.03376803
165.025	0.03380797
165.03	0.03386158
165.035	0.03391467
165.04	0.03397972
165.045	0.03406735
165.05	0.0342072
165.055	0.03444549
165.06	0.03470796
165.065	0.03498569
165.07	0.0352532
165.075	0.03551469
165.08	0.03581058
165.085	0.03617898
165.09	0.03652376
165.095	0.03686813
165.1	0.03713726
165.105	0.03734223
165.11	0.03754568
165.115	0.03775631
165.12	0.03795108
165.125	0.03818848
165.13	0.03853355
165.135	0.03887431
165.14	0.03921687
165.145	0.03960914
165.15	0.0400172
165.155	0.04043301
165.16	0.04084354
165.165	0.04134771
165.17	0.04193551
165.175	0.04248079
165.18	0.04306427
165.185	0.04372062
165.19	0.04436958
165.195	0.04501584
165.2	0.04576164
165.205	0.04651885
165.21	0.04749529
165.215	0.04842425
165.22	0.04940507
165.225	0.05078557
165.23	0.05246455
165.235	0.0540739
165.24	0.05567552
165.245	0.05726109
165.25	0.0587815
165.255	0.06033634
165.26	0.0618797
165.265	0.06334772
165.27	0.06497759
165.275	0.06658229
165.28	0.06816299
165.285	0.06972222
165.29	0.07124931
165.295	0.07287108
165.3	0.07455723
165.305	0.07645659
165.31	0.07858837
165.315	0.08068314
165.32	0.08272085
165.325	0.08485642
165.33	0.08700899
165.335	0.08903785
165.34	0.09113023
165.345	0.09317198
165.35	0.09516736
165.355	0.09729817
165.36	0.09940086
165.365	0.1014603
165.37	0.1034102
165.375	0.1053176
165.38	0.1072006
165.385	0.1090922
165.39	0.1108883
165.395	0.1128524
165.4	0.1149034
165.405	0.1168914
165.41	0.1188335
165.415	0.1205608
165.42	0.1224169
165.425	0.1244176
165.43	0.1260803
165.435	0.1275239
165.44	0.1289724
165.445	0.1303944
165.45	0.1318116
165.455	0.1332416
165.46	0.1348146
165.465	0.1364292
165.47	0.1380976
165.475	0.1395851
165.48	0.1411161
165.485	0.1426995
165.49	0.1442764
165.495	0.1457671
165.5	0.1471184
165.505	0.1484815
165.51	0.1495848
165.515	0.1504038
165.52	0.1512061
165.525	0.1520607
165.53	0.1528697
165.535	0.1535669
165.54	0.1542684
165.545	0.1548431
165.55	0.155588
165.555	0.1563229
165.56	0.156903
165.565	0.1576204
165.57	0.1583673
165.575	0.159249
165.58	0.1600728
165.585	0.1608935
165.59	0.1616601
165.595	0.1626304
165.6	0.1633321
165.605	0.1638598
165.61	0.1643423
165.615	0.1648867
165.62	0.1655372
165.625	0.1660122
165.63	0.1661863
165.635	0.1664333
165.64	0.1666616
165.645	0.1668801
165.65	0.1670834
165.655	0.1672412
165.66	0.1673954
165.665	0.1671945
165.67	0.166796
165.675	0.1662929
165.68	0.1658284
165.685	0.1652816
165.69	0.1645961
165.695	0.1638598
165.7	0.1631618
165.705	0.1625171
165.71	0.161682
165.715	0.1609593
165.72	0.1603637
165.725	0.1597614
165.73	0.1590464
165.735	0.1581766
165.74	0.157352
165.745	0.1565302
165.75	0.1557609
165.755	0.1546439
165.76	0.1535006
165.765	0.1523162
165.77	0.1507899
165.775	0.1491769
165.78	0.1472908
165.785	0.1454127
165.79	0.1435021
165.795	0.1415614
165.8	0.1391563
165.805	0.1368488
165.81	0.1346038
165.815	0.1323633
165.82	0.1299356
165.825	0.1273679
165.83	0.124747
165.835	0.1222678
165.84	0.1197828
165.845	0.1173355
165.85	0.1148141
165.855	0.1122527
165.86	0.109684
165.865	0.1069693
165.87	0.1044558
165.875	0.1020861
165.88	0.09975677
165.885	0.09742509
165.89	0.09508368
165.895	0.09279828
165.9	0.09051478
165.905	0.08817364
165.91	0.08578374
165.915	0.08356921
165.92	0.08130486
165.925	0.07901121
165.93	0.07666391
165.935	0.07441615
165.94	0.0723903
165.945	0.07032316
165.95	0.06822072
165.955	0.06618544
165.96	0.06458792
165.965	0.06304302
165.97	0.06176857
165.975	0.06091801
165.98	0.06017389
165.985	0.05972322
165.99	0.05931726
165.995	0.05902237
166	0.05876118
166.005	0.05917221
166.01	0.05964866
166.015	0.06016722
166.02	0.06085922
166.025	0.06174172
166.03	0.06267666
166.035	0.06375554
166.04	0.06486016
166.045	0.06593189
166.05	0.06698004
166.055	0.06802578
166.06	0.06907132
166.065	0.07009259
166.07	0.07119439
166.075	0.0723445
166.08	0.07348298
166.085	0.07456929
166.09	0.07553851
166.095	0.07643141
166.1	0.0773646
166.105	0.07826532
166.11	0.07921815
166.115	0.08017399
166.12	0.08108663
166.125	0.08202858
166.13	0.08291603
166.135	0.08380572
166.14	0.08460054
166.145	0.0853272
166.15	0.08604618
166.155	0.08678086
166.16	0.08731562
166.165	0.08772413
166.17	0.08806021
166.175	0.08821676
166.18	0.08836115
166.185	0.08847988
166.19	0.08863345
166.195	0.08876579
166.2	0.08876482
166.205	0.08877635
166.21	0.08858563
166.215	0.08834676
166.22	0.08805004
166.225	0.08751642
166.23	0.08692683
166.235	0.08633291
166.24	0.08573559
166.245	0.0851206
166.25	0.08453398
166.255	0.08394519
166.26	0.08337013
166.265	0.08276774
166.27	0.08212983
166.275	0.08147939
166.28	0.08079338
166.285	0.08006337
166.29	0.07935746
166.295	0.0787055
166.3	0.07811696
166.305	0.07746767
166.31	0.07682897
166.315	0.07605671
166.32	0.07519498
166.325	0.0743467
166.33	0.07337258
166.335	0.07237679
166.34	0.07133849
166.345	0.07034568
166.35	0.06936456
166.355	0.06836364
166.36	0.06723014
166.365	0.06621101
166.37	0.06524854
166.375	0.06434516
166.38	0.06355377
166.385	0.06273414
166.39	0.06190193
166.395	0.06098599
166.4	0.06002452
166.405	0.05915298
166.41	0.05826764
166.415	0.05752932
166.42	0.05680358
166.425	0.0561141
166.43	0.05555906
166.435	0.05502512
166.44	0.05450543
166.445	0.05398315
166.45	0.05342255
166.455	0.05276203
166.46	0.05209432
166.465	0.05139926
166.47	0.05071734
166.475	0.05006354
166.48	0.04940281
166.485	0.04876003
166.49	0.04815088
166.495	0.04749183
166.5	0.04682782
166.505	0.0461376
166.51	0.04543812
166.515	0.04469511
166.52	0.04405896
166.525	0.04356444
166.53	0.04306334
166.535	0.04268214
166.54	0.0423666
166.545	0.04210152
166.55	0.04179635
166.555	0.04152133
166.56	0.04128815
166.565	0.04119847
166.57	0.04116405
166.575	0.04118788
166.58	0.04121165
166.585	0.04133617
166.59	0.0416571
166.595	0.04214258
166.6	0.04276973
166.605	0.04350828
166.61	0.04430694
166.615	0.04514681
166.62	0.04600706
166.625	0.04693048
166.63	0.04787938
166.635	0.04888642
166.64	0.04995204
166.645	0.05104009
166.65	0.05212835
166.655	0.05334705
166.66	0.05477234
166.665	0.05621893
166.67	0.05768023
166.675	0.05914313
166.68	0.06058244
166.685	0.0619915
166.69	0.06337135
166.695	0.06472159
166.7	0.06606124
166.705	0.06737496
166.71	0.06867106
166.715	0.06995796
166.72	0.07124197
166.725	0.07249752
166.73	0.07365544
166.735	0.07477561
166.74	0.07585598
166.745	0.07687639
166.75	0.07784849
166.755	0.07880626
166.76	0.07971382
166.765	0.08056855
166.77	0.08136166
166.775	0.08207919
166.78	0.08274322
166.785	0.08333917
166.79	0.08383277
166.795	0.08415336
166.8	0.08433058
166.805	0.08440763
166.81	0.08440263
166.815	0.08431001
166.82	0.0841596
166.825	0.08396038
166.83	0.08368827
166.835	0.08337126
166.84	0.08302356
166.845	0.0825889
166.85	0.08209885
166.855	0.08157334
166.86	0.08087805
166.865	0.07992263
166.87	0.07887499
166.875	0.07775024
166.88	0.07654697
166.885	0.07530569
166.89	0.07403958
166.895	0.07274777
166.9	0.07144295
166.905	0.07012745
166.91	0.06880768
166.915	0.06747723
166.92	0.0661251
166.925	0.06473945
166.93	0.06332168
166.935	0.061917
166.94	0.06049831
166.945	0.05906009
166.95	0.05761336
166.955	0.05615224
166.96	0.0546614
166.965	0.05316644
166.97	0.05166195
166.975	0.05017263
166.98	0.04871822
166.985	0.0472658
166.99	0.04584615
166.995	0.04447472
167	0.04322702
167.005	0.04204848
167.01	0.04093997
167.015	0.03988918
167.02	0.03894143
167.025	0.03804607
167.03	0.03718815
167.035	0.03637558
167.04	0.03556884
167.045	0.03473664
167.05	0.03401627
167.055	0.03334177
167.06	0.0326933
167.065	0.03224396
167.07	0.0321062
167.075	0.03206799
167.08	0.03212873
167.085	0.03226436
167.09	0.03242628
167.095	0.03259524
167.1	0.032768
167.105	0.03287154
167.11	0.03292715
167.115	0.03289246
167.12	0.03281527
167.125	0.03274679
167.13	0.03267576
167.135	0.03262347
167.14	0.03260359
167.145	0.03263711
167.15	0.03268564
167.155	0.03287863
167.16	0.03311717
167.165	0.03338437
167.17	0.03365607
167.175	0.03395695
167.18	0.03428974
167.185	0.03457942
167.19	0.03486494
167.195	0.03521863
167.2	0.03558482
167.205	0.03599629
167.21	0.03667989
167.215	0.03752805
167.22	0.03838627
167.225	0.03916755
167.23	0.03991695
167.235	0.04065324
167.24	0.0413886
167.245	0.04213658
167.25	0.04293987
167.255	0.04371881
167.26	0.04448509
167.265	0.04524739
167.27	0.04600044
167.275	0.04675042
167.28	0.0474926
167.285	0.04820072
167.29	0.04892817
167.295	0.04966353
167.3	0.05043536
167.305	0.05120256
167.31	0.05199939
167.315	0.05278732
167.32	0.05367796
167.325	0.05458766
167.33	0.05548097
167.335	0.05638672
167.34	0.05729491
167.345	0.05835231
167.35	0.05933274
167.355	0.06028446
167.36	0.06108404
167.365	0.06188837
167.37	0.06265923
167.375	0.06343197
167.38	0.06416992
167.385	0.06487415
167.39	0.06557225
167.395	0.06625314
167.4	0.06688442
167.405	0.06754485
167.41	0.06820044
167.415	0.0686249
167.42	0.06887012
167.425	0.06908236
167.43	0.06930961
167.435	0.0695347
167.44	0.06979474
167.445	0.07009524
167.45	0.07039017
167.455	0.0706377
167.46	0.07086515
167.465	0.07109858
167.47	0.0714443
167.475	0.07195421
167.48	0.07254008
167.485	0.07311503
167.49	0.07372673
167.495	0.07430372
167.5	0.07485773
167.505	0.07548351
167.51	0.07609499
167.515	0.07683502
167.52	0.07757166
167.525	0.07820149
167.53	0.07876627
167.535	0.07933359
167.54	0.07988187
167.545	0.08039612
167.55	0.08067454
167.555	0.08099603
167.56	0.0814862
167.565	0.08217603
167.57	0.08279466
167.575	0.08348111
167.58	0.08430652
167.585	0.08514203
167.59	0.08649538
167.595	0.08792859
167.6	0.0893838
167.605	0.09092067
167.61	0.09254688
167.615	0.09487021
167.62	0.09776771
167.625	0.1010868
167.63	0.1047155
167.635	0.1088366
167.64	0.1146155
167.645	0.1220201
167.65	0.1304652
167.655	0.1397455
167.66	0.1492355
167.665	0.1595957
167.67	0.1709008
167.675	0.1817723
167.68	0.1919556
167.685	0.201667
167.69	0.2109963
167.695	0.2200207
167.7	0.2290233
167.705	0.2381026
167.71	0.2473639
167.715	0.2567939
167.72	0.2659253
167.725	0.2748102
167.73	0.283753
167.735	0.2926226
167.74	0.3012334
167.745	0.3096356
167.75	0.3178832
167.755	0.3260351
167.76	0.3342388
167.765	0.3422523
167.77	0.350031
167.775	0.3576584
167.78	0.365161
167.785	0.3725233
167.79	0.3797375
167.795	0.3865959
167.8	0.3932941
167.805	0.3999401
167.81	0.4067848
167.815	0.4135384
167.82	0.4198419
167.825	0.425789
167.83	0.4314629
167.835	0.4368715
167.84	0.442037
167.845	0.4462712
167.85	0.4494333
167.855	0.4517134
167.86	0.4531627
167.865	0.4541035
167.87	0.45404
167.875	0.4527892
167.88	0.4512629
167.885	0.4497146
167.89	0.4480849
167.895	0.4463909
167.9	0.4445808
167.905	0.4424224
167.91	0.4398021
167.915	0.4365222
167.92	0.4326233
167.925	0.428566
167.93	0.424396
167.935	0.4197419
167.94	0.4147695
167.945	0.4097268
167.95	0.4045699
167.955	0.3992463
167.96	0.3937
167.965	0.3876289
167.97	0.3813447
167.975	0.3749533
167.98	0.3684317
167.985	0.3616812
167.99	0.3546874
167.995	0.3475558
168	0.3403875
168.005	0.3330944
168.01	0.3254559
168.015	0.316755
168.02	0.307612
168.025	0.2984307
168.03	0.289154
168.035	0.2796701
168.04	0.2700041
168.045	0.2598106
168.05	0.24986
168.055	0.2404562
168.06	0.2315192
168.065	0.2230411
168.07	0.2147355
168.075	0.2072013
168.08	0.2007297
168.085	0.1943975
168.09	0.1879023
168.095	0.1812761
168.1	0.1744677
168.105	0.1675383
168.11	0.1608091
168.115	0.154431
168.12	0.1487941
168.125	0.1438293
168.13	0.1389269
168.135	0.133963
168.14	0.1295329
168.145	0.125402
168.15	0.121163
168.155	0.1168642
168.16	0.1125718
168.165	0.1083871
168.17	0.1048684
168.175	0.101529
168.18	0.09819228
168.185	0.09477873
168.19	0.09148641
168.195	0.08829998
168.2	0.0849949
168.205	0.08153543
168.21	0.07790267
168.215	0.07451559
168.22	0.0729561
168.225	0.07186324
168.23	0.07089677
168.235	0.06995004
168.24	0.06949718
168.245	0.06905536
168.25	0.06943944
168.255	0.07008681
168.26	0.07070308
168.265	0.07129675
168.27	0.07190171
168.275	0.07253352
168.28	0.07337105
168.285	0.07427781
168.29	0.07508916
168.295	0.07592358
168.3	0.07675124
168.305	0.07758609
168.31	0.07841279
168.315	0.07910207
168.32	0.0797889
168.325	0.0803528
168.33	0.0809241
168.335	0.08146051
168.34	0.08199389
168.345	0.08253223
168.35	0.08305099
168.355	0.08356018
168.36	0.0840712
168.365	0.08457436
168.37	0.08507335
168.375	0.08558724
168.38	0.08606006
168.385	0.08639547
168.39	0.0867375
168.395	0.0870794
168.4	0.08742153
168.405	0.08776266
168.41	0.08813517
168.415	0.08844485
168.42	0.08875326
168.425	0.08907651
168.43	0.08941898
168.435	0.08957922
168.44	0.08971058
168.445	0.0892607
168.45	0.08880409
168.455	0.08832015
168.46	0.08783611
168.465	0.08739966
168.47	0.08696991
168.475	0.08653209
168.48	0.08610929
168.485	0.08530928
168.49	0.08436835
168.495	0.08343506
168.5	0.08244769
168.505	0.08148399
168.51	0.08050176
168.515	0.07952938
168.52	0.07859399
168.525	0.07767533
168.53	0.0768214
168.535	0.07595434
168.54	0.07509516
168.545	0.07430404
168.55	0.07352499
168.555	0.07268184
168.56	0.07178816
168.565	0.07087161
168.57	0.06995724
168.575	0.06903862
168.58	0.06806862
168.585	0.06716861
168.59	0.06649263
168.595	0.06593884
168.6	0.06546446
168.605	0.06521551
168.61	0.06514387
168.615	0.06533684
168.62	0.06588172
168.625	0.0667503
168.63	0.06797784
168.635	0.06950359
168.64	0.07132758
168.645	0.07325532
168.65	0.07556816
168.655	0.07801494
168.66	0.08059807
168.665	0.08320888
168.67	0.08574909
168.675	0.08823793
168.68	0.09072792
168.685	0.09319379
168.69	0.09577036
168.695	0.09833531
168.7	0.100849
168.705	0.1033061
168.71	0.1056758
168.715	0.1080185
168.72	0.1102809
168.725	0.1125142
168.73	0.1146797
168.735	0.1167893
168.74	0.1188519
168.745	0.1208792
168.75	0.1227929
168.755	0.1246443
168.76	0.1264931
168.765	0.1283499
168.77	0.1301976
168.775	0.1320401
168.78	0.133899
168.785	0.1357797
168.79	0.1376088
168.795	0.1393272
168.8	0.1409429
168.805	0.142474
168.81	0.1438459
168.815	0.1450632
168.82	0.1460459
168.825	0.1467714
168.83	0.1472023
168.835	0.1473043
168.84	0.1471614
168.845	0.1468331
168.85	0.1464332
168.855	0.1460506
168.86	0.1455614
168.865	0.1449587
168.87	0.1443968
168.875	0.1439361
168.88	0.1435564
168.885	0.1432422
168.89	0.1430016
168.895	0.1428587
168.9	0.1428164
168.905	0.1428668
168.91	0.1429763
168.915	0.1430984
168.92	0.1432208
168.925	0.1433771
168.93	0.1435283
168.935	0.1436822
168.94	0.1438372
168.945	0.1439962
168.95	0.1441561
168.955	0.1443329
168.96	0.1445244
168.965	0.1447251
168.97	0.1448965
168.975	0.145058
168.98	0.1451979
168.985	0.1452936
168.99	0.145339
168.995	0.1453773
169	0.1454311
169.005	0.1454795
169.01	0.145545
169.015	0.145671
169.02	0.1458579
169.025	0.1461727
169.03	0.1466333
169.035	0.1472381
169.04	0.1479854
169.045	0.1487714
169.05	0.1495975
169.055	0.1503471
169.06	0.1509381
169.065	0.1514665
169.07	0.151874
169.075	0.1520359
169.08	0.1519488
169.085	0.1517096
169.09	0.1513351
169.095	0.1507389
169.1	0.149948
169.105	0.1489659
169.11	0.1477945
169.115	0.1465949
169.12	0.1454264
169.125	0.1441946
169.13	0.1429049
169.135	0.1416054
169.14	0.1402964
169.145	0.1390314
169.15	0.1377747
169.155	0.1365204
169.16	0.1352967
169.165	0.1340811
169.17	0.132841
169.175	0.1316046
169.18	0.1303551
169.185	0.1290884
169.19	0.1277901
169.195	0.1264893
169.2	0.1251407
169.205	0.1237286
169.21	0.1223032
169.215	0.120849
169.22	0.1193553
169.225	0.1178239
169.23	0.1162412
169.235	0.1145759
169.24	0.1128786
169.245	0.1111748
169.25	0.1095191
169.255	0.1078383
169.26	0.1062419
169.265	0.1047325
169.27	0.103229
169.275	0.1018689
169.28	0.1007173
169.285	0.09976537
169.29	0.09883035
169.295	0.09780155
169.3	0.09695911
169.305	0.09624036
169.31	0.09564061
169.315	0.09518246
169.32	0.09454712
169.325	0.09375383
169.33	0.09299391
169.335	0.09226451
169.34	0.09152288
169.345	0.0907565
169.35	0.08979978
169.355	0.08877282
169.36	0.08769929
169.365	0.08651623
169.37	0.08524498
169.375	0.08395115
169.38	0.0826313
169.385	0.08125763
169.39	0.07984444
169.395	0.07843715
169.4	0.07697661
169.405	0.07554233
169.41	0.07416503
169.415	0.07277598
169.42	0.07139388
169.425	0.07002871
169.43	0.06866711
169.435	0.06727955
169.44	0.06592437
169.445	0.06455409
169.45	0.06313601
169.455	0.06164229
169.46	0.06017
169.465	0.05863777
169.47	0.05710719
169.475	0.055636
169.48	0.05413666
169.485	0.05259056
169.49	0.05097695
169.495	0.04944546
169.5	0.04816002
169.505	0.04682497
169.51	0.04548671
169.515	0.0441659
169.52	0.04280635
169.525	0.04166752
169.53	0.04067897
169.535	0.03969372
169.54	0.03869394
169.545	0.03768045
169.55	0.03666329
169.555	0.03586804
169.56	0.03513936
169.565	0.03440155
169.57	0.03377531
169.575	0.0332317
169.58	0.03268648
169.585	0.03214958
169.59	0.03167721
169.595	0.03127399
169.6	0.03089074
169.605	0.03059581
169.61	0.03031451
169.615	0.03004201
169.62	0.0298259
169.625	0.029589
169.63	0.02933655
169.635	0.02909004
169.64	0.02888098
169.645	0.02866587
169.65	0.02845239
169.655	0.02825841
169.66	0.02813355
169.665	0.02801681
169.67	0.0279158
169.675	0.02780407
169.68	0.02767999
169.685	0.02765505
169.69	0.02772882
169.695	0.02781813
169.7	0.02790167
169.705	0.02795649
169.71	0.02801298
169.715	0.02809613
169.72	0.02816489
169.725	0.02821115
169.73	0.02828563
169.735	0.02836925
169.74	0.02845314
169.745	0.02851412
169.75	0.02857896
169.755	0.02866143
169.76	0.02873819
169.765	0.02888237
169.77	0.02907366
169.775	0.02925657
169.78	0.02944618
169.785	0.02969315
169.79	0.02995271
169.795	0.03022657
169.8	0.03048527
169.805	0.03074673
169.81	0.03103813
169.815	0.0313538
169.82	0.03170355
169.825	0.03206619
169.83	0.03243258
169.835	0.03279465
169.84	0.03315974
169.845	0.03352147
169.85	0.03385083
169.855	0.0341958
169.86	0.03454265
169.865	0.03490008
169.87	0.03527678
169.875	0.03565922
169.88	0.03605065
169.885	0.03658347
169.89	0.03698799
169.895	0.03730805
169.9	0.03764154
169.905	0.03858959
169.91	0.03955613
169.915	0.0407358
169.92	0.04228383
169.925	0.04373664
169.93	0.04526917
169.935	0.04722603
169.94	0.04934792
169.945	0.05181648
169.95	0.05483596
169.955	0.05770342
169.96	0.06060365
169.965	0.06364947
169.97	0.06657636
169.975	0.06937137
169.98	0.07232542
169.985	0.07533929
169.99	0.07828839
169.995	0.08128725
170	0.08419501
170.005	0.08701732
170.01	0.08975173
170.015	0.09245944
170.02	0.09508203
170.025	0.097654
170.03	0.1004076
170.035	0.1032773
170.04	0.106084
170.045	0.1088427
170.05	0.1115712
170.055	0.1143079
170.06	0.1169604
170.065	0.1199766
170.07	0.1231211
170.075	0.1266076
170.08	0.1306013
170.085	0.1350934
170.09	0.1415576
170.095	0.1498974
170.1	0.1601929
170.105	0.1721263
170.11	0.1834331
170.115	0.1940793
170.12	0.2040954
170.125	0.2134746
170.13	0.222466
170.135	0.2313097
170.14	0.2398795
170.145	0.2480923
170.15	0.2559286
170.155	0.2634341
170.16	0.2708337
170.165	0.2779635
170.17	0.284793
170.175	0.2914454
170.18	0.2980689
170.185	0.3045653
170.19	0.3108772
170.195	0.317074
170.2	0.3231194
170.205	0.3291836
170.21	0.3351455
170.215	0.3410064
170.22	0.346734
170.225	0.3523859
170.23	0.3580049
170.235	0.3633956
170.24	0.3686031
170.245	0.3738254
170.25	0.3789742
170.255	0.3840639
170.26	0.3890808
170.265	0.3940488
170.27	0.3987006
170.275	0.4031812
170.28	0.4073483
170.285	0.4110965
170.29	0.4144078
170.295	0.4162473
170.3	0.4165502
170.305	0.415018
170.31	0.4116028
170.315	0.4078764
170.32	0.4041152
170.325	0.4003396
170.33	0.3965737
170.335	0.3927739
170.34	0.388656
170.345	0.384261
170.35	0.3798014
170.355	0.3752668
170.36	0.3705265
170.365	0.3655769
170.37	0.3605999
170.375	0.3556032
170.38	0.3505337
170.385	0.3451865
170.39	0.339559
170.395	0.3338144
170.4	0.3279074
170.405	0.3218629
170.41	0.3154175
170.415	0.3088146
170.42	0.3020657
170.425	0.2951821
170.43	0.2880922
170.435	0.2806423
170.44	0.2730854
170.445	0.2654008
170.45	0.2572267
170.455	0.2487592
170.46	0.2399394
170.465	0.2307044
170.47	0.2210534
170.475	0.2112104
170.48	0.2009927
170.485	0.190508
170.49	0.1798287
170.495	0.168978
170.5	0.1592458
170.505	0.1509949
170.51	0.1449323
170.515	0.1413716
170.52	0.1381645
170.525	0.1348732
170.53	0.1314491
170.535	0.1279311
170.54	0.1242962
170.545	0.1210344
170.55	0.1181264
170.555	0.1152316
170.56	0.1124053
170.565	0.1099318
170.57	0.1076223
170.575	0.105184
170.58	0.1026819
170.585	0.1001132
170.59	0.09782509
170.595	0.09591155
170.6	0.09411146
170.605	0.09237476
170.61	0.09058995
170.615	0.08927016
170.62	0.08801068
170.625	0.08671005
170.63	0.08538265
170.635	0.08409311
170.64	0.08312558
170.645	0.08214522
170.65	0.08106862
170.655	0.08036912
170.66	0.07974287
170.665	0.07908064
170.67	0.07859595
170.675	0.07812727
170.68	0.0776229
170.685	0.0770923
170.69	0.07656887
170.695	0.07611532
170.7	0.07561728
170.705	0.07519859
170.71	0.07486578
170.715	0.07469846
170.72	0.07459097
170.725	0.07448697
170.73	0.07438622
170.735	0.07433149
170.74	0.07430606
170.745	0.07427923
170.75	0.07422437
170.755	0.07439597
170.76	0.07465414
170.765	0.0749267
170.77	0.07518229
170.775	0.07546287
170.78	0.07578493
170.785	0.07610067
170.79	0.07649909
170.795	0.07688398
170.8	0.0773308
170.805	0.07762288
170.81	0.07794765
170.815	0.07833949
170.82	0.07875675
170.825	0.07908465
170.83	0.07945345
170.835	0.07982703
170.84	0.08021556
170.845	0.08057429
170.85	0.08092351
170.855	0.08129279
170.86	0.08166663
170.865	0.08195909
170.87	0.08233828
170.875	0.08267912
170.88	0.08301453
170.885	0.08335954
170.89	0.08373296
170.895	0.08410197
170.9	0.08436566
170.905	0.08464912
170.91	0.08490978
170.915	0.0850395
170.92	0.08487067
170.925	0.08460157
170.93	0.0843207
170.935	0.08405936
170.94	0.08380786
170.945	0.08350974
170.95	0.08323183
170.955	0.08300862
170.96	0.08248194
170.965	0.08176291
170.97	0.08106297
170.975	0.08035203
170.98	0.07964441
170.985	0.07893739
170.99	0.07823366
170.995	0.07741873
171	0.07661861
171.005	0.07571226
171.01	0.07490904
171.015	0.07409407
171.02	0.0733001
171.025	0.0724674
171.03	0.07167341
171.035	0.07082612
171.04	0.06997142
171.045	0.06911803
171.05	0.06836482
171.055	0.0676828
171.06	0.06705174
171.065	0.06648626
171.07	0.06601757
171.075	0.06555978
171.08	0.0651834
171.085	0.06489911
171.09	0.06462041
171.095	0.06435916
171.1	0.06432438
171.105	0.06451496
171.11	0.0649258
171.115	0.06565591
171.12	0.06662131
171.125	0.06789962
171.13	0.06930492
171.135	0.07089432
171.14	0.07251878
171.145	0.07413903
171.15	0.0757609
171.155	0.07732767
171.16	0.07877169
171.165	0.08027478
171.17	0.08188612
171.175	0.08335304
171.18	0.08481476
171.185	0.0863239
171.19	0.08785241
171.195	0.089387
171.2	0.09098561
171.205	0.09257437
171.21	0.09418627
171.215	0.09574084
171.22	0.09728242
171.225	0.09881204
171.23	0.1003425
171.235	0.1018565
171.24	0.1033568
171.245	0.1048533
171.25	0.1063026
171.255	0.1076192
171.26	0.1088442
171.265	0.1100056
171.27	0.1110879
171.275	0.1121139
171.28	0.113117
171.285	0.114042
171.29	0.1148695
171.295	0.1156786
171.3	0.1164491
171.305	0.1169661
171.31	0.117316
171.315	0.1174207
171.32	0.1172001
171.325	0.11682
171.33	0.1162785
171.335	0.1156373
171.34	0.1148169
171.345	0.11388
171.35	0.1128984
171.355	0.1119016
171.36	0.1109106
171.365	0.1099562
171.37	0.109052
171.375	0.1080852
171.38	0.1071308
171.385	0.1061497
171.39	0.1050358
171.395	0.1038371
171.4	0.1025977
171.405	0.1012912
171.41	0.09993708
171.415	0.09854366
171.42	0.09714007
171.425	0.09576933
171.43	0.09438296
171.435	0.09295769
171.44	0.09151862
171.445	0.09004984
171.45	0.08853258
171.455	0.08705468
171.46	0.08562986
171.465	0.0842091
171.47	0.08283449
171.475	0.08150487
171.48	0.080181
171.485	0.07884376
171.49	0.07754585
171.495	0.07629323
171.5	0.07502826
171.505	0.07376898
171.51	0.07268502
171.515	0.07175352
171.52	0.07101984
171.525	0.07053331
171.53	0.07019621
171.535	0.0699875
171.54	0.06981742
171.545	0.06977292
171.55	0.06981056
171.555	0.06987249
171.56	0.06992806
171.565	0.06995034
171.57	0.06994375
171.575	0.06986969
171.58	0.06978376
171.585	0.06973546
171.59	0.0696813
171.595	0.06970989
171.6	0.06977325
171.605	0.0697768
171.61	0.06976589
171.615	0.06974716
171.62	0.06974244
171.625	0.06973991
171.63	0.06955062
171.635	0.06930945
171.64	0.06907495
171.645	0.06879382
171.65	0.06852624
171.655	0.06823712
171.66	0.06781865
171.665	0.06737063
171.67	0.06694474
171.675	0.06642254
171.68	0.0658397
171.685	0.06527811
171.69	0.06471618
171.695	0.06411937
171.7	0.06351981
171.705	0.06291078
171.71	0.06230252
171.715	0.06167885
171.72	0.06096477
171.725	0.06023914
171.73	0.05948941
171.735	0.05860493
171.74	0.05772469
171.745	0.05687606
171.75	0.05597128
171.755	0.05506804
171.76	0.05414729
171.765	0.05322687
171.77	0.05234513
171.775	0.05144773
171.78	0.05056798
171.785	0.04974864
171.79	0.0489367
171.795	0.04812857
171.8	0.04731107
171.805	0.0465897
171.81	0.04595861
171.815	0.04535113
171.82	0.04477565
171.825	0.04419445
171.83	0.04359833
171.835	0.04317032
171.84	0.04279102
171.845	0.04237037
171.85	0.04202129
171.855	0.04169365
171.86	0.04140453
171.865	0.04122152
171.87	0.04107327
171.875	0.04088325
171.88	0.04076752
171.885	0.04070986
171.89	0.04059579
171.895	0.04046283
171.9	0.04035995
171.905	0.04028477
171.91	0.04022844
171.915	0.04016916
171.92	0.04011623
171.925	0.04012674
171.93	0.0401193
171.935	0.04017543
171.94	0.04036507
171.945	0.04050651
171.95	0.04061959
171.955	0.0407922
171.96	0.04095225
171.965	0.04111009
171.97	0.04123593
171.975	0.04129001
171.98	0.04135926
171.985	0.04144084
171.99	0.04149256
171.995	0.04150753
172	0.04154151
172.005	0.04160868
172.01	0.04148077
172.015	0.04133724
172.02	0.04122817
172.025	0.04110383
172.03	0.04097718
172.035	0.04085847
172.04	0.04071418
172.045	0.04057324
172.05	0.04046567
172.055	0.04029178
172.06	0.04005776
172.065	0.03982452
172.07	0.03960461
172.075	0.03936352
172.08	0.03914238
172.085	0.0389216
172.09	0.0387426
172.095	0.03856983
172.1	0.03843466
172.105	0.03829598
172.11	0.03815784
172.115	0.03802039
172.12	0.03788418
172.125	0.03780896
172.13	0.0377424
172.135	0.03768392
172.14	0.0376225
172.145	0.03754896
172.15	0.0375486
172.155	0.0375675
172.16	0.0376057
172.165	0.03770315
172.17	0.03791221
172.175	0.03835321
172.18	0.03883306
172.185	0.03937211
172.19	0.03991871
172.195	0.04047076
172.2	0.04110248
172.205	0.0417254
172.21	0.04230423
172.215	0.0429864
172.22	0.04362322
172.225	0.04422333
172.23	0.04482239
172.235	0.04544
172.24	0.04607237
172.245	0.04670312
172.25	0.04735139
172.255	0.04808258
172.26	0.0488364
172.265	0.04965433
172.27	0.05045672
172.275	0.05125679
172.28	0.05205913
172.285	0.05286931
172.29	0.05368769
172.295	0.05440379
172.3	0.0551224
172.305	0.05579588
172.31	0.05648003
172.315	0.05711484
172.32	0.05775206
172.325	0.05839451
172.33	0.05901094
172.335	0.05987953
172.34	0.06088719
172.345	0.06181671
172.35	0.06273676
172.355	0.06359671
172.36	0.06444314
172.365	0.0652702
172.37	0.06602773
172.375	0.06666113
172.38	0.06713373
172.385	0.0682378
172.39	0.07001802
172.395	0.07179346
172.4	0.0737133
172.405	0.07552047
172.41	0.07755928
172.415	0.07986875
172.42	0.08210541
172.425	0.08491969
172.43	0.08879513
172.435	0.0943496
172.44	0.1001706
172.445	0.105778
172.45	0.1125399
172.455	0.1201382
172.46	0.1281614
172.465	0.135964
172.47	0.1443364
172.475	0.1543352
172.48	0.1647164
172.485	0.1756545
172.49	0.1873305
172.495	0.1997219
172.5	0.2128677
172.505	0.2260802
172.51	0.2389048
172.515	0.2512421
172.52	0.2630045
172.525	0.2742552
172.53	0.2850584
172.535	0.2956212
172.54	0.3058274
172.545	0.3157196
172.55	0.3254401
172.555	0.3349993
172.56	0.3446709
172.565	0.3542277
172.57	0.3635904
172.575	0.3729473
172.58	0.3824197
172.585	0.3918608
172.59	0.4008921
172.595	0.4094991
172.6	0.417926
172.605	0.4262417
172.61	0.4345542
172.615	0.4426616
172.62	0.4505507
172.625	0.4583252
172.63	0.4658276
172.635	0.472861
172.64	0.4790812
172.645	0.4849802
172.65	0.4907823
172.655	0.4958704
172.66	0.5004107
172.665	0.5044883
172.67	0.5085284
172.675	0.5120182
172.68	0.5142462
172.685	0.5158262
172.69	0.5166271
172.695	0.5164513
172.7	0.5151916
172.705	0.5127382
172.71	0.509549
172.715	0.5060247
172.72	0.5023017
172.725	0.498551
172.73	0.4947899
172.735	0.4910135
172.74	0.4870113
172.745	0.482882
172.75	0.4786404
172.755	0.474194
172.76	0.4695318
172.765	0.4642675
172.77	0.458714
172.775	0.4529992
172.78	0.4468416
172.785	0.440037
172.79	0.4327764
172.795	0.4254434
172.8	0.4180647
172.805	0.410534
172.81	0.4026433
172.815	0.3942622
172.82	0.3856422
172.825	0.3767954
172.83	0.3676804
172.835	0.3582642
172.84	0.3486739
172.845	0.3393056
172.85	0.3298564
172.855	0.3200921
172.86	0.3105498
172.865	0.3008865
172.87	0.2911612
172.875	0.2807684
172.88	0.270331
172.885	0.2606894
172.89	0.2513397
172.895	0.2424122
172.9	0.2341416
172.905	0.2267917
172.91	0.220515
172.915	0.2148739
172.92	0.2094644
172.925	0.2041386
172.93	0.198675
172.935	0.192976
172.94	0.1870354
172.945	0.1811751
172.95	0.1752482
172.955	0.1692445
172.96	0.163274
172.965	0.1573356
172.97	0.1520154
172.975	0.146853
172.98	0.1416578
172.985	0.1368499
172.99	0.1327171
172.995	0.1290119
173	0.1252678
173.005	0.1214411
173.01	0.11759
173.015	0.1140902
173.02	0.1110851
173.025	0.1082015
173.03	0.1054221
173.035	0.1026747
173.04	0.100247
173.045	0.09813414
173.05	0.09596601
173.055	0.09374812
173.06	0.09160643
173.065	0.08931798
173.07	0.08748488
173.075	0.08583633
173.08	0.08481529
173.085	0.08403056
173.09	0.08325537
173.095	0.08252758
173.1	0.0817683
173.105	0.0811563
173.11	0.08059697
173.115	0.08019331
173.12	0.07988302
173.125	0.07951035
173.13	0.07909019
173.135	0.07864731
173.14	0.07831488
173.145	0.07809562
173.15	0.07786121
173.155	0.07765261
173.16	0.07743669
173.165	0.07717426
173.17	0.07690606
173.175	0.07663775
173.18	0.07638658
173.185	0.07613401
173.19	0.07593355
173.195	0.07581487
173.2	0.07574287
173.205	0.07575285
173.21	0.07577192
173.215	0.07562553
173.22	0.0753845
173.225	0.07509473
173.23	0.07485776
173.235	0.07459526
173.24	0.07432677
173.245	0.07402283
173.25	0.07371318
173.255	0.07342914
173.26	0.0730176
173.265	0.07260195
173.27	0.07224535
173.275	0.07190719
173.28	0.07159687
173.285	0.07133631
173.29	0.07111704
173.295	0.07090504
173.3	0.07053787
173.305	0.07027249
173.31	0.0699885
173.315	0.06973916
173.32	0.06941634
173.325	0.06901601
173.33	0.06865381
173.335	0.0683004
173.34	0.06798345
173.345	0.06766388
173.35	0.06727446
173.355	0.06688972
173.36	0.06653729
173.365	0.06620822
173.37	0.06591029
173.375	0.06560594
173.38	0.06529902
173.385	0.06496891
173.39	0.06462409
173.395	0.0642111
173.4	0.06377551
173.405	0.06333255
173.41	0.06273595
173.415	0.06221362
173.42	0.06183796
173.425	0.06150636
173.43	0.0612096
173.435	0.06084837
173.44	0.06055439
173.445	0.06026367
173.45	0.06003211
173.455	0.05983217
173.46	0.05969016
173.465	0.05977746
173.47	0.05996608
173.475	0.06019298
173.48	0.06058861
173.485	0.06134668
173.49	0.06233479
173.495	0.06350799
173.5	0.06493426
173.505	0.06662817
173.51	0.068387
173.515	0.07015801
173.52	0.07172619
173.525	0.07327154
173.53	0.07483269
173.535	0.07636345
173.54	0.07788058
173.545	0.07937417
173.55	0.08085596
173.555	0.0823482
173.56	0.08382082
173.565	0.08532836
173.57	0.08682108
173.575	0.08828501
173.58	0.08974644
173.585	0.09118579
173.59	0.09262498
173.595	0.09404251
173.6	0.09547009
173.605	0.09691798
173.61	0.09838196
173.615	0.09988834
173.62	0.1013639
173.625	0.1027784
173.63	0.1041928
173.635	0.1056163
173.64	0.1070119
173.645	0.1084043
173.65	0.1097999
173.655	0.111157
173.66	0.1124758
173.665	0.1137394
173.67	0.1148899
173.675	0.1159587
173.68	0.116995
173.685	0.1178852
173.69	0.1184338
173.695	0.1187859
173.7	0.1189792
173.705	0.1189542
173.71	0.1187579
173.715	0.1184925
173.72	0.1182639
173.725	0.1181523
173.73	0.1181312
173.735	0.1181877
173.74	0.1183266
173.745	0.1185093
173.75	0.1187184
173.755	0.1189296
173.76	0.1191404
173.765	0.1193906
173.77	0.1195713
173.775	0.1197346
173.78	0.1199431
173.785	0.1201523
173.79	0.1203633
173.795	0.1205531
173.8	0.1207398
173.805	0.1209092
173.81	0.1210466
173.815	0.1211486
173.82	0.1212132
173.825	0.1212181
173.83	0.121229
173.835	0.1212103
173.84	0.1211357
173.845	0.1210156
173.85	0.1207972
173.855	0.1205465
173.86	0.1202862
173.865	0.1200313
173.87	0.119767
173.875	0.1195198
173.88	0.1192759
173.885	0.1190209
173.89	0.1187911
173.895	0.1186563
173.9	0.1185676
173.905	0.1184836
173.91	0.1183965
173.915	0.1182933
173.92	0.1181262
173.925	0.117813
173.93	0.1173646
173.935	0.1167626
173.94	0.1159816
173.945	0.1150422
173.95	0.1140174
173.955	0.112859
173.96	0.1116109
173.965	0.1103172
173.97	0.1089075
173.975	0.1074999
173.98	0.1060689
173.985	0.1045185
173.99	0.1029058
173.995	0.1012675
174	0.09961479
174.005	0.09794115
174.01	0.09625709
174.015	0.09456334
174.02	0.09285354
174.025	0.09114828
174.03	0.08947867
174.035	0.08778351
174.04	0.08608973
174.045	0.08439814
174.05	0.08274466
174.055	0.08113302
174.06	0.07948466
174.065	0.07781172
174.07	0.07608282
174.075	0.07433764
174.08	0.07257436
174.085	0.07077046
174.09	0.06892594
174.095	0.06706211
174.1	0.06523077
174.105	0.06342415
174.11	0.06165693
174.115	0.05994194
174.12	0.05832476
174.125	0.05682256
174.13	0.05551018
174.135	0.05435075
174.14	0.05331344
174.145	0.05246382
174.15	0.05175323
174.155	0.05104576
174.16	0.05050202
174.165	0.05007808
174.17	0.04970287
174.175	0.04944013
174.18	0.0491851
174.185	0.0489183
174.19	0.0487379
174.195	0.04862738
174.2	0.0484977
174.205	0.04836188
174.21	0.04822632
174.215	0.04806522
174.22	0.0478679
174.225	0.04762375
174.23	0.04734449
174.235	0.04704362
174.24	0.04674353
174.245	0.04639271
174.25	0.04605002
174.255	0.04569588
174.26	0.04536005
174.265	0.04505987
174.27	0.04477677
174.275	0.04452383
174.28	0.04427738
174.285	0.04404344
174.29	0.0438529
174.295	0.04371099
174.3	0.04359256
174.305	0.04347096
174.31	0.04331648
174.315	0.04315917
174.32	0.04303683
174.325	0.04288922
174.33	0.042698
174.335	0.04237997
174.34	0.04197348
174.345	0.04158142
174.35	0.04117756
174.355	0.04074177
174.36	0.04035601
174.365	0.03997425
174.37	0.03958823
174.375	0.03919797
174.38	0.03881746
174.385	0.03847686
174.39	0.03821177
174.395	0.03798329
174.4	0.03772174
174.405	0.03747408
174.41	0.03723093
174.415	0.03698553
174.42	0.03681882
174.425	0.03674349
174.43	0.03672311
174.435	0.03671896
174.44	0.03671028
174.445	0.03671878
174.45	0.03682166
174.455	0.03692873
174.46	0.03709315
174.465	0.03731324
174.47	0.03763822
174.475	0.03794917
174.48	0.03830675
174.485	0.03866372
174.49	0.03911795
174.495	0.03969183
174.5	0.0402879
174.505	0.04085221
174.51	0.04156762
174.515	0.04231688
174.52	0.04311777
174.525	0.04390756
174.53	0.04485281
174.535	0.04578162
174.54	0.04677902
174.545	0.04785896
174.55	0.04898694
174.555	0.05012174
174.56	0.05137588
174.565	0.05260956
174.57	0.05389031
174.575	0.05526992
174.58	0.05665812
174.585	0.05830285
174.59	0.0598856
174.595	0.06137887
174.6	0.0628348
174.605	0.06442811
174.61	0.06598347
174.615	0.06755724
174.62	0.06917064
174.625	0.07071522
174.63	0.07220369
174.635	0.07366389
174.64	0.07536956
174.645	0.07718581
174.65	0.07893648
174.655	0.08060123
174.66	0.08230477
174.665	0.08393657
174.67	0.08553573
174.675	0.08705522
174.68	0.08870938
174.685	0.0905466
174.69	0.09273711
174.695	0.09479707
174.7	0.09677835
174.705	0.09877892
174.71	0.1007844
174.715	0.1030482
174.72	0.1057315
174.725	0.1083324
174.73	0.1108792
174.735	0.1133276
174.74	0.1164015
174.745	0.1213387
174.75	0.1283168
174.755	0.1370958
174.76	0.1470043
174.765	0.1596784
174.77	0.176643
174.775	0.1976775
174.78	0.2204499
174.785	0.2441534
174.79	0.2681159
174.795	0.2911371
174.8	0.3128121
174.805	0.333078
174.81	0.3522561
174.815	0.3711255
174.82	0.3895884
174.825	0.407538
174.83	0.4250029
174.835	0.4420352
174.84	0.4586784
174.845	0.4746764
174.85	0.4901424
174.855	0.5054851
174.86	0.5210067
174.865	0.5362963
174.87	0.5511654
174.875	0.565696
174.88	0.580099
174.885	0.5941508
174.89	0.6078413
174.895	0.6211817
174.9	0.6342708
174.905	0.6470937
174.91	0.6596776
174.915	0.6720178
174.92	0.6840241
174.925	0.6959307
174.93	0.70775
174.935	0.7194004
174.94	0.7308572
174.945	0.7419295
174.95	0.7522183
174.955	0.761614
174.96	0.7701466
174.965	0.7780903
174.97	0.784581
174.975	0.788716
174.98	0.790074
174.985	0.7893247
174.99	0.7866775
174.995	0.7823425
175	0.777211
175.005	0.7717732
175.01	0.766309
175.015	0.7606931
175.02	0.754368
175.025	0.7474487
175.03	0.7400909
175.035	0.7323399
175.04	0.7242048
175.045	0.7156775
175.05	0.7070493
175.055	0.6983202
175.06	0.6889718
175.065	0.6785358
175.07	0.6675819
175.075	0.6564433
175.08	0.6450087
175.085	0.6329384
175.09	0.6205689
175.095	0.6079345
175.1	0.5949597
175.105	0.5816426
175.11	0.5680048
175.115	0.5539574
175.12	0.5395591
175.125	0.5248441
175.13	0.5091097
175.135	0.4925423
175.14	0.4753232
175.145	0.4574524
175.15	0.4390241
175.155	0.4203271
175.16	0.40147
175.165	0.3823531
175.17	0.362334
175.175	0.3426745
175.18	0.3246294
175.185	0.3090758
175.19	0.2955084
175.195	0.2839292
175.2	0.2742977
175.205	0.265467
175.21	0.2567235
175.215	0.2475884
175.22	0.238306
175.225	0.2297293
175.23	0.2217303
175.235	0.2140785
175.24	0.2067106
175.245	0.1995281
175.25	0.1925683
175.255	0.1853723
175.26	0.1776651
175.265	0.1706246
175.27	0.1652349
175.275	0.1602887
175.28	0.1551859
175.285	0.1501555
175.29	0.1458691
175.295	0.1416474
175.3	0.1372686
175.305	0.1329839
175.31	0.1286794
175.315	0.124233
175.32	0.1198341
175.325	0.1151739
175.33	0.1102762
175.335	0.1068411
175.34	0.1040652
175.345	0.1013744
175.35	0.09881594
175.355	0.09644327
175.36	0.09421382
175.365	0.09197234
175.37	0.0899509
175.375	0.08909422
175.38	0.08839472
175.385	0.08767942
175.39	0.08703844
175.395	0.08652108
175.4	0.08595274
175.405	0.08550018
175.41	0.0851071
175.415	0.08482923
175.42	0.08475936
175.425	0.08468664
175.43	0.08470022
175.435	0.0847744
175.44	0.08489784
175.445	0.08509959
175.45	0.08553574
175.455	0.08613795
175.46	0.08678281
175.465	0.08774988
175.47	0.08872917
175.475	0.08973118
175.48	0.09090956
175.485	0.09216245
175.49	0.09337898
175.495	0.0945468
175.5	0.09570325
175.505	0.09697733
175.51	0.09829182
175.515	0.09959499
175.52	0.1009644
175.525	0.1023984
175.53	0.10382
175.535	0.1052885
175.54	0.1067146
175.545	0.1081357
175.55	0.1095463
175.555	0.1106648
175.56	0.1113578
175.565	0.1117961
175.57	0.1122032
175.575	0.1125744
175.58	0.1128821
175.585	0.1131455
175.59	0.1134187
175.595	0.1135755
175.6	0.113636
175.605	0.1137599
175.61	0.1137208
175.615	0.1134756
175.62	0.1131091
175.625	0.1126289
175.63	0.1121466
175.635	0.1115803
175.64	0.1109663
175.645	0.110319
175.65	0.1095486
175.655	0.1086374
175.66	0.1076085
175.665	0.1065564
175.67	0.1055394
175.675	0.104516
175.68	0.1034841
175.685	0.102407
175.69	0.1011766
175.695	0.09992909
175.7	0.09873792
175.705	0.09752357
175.71	0.09629309
175.715	0.09504116
175.72	0.09376047
175.725	0.09234067
175.73	0.09072478
175.735	0.08914681
175.74	0.08743573
175.745	0.08569063
175.75	0.08391363
175.755	0.08210083
175.76	0.080424
175.765	0.07900564
175.77	0.07774671
175.775	0.07648855
175.78	0.07523285
175.785	0.07400011
175.79	0.0727821
175.795	0.07152511
175.8	0.07031181
175.805	0.06915846
175.81	0.06787322
175.815	0.06670218
175.82	0.06575636
175.825	0.06492872
175.83	0.06430761
175.835	0.06376911
175.84	0.06336752
175.845	0.06341544
175.85	0.06379058
175.855	0.0645342
175.86	0.06562271
175.865	0.06694154
175.87	0.06838112
175.875	0.06976029
175.88	0.07135865
175.885	0.07312611
175.89	0.07491738
175.895	0.07675715
175.9	0.07859772
175.905	0.08039052
175.91	0.082149
175.915	0.08387923
175.92	0.08559313
175.925	0.08729021
175.93	0.0890237
175.935	0.09083209
175.94	0.09257182
175.945	0.09435821
175.95	0.09616117
175.955	0.09797903
175.96	0.099763
175.965	0.1015724
175.97	0.1034445
175.975	0.105309
175.98	0.1071783
175.985	0.1091353
175.99	0.111172
175.995	0.1132149
176	0.1152595
176.005	0.1173309
176.01	0.1194051
176.015	0.1215069
176.02	0.1235919
176.025	0.1256445
176.03	0.1276583
176.035	0.1295489
176.04	0.1313372
176.045	0.1330263
176.05	0.1342673
176.055	0.135189
176.06	0.1358538
176.065	0.1362828
176.07	0.1365569
176.075	0.1366931
176.08	0.1367591
176.085	0.1365608
176.09	0.1361443
176.095	0.1356611
176.1	0.1351686
176.105	0.1346237
176.11	0.1340235
176.115	0.1334144
176.12	0.1327984
176.125	0.1321576
176.13	0.1315143
176.135	0.1308627
176.14	0.1301837
176.145	0.1294877
176.15	0.1287458
176.155	0.1279347
176.16	0.1270532
176.165	0.1261558
176.17	0.1251814
176.175	0.1240448
176.18	0.122848
176.185	0.1215815
176.19	0.1200871
176.195	0.1183788
176.2	0.1165587
176.205	0.1146479
176.21	0.1126118
176.215	0.1104537
176.22	0.1081952
176.225	0.1058046
176.23	0.1032818
176.235	0.1006631
176.24	0.09797049
176.245	0.09523992
176.25	0.09248855
176.255	0.0899954
176.26	0.08770302
176.265	0.08556138
176.27	0.08357116
176.275	0.08166886
176.28	0.07986129
176.285	0.07810732
176.29	0.07661661
176.295	0.07537341
176.3	0.07418307
176.305	0.07301775
176.31	0.0719104
176.315	0.07089885
176.32	0.06990407
176.325	0.06889873
176.33	0.06793549
176.335	0.06691486
176.34	0.06588791
176.345	0.06485841
176.35	0.06384741
176.355	0.06286261
176.36	0.06194504
176.365	0.06105753
176.37	0.06016652
176.375	0.0593223
176.38	0.05862912
176.385	0.05797633
176.39	0.05736033
176.395	0.05696228
176.4	0.05671078
176.405	0.05654757
176.41	0.05644796
176.415	0.05641045
176.42	0.05646032
176.425	0.05654772
176.43	0.05671201
176.435	0.056969
176.44	0.05726684
176.445	0.05763868
176.45	0.05801213
176.455	0.05839472
176.46	0.05874878
176.465	0.05903229
176.47	0.05929297
176.475	0.05950998
176.48	0.05967812
176.485	0.05980852
176.49	0.05993865
176.495	0.05990229
176.5	0.05966563
176.505	0.05939837
176.51	0.05903066
176.515	0.05860798
176.52	0.05811394
176.525	0.05756423
176.53	0.05698776
176.535	0.05633344
176.54	0.05570149
176.545	0.05506642
176.55	0.05442589
176.555	0.05383077
176.56	0.0532795
176.565	0.05271134
176.57	0.05218761
176.575	0.0516413
176.58	0.05109965
176.585	0.05055222
176.59	0.04999947
176.595	0.04945278
176.6	0.04889988
176.605	0.04838523
176.61	0.04786354
176.615	0.0473338
176.62	0.0468123
176.625	0.04628667
176.63	0.04577381
176.635	0.04530836
176.64	0.0448533
176.645	0.04440395
176.65	0.04405873
176.655	0.0438065
176.66	0.04353871
176.665	0.04330818
176.67	0.04314604
176.675	0.04299622
176.68	0.04289677
176.685	0.04284251
176.69	0.04275327
176.695	0.04263824
176.7	0.04266277
176.705	0.04288263
176.71	0.04315384
176.715	0.04351152
176.72	0.04394204
176.725	0.0443651
176.73	0.0448129
176.735	0.04527697
176.74	0.04579673
176.745	0.04632006
176.75	0.04691453
176.755	0.0475409
176.76	0.04804776
176.765	0.04848365
176.77	0.04888747
176.775	0.04930891
176.78	0.04978428
176.785	0.05029668
176.79	0.05081557
176.795	0.05134044
176.8	0.05186734
176.805	0.05239042
176.81	0.05302532
176.815	0.05368848
176.82	0.05444462
176.825	0.05524053
176.83	0.05600121
176.835	0.05676715
176.84	0.05749377
176.845	0.05819763
176.85	0.0589631
176.855	0.05955988
176.86	0.06003107
176.865	0.06047635
176.87	0.06094921
176.875	0.06144751
176.88	0.06200854
176.885	0.06256739
176.89	0.06314204
176.895	0.06374641
176.9	0.06443967
176.905	0.06511689
176.91	0.06572937
176.915	0.06633858
176.92	0.06693343
176.925	0.06757804
176.93	0.06829094
176.935	0.06899905
176.94	0.06973585
176.945	0.07045199
176.95	0.07129186
176.955	0.0720414
176.96	0.07282711
176.965	0.07368167
176.97	0.07458543
176.975	0.07575205
176.98	0.07746043
176.985	0.0791695
176.99	0.08080235
176.995	0.08243779
177	0.08404485
177.005	0.08564274
177.01	0.08725428
177.015	0.08879104
177.02	0.0904892
177.025	0.0921933
177.03	0.09452972
177.035	0.0974541
177.04	0.1007468
177.045	0.1050331
177.05	0.1095484
177.055	0.1143103
177.06	0.1192873
177.065	0.1241162
177.07	0.1290899
177.075	0.1338542
177.08	0.1384411
177.085	0.1431117
177.09	0.1476128
177.095	0.1519928
177.1	0.1562749
177.105	0.1603924
177.11	0.1644455
177.115	0.1684759
177.12	0.1724106
177.125	0.1762591
177.13	0.1799824
177.135	0.1835835
177.14	0.1872908
177.145	0.1909033
177.15	0.1944448
177.155	0.1978906
177.16	0.2013977
177.165	0.2048222
177.17	0.2081884
177.175	0.2114873
177.18	0.2145814
177.185	0.2173761
177.19	0.220369
177.195	0.2233351
177.2	0.22629
177.205	0.2292056
177.21	0.2320667
177.215	0.2348642
177.22	0.2375919
177.225	0.2401259
177.23	0.2425543
177.235	0.2446024
177.24	0.2461632
177.245	0.2473353
177.25	0.2475781
177.255	0.2474731
177.26	0.2470096
177.265	0.2462112
177.27	0.2454036
177.275	0.2442994
177.28	0.2432469
177.285	0.2422935
177.29	0.2410027
177.295	0.2397159
177.3	0.2384977
177.305	0.2374256
177.31	0.2364341
177.315	0.2353864
177.32	0.2342333
177.325	0.2330982
177.33	0.232137
177.335	0.231187
177.34	0.2302568
177.345	0.2290465
177.35	0.2278368
177.355	0.2266196
177.36	0.2253246
177.365	0.2238107
177.37	0.2222565
177.375	0.2206761
177.38	0.2190709
177.385	0.217508
177.39	0.2158128
177.395	0.2135464
177.4	0.2112369
177.405	0.2087931
177.41	0.206316
177.415	0.203829
177.42	0.2013265
177.425	0.1988199
177.43	0.1963886
177.435	0.1939607
177.44	0.1913877
177.445	0.1890311
177.45	0.1869033
177.455	0.1853717
177.46	0.1840541
177.465	0.182801
177.47	0.1817329
177.475	0.1806249
177.48	0.1796359
177.485	0.1784754
177.49	0.1769881
177.495	0.1757334
177.5	0.1744687
177.505	0.1729254
177.51	0.1708718
177.515	0.1685726
177.52	0.1662705
177.525	0.1640129
177.53	0.1616242
177.535	0.1586721
177.54	0.1556109
177.545	0.1524824
177.55	0.1494801
177.555	0.146416
177.56	0.1432907
177.565	0.1401893
177.57	0.1372015
177.575	0.1342037
177.58	0.1311102
177.585	0.1279469
177.59	0.1247184
177.595	0.1217223
177.6	0.1191877
177.605	0.1166323
177.61	0.1141333
177.615	0.1116483
177.62	0.1090676
177.625	0.1064187
177.63	0.1037979
177.635	0.1011346
177.64	0.09844331
177.645	0.0961754
177.65	0.09397403
177.655	0.09168743
177.66	0.08936573
177.665	0.08699615
177.67	0.08490656
177.675	0.08291622
177.68	0.08101673
177.685	0.07916519
177.69	0.07750506
177.695	0.07622193
177.7	0.07491491
177.705	0.07356613
177.71	0.07254305
177.715	0.07218074
177.72	0.07208764
177.725	0.07197745
177.73	0.0719862
177.735	0.07233513
177.74	0.07325297
177.745	0.07432535
177.75	0.07537364
177.755	0.0764248
177.76	0.07746455
177.765	0.07853512
177.77	0.07959479
177.775	0.08069001
177.78	0.08175892
177.785	0.08286845
177.79	0.08397867
177.795	0.08507405
177.8	0.08604304
177.805	0.08698361
177.81	0.08787505
177.815	0.08882244
177.82	0.08966121
177.825	0.09052442
177.83	0.09140484
177.835	0.09208777
177.84	0.0927311
177.845	0.09340361
177.85	0.09398738
177.855	0.09446293
177.86	0.09497333
177.865	0.09543284
177.87	0.09588713
177.875	0.09618827
177.88	0.09629105
177.885	0.09627626
177.89	0.09626926
177.895	0.09624408
177.9	0.09621009
177.905	0.09617757
177.91	0.09619159
177.915	0.09627965
177.92	0.09630805
177.925	0.09633496
177.93	0.09638919
177.935	0.09626082
177.94	0.09591169
177.945	0.09560977
177.95	0.09520116
177.955	0.09480293
177.96	0.09443913
177.965	0.09407922
177.97	0.09365522
177.975	0.09321509
177.98	0.09268996
177.985	0.09214836
177.99	0.09159478
177.995	0.09103268
178	0.09042365
178.005	0.08987405
178.01	0.08932963
178.015	0.08878994
178.02	0.08811174
178.025	0.08737977
178.03	0.08662476
178.035	0.08583089
178.04	0.08512468
178.045	0.08436939
178.05	0.08351
178.055	0.08269019
178.06	0.08192182
178.065	0.08110035
178.07	0.08030236
178.075	0.07949839
178.08	0.07876696
178.085	0.07815222
178.09	0.07757366
178.095	0.07699396
178.1	0.07639059
178.105	0.07578122
178.11	0.07516809
178.115	0.07445902
178.12	0.07355256
178.125	0.07262565
178.13	0.07169277
178.135	0.07072746
178.14	0.06987111
178.145	0.06897065
178.15	0.06792732
178.155	0.06692331
178.16	0.06588249
178.165	0.06473271
178.17	0.06354956
178.175	0.06237694
178.18	0.06119514
178.185	0.06003203
178.19	0.05886593
178.195	0.05768876
178.2	0.05653927
178.205	0.05542591
178.21	0.05430694
178.215	0.05319814
178.22	0.05211873
178.225	0.05114732
178.23	0.05029096
178.235	0.04954793
178.24	0.04883406
178.245	0.04815663
178.25	0.04769178
178.255	0.04748642
178.26	0.04736597
178.265	0.04728849
178.27	0.04738112
178.275	0.04761284
178.28	0.04798675
178.285	0.04854973
178.29	0.04918776
178.295	0.04995837
178.3	0.0508837
178.305	0.05192981
178.31	0.05308655
178.315	0.05438401
178.32	0.05585654
178.325	0.05752029
178.33	0.05926134
178.335	0.06105758
178.34	0.06295002
178.345	0.06490433
178.35	0.06702739
178.355	0.06919797
178.36	0.07131647
178.365	0.07340163
178.37	0.0754774
178.375	0.07750045
178.38	0.07948071
178.385	0.08142026
178.39	0.08332675
178.395	0.08518962
178.4	0.08700885
178.405	0.08874498
178.41	0.09045156
178.415	0.09212947
178.42	0.09374093
178.425	0.09529125
178.43	0.09680465
178.435	0.09826914
178.44	0.0996029
178.445	0.1008878
178.45	0.1021197
178.455	0.1031901
178.46	0.1040932
178.465	0.1049148
178.47	0.1056972
178.475	0.1063757
178.48	0.1069275
178.485	0.1073496
178.49	0.1076111
178.495	0.107809
178.5	0.1079014
178.505	0.1078375
178.51	0.1076722
178.515	0.1073789
178.52	0.1069155
178.525	0.1062957
178.53	0.105556
178.535	0.1047221
178.54	0.1037604
178.545	0.1026229
178.55	0.1013292
178.555	0.09988837
178.56	0.09836189
178.565	0.09681124
178.57	0.09521226
178.575	0.09359229
178.58	0.09194372
178.585	0.09026716
178.59	0.08854572
178.595	0.08679222
178.6	0.08500513
178.605	0.08319275
178.61	0.08136557
178.615	0.07949865
178.62	0.077586
178.625	0.07565455
178.63	0.07368704
178.635	0.07167238
178.64	0.06963574
178.645	0.06764031
178.65	0.06564959
178.655	0.06362808
178.66	0.06167172
178.665	0.05979045
178.67	0.05791669
178.675	0.05601777
178.68	0.05410965
178.685	0.05224746
178.69	0.05044538
178.695	0.04876501
178.7	0.04708266
178.705	0.0454767
178.71	0.04400008
178.715	0.04257447
178.72	0.04124686
178.725	0.04009733
178.73	0.03912798
178.735	0.03831368
178.74	0.03759243
178.745	0.03701437
178.75	0.03668409
178.755	0.03655918
178.76	0.0366115
178.765	0.03675192
178.77	0.03688664
178.775	0.03705443
178.78	0.03716149
178.785	0.0372761
178.79	0.03736721
178.795	0.03750356
178.8	0.03767447
178.805	0.03784217
178.81	0.03795825
178.815	0.03807729
178.82	0.03821931
178.825	0.03835082
178.83	0.03845066
178.835	0.03856002
178.84	0.03867298
178.845	0.03873474
178.85	0.03869635
178.855	0.03855284
178.86	0.0384075
178.865	0.03827204
178.87	0.03813715
178.875	0.03799717
178.88	0.03783901
178.885	0.03772095
178.89	0.03762069
178.895	0.03753124
178.9	0.03743955
178.905	0.03737827
178.91	0.03729595
178.915	0.0372127
178.92	0.03715481
178.925	0.03710777
178.93	0.0370569
178.935	0.03699414
178.94	0.03689142
178.945	0.03679193
178.95	0.03669499
178.955	0.03655467
178.96	0.03639545
178.965	0.03624002
178.97	0.03607791
178.975	0.03593462
178.98	0.03579003
178.985	0.03570894
178.99	0.03563856
178.995	0.03558307
179	0.03546409
179.005	0.03525399
179.01	0.03503532
179.015	0.03484595
179.02	0.03464391
179.025	0.03438936
179.03	0.0341499
179.035	0.03394597
179.04	0.03374087
179.045	0.03354319
179.05	0.03337354
179.055	0.03328819
179.06	0.03325216
179.065	0.0332178
179.07	0.03315879
179.075	0.03309073
179.08	0.03305248
179.085	0.03302801
179.09	0.03297623
179.095	0.03290093
179.1	0.03282885
179.105	0.03276536
179.11	0.03264934
179.115	0.03254384
179.12	0.03245587
179.125	0.03236886
179.13	0.03229729
179.135	0.03228067
179.14	0.03231605
179.145	0.03242994
179.15	0.03256972
179.155	0.03271912
179.16	0.03292955
179.165	0.03313822
179.17	0.03334197
179.175	0.03354976
179.18	0.03381745
179.185	0.03410091
179.19	0.03429113
179.195	0.03443974
179.2	0.03458835
179.205	0.03480568
179.21	0.03508614
179.215	0.03539107
179.22	0.03572382
179.225	0.03606759
179.23	0.03650697
179.235	0.03692609
179.24	0.03731756
179.245	0.03770203
179.25	0.03816387
179.255	0.03862008
179.26	0.039051
179.265	0.03948317
179.27	0.03991471
179.275	0.04035168
179.28	0.04085764
179.285	0.041391
179.29	0.04191006
179.295	0.04243255
179.3	0.04295951
179.305	0.04347962
179.31	0.04393729
179.315	0.04442355
179.32	0.04494639
179.325	0.04544398
179.33	0.04594431
179.335	0.04654738
179.34	0.04717184
179.345	0.04774507
179.35	0.04826506
179.355	0.04878967
179.36	0.04931371
179.365	0.04978832
179.37	0.05026382
179.375	0.05073166
179.38	0.05129983
179.385	0.05181806
179.39	0.05235403
179.395	0.05296804
179.4	0.05360075
179.405	0.05436654
179.41	0.05516672
179.415	0.05592796
179.42	0.05665364
179.425	0.05733318
179.43	0.05803379
179.435	0.05865468
179.44	0.05932476
179.445	0.06006085
179.45	0.06078285
179.455	0.06142436
179.46	0.06205948
179.465	0.06272028
179.47	0.06337492
179.475	0.06414305
179.48	0.06509241
179.485	0.0663775
179.49	0.06767778
179.495	0.06896944
179.5	0.07025627
179.505	0.07168614
179.51	0.07312708
179.515	0.07457572
179.52	0.07609028
179.525	0.07760069
179.53	0.07947163
179.535	0.08133974
179.54	0.08318267
179.545	0.08541606
179.55	0.08760823
179.555	0.08977456
179.56	0.09199913
179.565	0.09419292
179.57	0.09684497
179.575	0.1004034
179.58	0.1052335
179.585	0.1114508
179.59	0.1179595
179.595	0.1252198
179.6	0.1330674
179.605	0.1412214
179.61	0.1495597
179.615	0.1584253
179.62	0.167659
179.625	0.1773176
179.63	0.1871813
179.635	0.1969679
179.64	0.2064172
179.645	0.2154938
179.65	0.2242216
179.655	0.2326242
179.66	0.2409871
179.665	0.2497165
179.67	0.2581551
179.675	0.2664243
179.68	0.2744342
179.685	0.2821421
179.69	0.2894603
179.695	0.2966036
179.7	0.3038232
179.705	0.3110341
179.71	0.3180398
179.715	0.3249495
179.72	0.3317576
179.725	0.3384678
179.73	0.3451119
179.735	0.3515209
179.74	0.3579523
179.745	0.3643253
179.75	0.3706281
179.755	0.3772211
179.76	0.3838367
179.765	0.3903784
179.77	0.3968167
179.775	0.4030503
179.78	0.4088157
179.785	0.4137988
179.79	0.4179904
179.795	0.421866
179.8	0.4250503
179.805	0.42761
179.81	0.429696
179.815	0.4312833
179.82	0.4321345
179.825	0.4323708
179.83	0.4319025
179.835	0.4308295
179.84	0.4293639
179.845	0.4277755
179.85	0.4261186
179.855	0.4244149
179.86	0.4227057
179.865	0.4207214
179.87	0.4179661
179.875	0.4151774
179.88	0.4122434
179.885	0.4092445
179.89	0.4062543
179.895	0.4033065
179.9	0.4002838
179.905	0.3968726
179.91	0.3931726
179.915	0.3894178
179.92	0.3855083
179.925	0.3814792
179.93	0.3772814
179.935	0.3728836
179.94	0.3683962
179.945	0.3635751
179.95	0.3585108
179.955	0.3529449
179.96	0.346423
179.965	0.3394482
179.97	0.3321304
179.975	0.3246131
179.98	0.3167195
179.985	0.3086645
179.99	0.3008751
179.995	0.2930864
180	0.2851265
180.005	0.2774563
180.01	0.2699962
180.015	0.26263
180.02	0.2554876
180.025	0.2487689
180.03	0.242329
180.035	0.236263
180.04	0.2305971
180.045	0.2251495
180.05	0.2196831
180.055	0.2141525
180.06	0.2084983
180.065	0.2026788
180.07	0.1969164
180.075	0.1917802
180.08	0.1865108
180.085	0.1812326
180.09	0.1758818
180.095	0.170307
180.1	0.164561
180.105	0.1587027
180.11	0.1530523
180.115	0.1475333
180.12	0.1418666
180.125	0.1361437
180.13	0.1303036
180.135	0.1243844
180.14	0.1184276
180.145	0.1123711
180.15	0.1063511
180.155	0.1003518
180.16	0.09499344
180.165	0.09098559
180.17	0.08744446
180.175	0.08421702
180.18	0.08095418
180.185	0.07826874
180.19	0.07616958
180.195	0.07408034
180.2	0.07279459
180.205	0.07190755
180.21	0.07095705
180.215	0.07015693
180.22	0.06954902
180.225	0.06886968
180.23	0.06822528
180.235	0.0678264
180.24	0.0676843
180.245	0.06760537
180.25	0.06758409
180.255	0.06761996
180.26	0.06775998
180.265	0.06795946
180.27	0.06818501
180.275	0.06852277
180.28	0.06892122
180.285	0.069389
180.29	0.0698553
180.295	0.07025408
180.3	0.07082082
180.305	0.07134218
180.31	0.07186352
180.315	0.07252515
180.32	0.07322225
180.325	0.07387943
180.33	0.07454649
180.335	0.07514504
180.34	0.07577054
180.345	0.07640147
180.35	0.07701501
180.355	0.07773445
180.36	0.07844087
180.365	0.07915027
180.37	0.07986029
180.375	0.0805687
180.38	0.08127374
180.385	0.08195621
180.39	0.08263905
180.395	0.08311331
180.4	0.08349237
180.405	0.0838732
180.41	0.08421599
180.415	0.0845613
180.42	0.0848004
180.425	0.0849496
180.43	0.08512547
180.435	0.08535844
180.44	0.08550708
180.445	0.0856139
180.45	0.08564635
180.455	0.08563231
180.46	0.08554581
180.465	0.08527505
180.47	0.08499708
180.475	0.084709
180.48	0.08439779
180.485	0.08408154
180.49	0.08370207
180.495	0.083314
180.5	0.08295227
180.505	0.08241909
180.51	0.08189718
180.515	0.08134665
180.52	0.08061058
180.525	0.07982548
180.53	0.07905532
180.535	0.07824824
180.54	0.07749994
180.545	0.07678121
180.55	0.07607199
180.555	0.07527317
180.56	0.07443673
180.565	0.07355474
180.57	0.07267246
180.575	0.07177678
180.58	0.07088745
180.585	0.06999242
180.59	0.06922983
180.595	0.06879593
180.6	0.06898193
180.605	0.07011595
180.61	0.07205162
180.615	0.07505324
180.62	0.07956388
180.625	0.08563865
180.63	0.09297433
180.635	0.1011298
180.64	0.1099088
180.645	0.1192182
180.65	0.1289613
180.655	0.1392413
180.66	0.1496493
180.665	0.1600265
180.67	0.1706131
180.675	0.1813758
180.68	0.1922897
180.685	0.2033152
180.69	0.2143627
180.695	0.2255833
180.7	0.236906
180.705	0.2482054
180.71	0.2594099
180.715	0.270428
180.72	0.2812583
180.725	0.291832
180.73	0.3020935
180.735	0.3120761
180.74	0.3217841
180.745	0.3312002
180.75	0.3403413
180.755	0.3492308
180.76	0.3579192
180.765	0.3664236
180.77	0.3747609
180.775	0.3829376
180.78	0.3909677
180.785	0.3988758
180.79	0.4066797
180.795	0.414335
180.8	0.4218034
180.805	0.4290507
180.81	0.4359839
180.815	0.4426413
180.82	0.4489319
180.825	0.4546843
180.83	0.4598143
180.835	0.4643256
180.84	0.4683068
180.845	0.4717344
180.85	0.4746261
180.855	0.47699
180.86	0.4787196
180.865	0.4799921
180.87	0.4809181
180.875	0.4813298
180.88	0.4811853
180.885	0.4804829
180.89	0.479259
180.895	0.4775414
180.9	0.4751821
180.905	0.4722137
180.91	0.468728
180.915	0.4648382
180.92	0.4606288
180.925	0.4561063
180.93	0.4513916
180.935	0.4465585
180.94	0.4416128
180.945	0.4365735
180.95	0.4314723
180.955	0.4263176
180.96	0.4211121
180.965	0.4158356
180.97	0.4104626
180.975	0.4049925
180.98	0.3994225
180.985	0.3937243
180.99	0.3878518
180.995	0.3817868
181	0.3755551
181.005	0.3691357
181.01	0.3625272
181.015	0.355737
181.02	0.3487414
181.025	0.3416121
181.03	0.3344162
181.035	0.3272591
181.04	0.3201835
181.045	0.3130991
181.05	0.3060697
181.055	0.2991273
181.06	0.2922285
181.065	0.2855006
181.07	0.278844
181.075	0.2721221
181.08	0.2655394
181.085	0.2591946
181.09	0.2530845
181.095	0.2471458
181.1	0.2414375
181.105	0.2361263
181.11	0.2311917
181.115	0.2265963
181.12	0.2222052
181.125	0.2179089
181.13	0.213752
181.135	0.2096553
181.14	0.2055168
181.145	0.201288
181.15	0.1969805
181.155	0.1925763
181.16	0.1880527
181.165	0.183393
181.17	0.1785994
181.175	0.1736923
181.18	0.1686267
181.185	0.1633565
181.19	0.1579698
181.195	0.1525101
181.2	0.1469576
181.205	0.1413093
181.21	0.1356223
181.215	0.1299249
181.22	0.1243019
181.225	0.1187464
181.23	0.113231
181.235	0.1078833
181.24	0.1026641
181.245	0.09753001
181.25	0.09259389
181.255	0.08781404
181.26	0.08312894
181.265	0.0786964
181.27	0.0744719
181.275	0.07040265
181.28	0.06665139
181.285	0.06313044
181.29	0.05972155
181.295	0.05651958
181.3	0.05369196
181.305	0.0510413
181.31	0.04859256
181.315	0.04638719
181.32	0.04429569
181.325	0.04241236
181.33	0.04087389
181.335	0.03952291
181.34	0.03815187
181.345	0.03687512
181.35	0.03581012
181.355	0.03483274
181.36	0.03387163
181.365	0.03293798
181.37	0.03201494
181.375	0.03114658
181.38	0.03031621
181.385	0.02965868
181.39	0.02928831
181.395	0.02892844
181.4	0.02856944
181.405	0.02832708
181.41	0.02811959
181.415	0.02792593
181.42	0.02776966
181.425	0.02764596
181.43	0.02756169
181.435	0.0275505
181.44	0.02757873
181.445	0.02759817
181.45	0.02761463
181.455	0.02761249
181.46	0.02763507
181.465	0.02764824
181.47	0.02760082
181.475	0.02755277
181.48	0.02751097
181.485	0.02747095
181.49	0.02744102
181.495	0.02744824
181.5	0.02745861
181.505	0.02744635
181.51	0.02747904
181.515	0.02755794
181.52	0.02763415
181.525	0.02772969
181.53	0.02784095
181.535	0.02793786
181.54	0.02801994
181.545	0.02813962
181.55	0.0282626
181.555	0.02840917
181.56	0.02856601
181.565	0.02871236
181.57	0.02886303
181.575	0.02904602
181.58	0.02920919
181.585	0.02939036
181.59	0.02956811
181.595	0.02975356
181.6	0.02994012
181.605	0.03013575
181.61	0.03027101
181.615	0.0303545
181.62	0.03043041
181.625	0.03046912
181.63	0.03049489
181.635	0.03060098
181.64	0.03072746
181.645	0.03084231
181.65	0.03096845
181.655	0.03109614
181.66	0.03124806
181.665	0.0314541
181.67	0.03177026
181.675	0.03216423
181.68	0.03255704
181.685	0.03295467
181.69	0.03345596
181.695	0.03409804
181.7	0.03472559
181.705	0.03534076
181.71	0.03595399
181.715	0.03652317
181.72	0.037087
181.725	0.03777634
181.73	0.03847222
181.735	0.03919335
181.74	0.03990843
181.745	0.04062656
181.75	0.04140766
181.755	0.04217602
181.76	0.04294903
181.765	0.04366635
181.77	0.04448649
181.775	0.04554511
181.78	0.04657529
181.785	0.04758983
181.79	0.04857865
181.795	0.04964309
181.8	0.05070794
181.805	0.05179049
181.81	0.05286045
181.815	0.05391784
181.82	0.05499062
181.825	0.05604585
181.83	0.05713501
181.835	0.05820828
181.84	0.05928245
181.845	0.06032208
181.85	0.061372
181.855	0.06240194
181.86	0.06341426
181.865	0.06445448
181.87	0.06553278
181.875	0.06650537
181.88	0.06742684
181.885	0.06833836
181.89	0.06925119
181.895	0.07004944
181.9	0.07067681
181.905	0.07130373
181.91	0.07194244
181.915	0.07257659
181.92	0.07320596
181.925	0.07378652
181.93	0.07429812
181.935	0.07481532
181.94	0.07556006
181.945	0.07690567
181.95	0.07856704
181.955	0.08056004
181.96	0.08270202
181.965	0.08526747
181.97	0.08866749
181.975	0.09220451
181.98	0.0955774
181.985	0.09883376
181.99	0.1019853
181.995	0.1050441
182	0.1079212
182.005	0.1107703
182.01	0.1141806
182.015	0.117833
182.02	0.1215965
182.025	0.1253524
182.03	0.1289991
182.035	0.1326271
182.04	0.1361638
182.045	0.1395494
182.05	0.1428802
182.055	0.1461717
182.06	0.1494453
182.065	0.1528641
182.07	0.1562613
182.075	0.1598019
182.08	0.1632777
182.085	0.1667317
182.09	0.170132
182.095	0.1734505
182.1	0.1769558
182.105	0.1806701
182.11	0.1842883
182.115	0.1879866
182.12	0.1917415
182.125	0.1955898
182.13	0.1994076
182.135	0.2031348
182.14	0.2067775
182.145	0.2102168
182.15	0.2131827
182.155	0.2158777
182.16	0.2184819
182.165	0.2210698
182.17	0.2232703
182.175	0.224955
182.18	0.2264044
182.185	0.2277769
182.19	0.2291951
182.195	0.2306052
182.2	0.2320189
182.205	0.2334526
182.21	0.2348349
182.215	0.2357233
182.22	0.2365394
182.225	0.2371277
182.23	0.2376067
182.235	0.2382283
182.24	0.2387403
182.245	0.2392908
182.25	0.2399942
182.255	0.2407125
182.26	0.2414222
182.265	0.2420964
182.27	0.2424979
182.275	0.2427859
182.28	0.2427424
182.285	0.2427825
182.29	0.2428406
182.295	0.2428787
182.3	0.2429258
182.305	0.2427288
182.31	0.242168
182.315	0.2416751
182.32	0.2409331
182.325	0.2399846
182.33	0.2387922
182.335	0.2375705
182.34	0.2363571
182.345	0.2351489
182.35	0.2339854
182.355	0.2329946
182.36	0.2320772
182.365	0.2308524
182.37	0.2293802
182.375	0.2280421
182.38	0.226649
182.385	0.2252872
182.39	0.2238931
182.395	0.2223851
182.4	0.2208664
182.405	0.2193047
182.41	0.2177301
182.415	0.2161559
182.42	0.214602
182.425	0.2126485
182.43	0.2108069
182.435	0.2089935
182.44	0.2068395
182.445	0.2047078
182.45	0.2024611
182.455	0.1998716
182.46	0.1971683
182.465	0.1943317
182.47	0.1914126
182.475	0.188629
182.48	0.1858883
182.485	0.1832873
182.49	0.1804334
182.495	0.1773573
182.5	0.1742331
182.505	0.1710392
182.51	0.1677818
182.515	0.1647283
182.52	0.161468
182.525	0.1583359
182.53	0.1552999
182.535	0.1523255
182.54	0.1492246
182.545	0.1460559
182.55	0.1428498
182.555	0.1394963
182.56	0.1361355
182.565	0.132777
182.57	0.1297126
182.575	0.1268711
182.58	0.1240086
182.585	0.1214201
182.59	0.1188708
182.595	0.1163721
182.6	0.113914
182.605	0.1114196
182.61	0.1089478
182.615	0.1064131
182.62	0.1038601
182.625	0.1015581
182.63	0.09973745
182.635	0.09787184
182.64	0.09606472
182.645	0.09456895
182.65	0.09309103
182.655	0.09169047
182.66	0.0906865
182.665	0.08972714
182.67	0.08892626
182.675	0.08834827
182.68	0.08774672
182.685	0.08717014
182.69	0.08669622
182.695	0.08677901
182.7	0.08715867
182.705	0.08756516
182.71	0.08797928
182.715	0.08858764
182.72	0.08928013
182.725	0.09020917
182.73	0.0911264
182.735	0.09203006
182.74	0.09300158
182.745	0.09405369
182.75	0.09512875
182.755	0.09612525
182.76	0.09741463
182.765	0.098563
182.77	0.09961351
182.775	0.1008023
182.78	0.1019999
182.785	0.1031891
182.79	0.1043634
182.795	0.1055971
182.8	0.10684
182.805	0.1081
182.81	0.1093159
182.815	0.1104227
182.82	0.1115702
182.825	0.1126234
182.83	0.1136938
182.835	0.1147666
182.84	0.1158563
182.845	0.1167819
182.85	0.1176977
182.855	0.118607
182.86	0.1195021
182.865	0.1202909
182.87	0.1211668
182.875	0.1220066
182.88	0.1226382
182.885	0.1232679
182.89	0.1239144
182.895	0.1245814
182.9	0.12478
182.905	0.1249465
182.91	0.1251195
182.915	0.1253302
182.92	0.1256207
182.925	0.1257852
182.93	0.1257456
182.935	0.1257064
182.94	0.1256786
182.945	0.1256449
182.95	0.1256189
182.955	0.1255435
182.96	0.1254271
182.965	0.1249849
182.97	0.1244937
182.975	0.1239729
182.98	0.1231815
182.985	0.1223194
182.99	0.1214532
182.995	0.120597
183	0.1196259
183.005	0.1186027
183.01	0.1175073
183.015	0.1164097
183.02	0.115346
183.025	0.1141445
183.03	0.1129724
183.035	0.111763
183.04	0.1105728
183.045	0.1093116
183.05	0.1081466
183.055	0.1069926
183.06	0.10582
183.065	0.1046109
183.07	0.1034708
183.075	0.1021943
183.08	0.1009566
183.085	0.09984369
183.09	0.09875691
183.095	0.09761195
183.1	0.09640522
183.105	0.09556132
183.11	0.09474956
183.115	0.09400753
183.12	0.09325965
183.125	0.09245118
183.13	0.09187643
183.135	0.09156131
183.14	0.09135237
183.145	0.09124341
183.15	0.09124859
183.155	0.09129792
183.16	0.09143985
183.165	0.09177201
183.17	0.09241455
183.175	0.09320601
183.18	0.09414158
183.185	0.09535593
183.19	0.09661273
183.195	0.09787483
183.2	0.09913045
183.205	0.1004297
183.21	0.1017649
183.215	0.1031623
183.22	0.1045922
183.225	0.1060817
183.23	0.1076712
183.235	0.1092921
183.24	0.1109569
183.245	0.112692
183.25	0.1145416
183.255	0.1164246
183.26	0.1183727
183.265	0.1203707
183.27	0.1224535
183.275	0.1246001
183.28	0.1268599
183.285	0.129263
183.29	0.1318549
183.295	0.1344954
183.3	0.1372037
183.305	0.1400855
183.31	0.1430075
183.315	0.145893
183.32	0.148742
183.325	0.1516214
183.33	0.1545239
183.335	0.1573646
183.34	0.1602124
183.345	0.1630212
183.35	0.1657541
183.355	0.1684301
183.36	0.1710811
183.365	0.1736838
183.37	0.1761605
183.375	0.1785295
183.38	0.1808067
183.385	0.1829535
183.39	0.1849852
183.395	0.1869747
183.4	0.1889338
183.405	0.1909215
183.41	0.1929404
183.415	0.19496
183.42	0.1970223
183.425	0.1991022
183.43	0.2011832
183.435	0.2033146
183.44	0.2054948
183.445	0.2077412
183.45	0.2099724
183.455	0.2121752
183.46	0.2143724
183.465	0.2165218
183.47	0.2186692
183.475	0.2207967
183.48	0.222878
183.485	0.2249002
183.49	0.2267609
183.495	0.2283728
183.5	0.2298579
183.505	0.2312129
183.51	0.2322962
183.515	0.2331955
183.52	0.2339709
183.525	0.234609
183.53	0.2350859
183.535	0.2354115
183.54	0.2355916
183.545	0.2355753
183.55	0.2354281
183.555	0.2352078
183.56	0.2348899
183.565	0.2344897
183.57	0.2340481
183.575	0.2336023
183.58	0.2331666
183.585	0.2327591
183.59	0.232392
183.595	0.2320596
183.6	0.23173
183.605	0.2313686
183.61	0.2309097
183.615	0.2303694
183.62	0.2297589
183.625	0.2289908
183.63	0.228085
183.635	0.2270313
183.64	0.2257882
183.645	0.2243384
183.65	0.2226297
183.655	0.2207436
183.66	0.2186818
183.665	0.2164414
183.67	0.2140363
183.675	0.21142
183.68	0.2085958
183.685	0.2055591
183.69	0.2023382
183.695	0.1989615
183.7	0.195557
183.705	0.1920974
183.71	0.1885636
183.715	0.1850802
183.72	0.1815987
183.725	0.1781136
183.73	0.1746291
183.735	0.1711591
183.74	0.1677036
183.745	0.164264
183.75	0.1609029
183.755	0.1575653
183.76	0.1541917
183.765	0.1508206
183.77	0.1474392
183.775	0.1439992
183.78	0.1404931
183.785	0.1369067
183.79	0.1332076
183.795	0.1294036
183.8	0.1254797
183.805	0.1214327
183.81	0.1172967
183.815	0.1131089
183.82	0.1088369
183.825	0.1044741
183.83	0.1001124
183.835	0.09574058
183.84	0.09138253
183.845	0.08705566
183.85	0.08280575
183.855	0.07872808
183.86	0.07475502
183.865	0.07089444
183.87	0.06715347
183.875	0.0635494
183.88	0.06013976
183.885	0.05695682
183.89	0.05408155
183.895	0.05149355
183.9	0.04932291
183.905	0.04738427
183.91	0.04553531
183.915	0.04389333
183.92	0.04233184
183.925	0.04090701
183.93	0.03961166
183.935	0.03844484
183.94	0.03742173
183.945	0.03653279
183.95	0.03580798
183.955	0.03514482
183.96	0.03457938
183.965	0.03417334
183.97	0.03385705
183.975	0.03359323
183.98	0.03341757
183.985	0.03331273
183.99	0.0332583
183.995	0.0332195
184	0.03316812
184.005	0.0331341
184.01	0.03315137
184.015	0.03316384
184.02	0.0332063
184.025	0.03326101
184.03	0.03338665
184.035	0.03349808
184.04	0.03364968
184.045	0.03380049
184.05	0.03397501
184.055	0.03415251
184.06	0.03429363
184.065	0.03438597
184.07	0.034461
184.075	0.03447986
184.08	0.03450128
184.085	0.03453297
184.09	0.0345652
184.095	0.03458323
184.1	0.03458942
184.105	0.03452178
184.11	0.03439891
184.115	0.03432354
184.12	0.0342679
184.125	0.03425541
184.13	0.03424808
184.135	0.03426372
184.14	0.03427383
184.145	0.03422888
184.15	0.03419715
184.155	0.03418213
184.16	0.03413894
184.165	0.03412344
184.17	0.03416045
184.175	0.03422327
184.18	0.03429307
184.185	0.03439116
184.19	0.03449302
184.195	0.03455184
184.2	0.0346212
184.205	0.03470499
184.21	0.03479224
184.215	0.03482864
184.22	0.03489696
184.225	0.03504738
184.23	0.03520802
184.235	0.03530033
184.24	0.03541418
184.245	0.03545145
184.25	0.03564011
184.255	0.03583137
184.26	0.03607255
184.265	0.03651148
184.27	0.03706864
184.275	0.03761677
184.28	0.03818988
184.285	0.03875409
184.29	0.03938115
184.295	0.04009237
184.3	0.04094962
184.305	0.04181926
184.31	0.04270492
184.315	0.04361426
184.32	0.04450336
184.325	0.04537392
184.33	0.04624311
184.335	0.04710861
184.34	0.04793473
184.345	0.04875567
184.35	0.04964138
184.355	0.05049672
184.36	0.05149828
184.365	0.05249515
184.37	0.05345164
184.375	0.05448133
184.38	0.05546806
184.385	0.05641694
184.39	0.05732961
184.395	0.05822991
184.4	0.05912756
184.405	0.06022055
184.41	0.06139931
184.415	0.06264474
184.42	0.06400477
184.425	0.06530951
184.43	0.06669844
184.435	0.0684951
184.44	0.07036315
184.445	0.07218792
184.45	0.07398994
184.455	0.07566702
184.46	0.07738828
184.465	0.07910286
184.47	0.08066081
184.475	0.08218415
184.48	0.08373579
184.485	0.08553873
184.49	0.08766453
184.495	0.08987155
184.5	0.09200101
184.505	0.09414749
184.51	0.09624593
184.515	0.09847535
184.52	0.1015103
184.525	0.1052688
184.53	0.1090683
184.535	0.112924
184.54	0.1166528
184.545	0.1202744
184.55	0.1238308
184.555	0.1278205
184.56	0.1321608
184.565	0.1365431
184.57	0.1409736
184.575	0.14529
184.58	0.1494005
184.585	0.1534981
184.59	0.1578493
184.595	0.1621246
184.6	0.1663985
184.605	0.1705931
184.61	0.174577
184.615	0.1784945
184.62	0.1822829
184.625	0.1859201
184.63	0.189501
184.635	0.1929391
184.64	0.1961014
184.645	0.1996993
184.65	0.2034852
184.655	0.2072118
184.66	0.2109204
184.665	0.2148091
184.67	0.2185825
184.675	0.2224527
184.68	0.2262324
184.685	0.2299249
184.69	0.2333612
184.695	0.2365678
184.7	0.2396511
184.705	0.2428922
184.71	0.2460202
184.715	0.2491734
184.72	0.2521487
184.725	0.2544047
184.73	0.2560195
184.735	0.2574797
184.74	0.2588839
184.745	0.2602732
184.75	0.2617415
184.755	0.2631858
184.76	0.2641121
184.765	0.264604
184.77	0.2648539
184.775	0.2649952
184.78	0.2651857
184.785	0.2653899
184.79	0.2657058
184.795	0.2657644
184.8	0.2658045
184.805	0.2657475
184.81	0.2656575
184.815	0.2655732
184.82	0.2654382
184.825	0.2654346
184.83	0.2654593
184.835	0.2655087
184.84	0.2655455
184.845	0.2655638
184.85	0.264792
184.855	0.2636489
184.86	0.262482
184.865	0.2612393
184.87	0.2595146
184.875	0.2578036
184.88	0.2558314
184.885	0.2538586
184.89	0.2518709
184.895	0.2499566
184.9	0.2480315
184.905	0.2460604
184.91	0.243647
184.915	0.2411759
184.92	0.2385307
184.925	0.2359456
184.93	0.2337219
184.935	0.2317424
184.94	0.2298362
184.945	0.2277556
184.95	0.2256614
184.955	0.2233458
184.96	0.2209761
184.965	0.218826
184.97	0.2168612
184.975	0.2149623
184.98	0.2129517
184.985	0.2107569
184.99	0.2085458
184.995	0.2058176
185	0.2028975
185.005	0.1998791
185.01	0.196806
185.015	0.19372
185.02	0.1906133
185.025	0.1873928
185.03	0.1837541
185.035	0.1800137
185.04	0.1760914
185.045	0.1721275
185.05	0.1682012
185.055	0.1647576
185.06	0.1614881
185.065	0.1581661
185.07	0.1548018
185.075	0.1517947
185.08	0.1487467
185.085	0.1458162
185.09	0.142806
185.095	0.1397274
185.1	0.1365795
185.105	0.1333518
185.11	0.1301366
185.115	0.1272714
185.12	0.124462
185.125	0.1217469
185.13	0.1189055
185.135	0.115926
185.14	0.1132139
185.145	0.110397
185.15	0.1081163
185.155	0.1057893
185.16	0.103608
185.165	0.1014695
185.17	0.09938827
185.175	0.09790856
185.18	0.09665801
185.185	0.09563127
185.19	0.09480735
185.195	0.09398669
185.2	0.09377126
185.205	0.09402381
185.21	0.09439956
185.215	0.09493992
185.22	0.09576336
185.225	0.09658756
185.23	0.09770312
185.235	0.09913376
185.24	0.1005999
185.245	0.1021911
185.25	0.1040292
185.255	0.1057392
185.26	0.1076715
185.265	0.1096994
185.27	0.1116926
185.275	0.1136952
185.28	0.1156573
185.285	0.1175154
185.29	0.1193872
185.295	0.1212074
185.3	0.1230151
185.305	0.1248479
185.31	0.1267792
185.315	0.1287202
185.32	0.130727
185.325	0.1327068
185.33	0.1346405
185.335	0.1365762
185.34	0.1385345
185.345	0.1401279
185.35	0.1417492
185.355	0.1427934
185.36	0.1438308
185.365	0.1448863
185.37	0.1458882
185.375	0.1468996
185.38	0.1471408
185.385	0.1472206
185.39	0.1473011
185.395	0.1473708
185.4	0.1474403
185.405	0.1475106
185.41	0.1475792
185.415	0.1476513
185.42	0.1476232
185.425	0.1471661
185.43	0.1466873
185.435	0.1460639
185.44	0.1454825
185.445	0.1448612
185.45	0.1441765
185.455	0.1430743
185.46	0.1420135
185.465	0.1407252
185.47	0.1393149
185.475	0.137964
185.48	0.136609
185.485	0.1352403
185.49	0.1338999
185.495	0.132544
185.5	0.1311931
185.505	0.129853
185.51	0.1283963
185.515	0.1268941
185.52	0.125359
185.525	0.1236063
185.53	0.1217764
185.535	0.1199229
185.54	0.118042
185.545	0.1161125
185.55	0.1142583
185.555	0.1123146
185.56	0.1106971
185.565	0.1090937
185.57	0.1074338
185.575	0.1057813
185.58	0.1041034
185.585	0.1030815
185.59	0.1023985
185.595	0.1021917
185.6	0.1024374
185.605	0.1030874
185.61	0.1043497
185.615	0.1064461
185.62	0.109449
185.625	0.1135971
185.63	0.1188142
185.635	0.12456
185.64	0.1307242
185.645	0.1372569
185.65	0.1442445
185.655	0.15135
185.66	0.1587251
185.665	0.1662012
185.67	0.1739719
185.675	0.182301
185.68	0.1910127
185.685	0.2000395
185.69	0.2092696
185.695	0.2188556
185.7	0.2288438
185.705	0.2392145
185.71	0.250116
185.715	0.2614746
185.72	0.273153
185.725	0.2850812
185.73	0.2972287
185.735	0.3094888
185.74	0.3217812
185.745	0.3339659
185.75	0.3458803
185.755	0.3574874
185.76	0.368766
185.765	0.3797471
185.77	0.3904003
185.775	0.400768
185.78	0.4108776
185.785	0.4207512
185.79	0.4303502
185.795	0.4396646
185.8	0.4486373
185.805	0.4573001
185.81	0.4656982
185.815	0.4737873
185.82	0.4814927
185.825	0.4887663
185.83	0.4955531
185.835	0.5019817
185.84	0.5081354
185.845	0.5140213
185.85	0.5196203
185.855	0.5249095
185.86	0.5300872
185.865	0.5351373
185.87	0.5399708
185.875	0.5445271
185.88	0.5485901
185.885	0.552169
185.89	0.5553273
185.895	0.5581147
185.9	0.5603923
185.905	0.5620845
185.91	0.5631636
185.915	0.5634366
185.92	0.5629511
185.925	0.5617317
185.93	0.5597753
185.935	0.557147
185.94	0.5539085
185.945	0.5500944
185.95	0.5458542
185.955	0.5413999
185.96	0.5368423
185.965	0.5322092
185.97	0.5274982
185.975	0.5227632
185.98	0.5179983
185.985	0.5131934
185.99	0.5083219
185.995	0.5034156
186	0.4984617
186.005	0.4934365
186.01	0.4883311
186.015	0.4831128
186.02	0.4777603
186.025	0.4722835
186.03	0.4667046
186.035	0.4610289
186.04	0.4551429
186.045	0.4490135
186.05	0.4426802
186.055	0.4361274
186.06	0.4293524
186.065	0.4221675
186.07	0.4146014
186.075	0.4068029
186.08	0.3987863
186.085	0.3906915
186.09	0.3825164
186.095	0.3742113
186.1	0.3657808
186.105	0.3573322
186.11	0.3489587
186.115	0.3407205
186.12	0.3327994
186.125	0.3251717
186.13	0.3178787
186.135	0.3110022
186.14	0.3044829
186.145	0.2982445
186.15	0.2923262
186.155	0.286601
186.16	0.2808522
186.165	0.2749789
186.17	0.2689878
186.175	0.2628673
186.18	0.2565386
186.185	0.2500113
186.19	0.2432701
186.195	0.2363389
186.2	0.229184
186.205	0.2218182
186.21	0.2143133
186.215	0.2066693
186.22	0.1988904
186.225	0.1910297
186.23	0.1831504
186.235	0.1752713
186.24	0.1674423
186.245	0.1597695
186.25	0.1522419
186.255	0.1448102
186.26	0.1375366
186.265	0.1304576
186.27	0.1237361
186.275	0.1173576
186.28	0.1111121
186.285	0.1050686
186.29	0.09926095
186.295	0.09376233
186.3	0.08862557
186.305	0.08377411
186.31	0.07923629
186.315	0.074977
186.32	0.07098798
186.325	0.06730261
186.33	0.06398334
186.335	0.0609686
186.34	0.05810345
186.345	0.05541921
186.35	0.05310407
186.355	0.05095635
186.36	0.04895593
186.365	0.0472165
186.37	0.04569315
186.375	0.04424081
186.38	0.04283378
186.385	0.04164388
186.39	0.04055218
186.395	0.03956591
186.4	0.03868452
186.405	0.03793251
186.41	0.03725244
186.415	0.03669863
186.42	0.03620002
186.425	0.03576995
186.43	0.03544132
186.435	0.03514093
186.44	0.03488642
186.445	0.03467282
186.45	0.03447373
186.455	0.03430645
186.46	0.03416739
186.465	0.03402379
186.47	0.03389309
186.475	0.03380552
186.48	0.03370212
186.485	0.03363119
186.49	0.03359589
186.495	0.03360988
186.5	0.03366208
186.505	0.03370662
186.51	0.03377351
186.515	0.03386287
186.52	0.03407421
186.525	0.03427502
186.53	0.03448457
186.535	0.03472071
186.54	0.03498062
186.545	0.03526456
186.55	0.03567943
186.555	0.03612392
186.56	0.03656235
186.565	0.03702496
186.57	0.03750044
186.575	0.03807942
186.58	0.03870845
186.585	0.03940119
186.59	0.03999509
186.595	0.0405743
186.6	0.04114827
186.605	0.04177515
186.61	0.04249167
186.615	0.04333035
186.62	0.04414313
186.625	0.04520062
186.63	0.0462927
186.635	0.04736109
186.64	0.04840716
186.645	0.0495435
186.65	0.0506632
186.655	0.0517863
186.66	0.05295887
186.665	0.05408035
186.67	0.05518598
186.675	0.05645996
186.68	0.0585037
186.685	0.06092009
186.69	0.06338538
186.695	0.06590079
186.7	0.06837076
186.705	0.0708154
186.71	0.07352374
186.715	0.07626246
186.72	0.07894942
186.725	0.08151129
186.73	0.08401337
186.735	0.08649311
186.74	0.08891078
186.745	0.09125948
186.75	0.09367304
186.755	0.09607807
186.76	0.09839649
186.765	0.1006777
186.77	0.1028985
186.775	0.1051781
186.78	0.1074345
186.785	0.1097489
186.79	0.1122536
186.795	0.1147445
186.8	0.117172
186.805	0.1195571
186.81	0.1218507
186.815	0.1240322
186.82	0.1263808
186.825	0.1288391
186.83	0.1311458
186.835	0.1334401
186.84	0.1357588
186.845	0.138062
186.85	0.1402455
186.855	0.1424504
186.86	0.1447935
186.865	0.1470588
186.87	0.1493617
186.875	0.1516355
186.88	0.1539088
186.885	0.1555571
186.89	0.1568905
186.895	0.1581415
186.9	0.1592459
186.905	0.1603489
186.91	0.1614935
186.915	0.1624784
186.92	0.1635822
186.925	0.1646456
186.93	0.1656804
186.935	0.1667207
186.94	0.1680276
186.945	0.1693768
186.95	0.1708603
186.955	0.1723195
186.96	0.1736473
186.965	0.174998
186.97	0.1763986
186.975	0.1777935
186.98	0.1793563
186.985	0.1808301
186.99	0.1822427
186.995	0.1833841
187	0.1845234
187.005	0.1859634
187.01	0.1873855
187.015	0.188982
187.02	0.1905702
187.025	0.191816
187.03	0.1928308
187.035	0.1938353
187.04	0.1948335
187.045	0.1957902
187.05	0.1967206
187.055	0.1977466
187.06	0.1986985
187.065	0.1993812
187.07	0.2000652
187.075	0.2006492
187.08	0.2013555
187.085	0.2018498
187.09	0.2025732
187.095	0.2033972
187.1	0.2042608
187.105	0.2052411
187.11	0.2063433
187.115	0.2073543
187.12	0.2083085
187.125	0.2090426
187.13	0.2098388
187.135	0.2107504
187.14	0.2117539
187.145	0.212262
187.15	0.2127189
187.155	0.212979
187.16	0.2132579
187.165	0.2136859
187.17	0.214113
187.175	0.2144332
187.18	0.2147864
187.185	0.2146721
187.19	0.2145917
187.195	0.2144544
187.2	0.2143516
187.205	0.2141972
187.21	0.2135226
187.215	0.2128514
187.22	0.2118862
187.225	0.2109447
187.23	0.2102372
187.235	0.2096398
187.24	0.209014
187.245	0.2082963
187.25	0.2075504
187.255	0.2068
187.26	0.2059102
187.265	0.2050554
187.27	0.2043364
187.275	0.2036538
187.28	0.2031444
187.285	0.2023683
187.29	0.2017325
187.295	0.2010853
187.3	0.200405
187.305	0.1996349
187.31	0.1987627
187.315	0.1975366
187.32	0.1962786
187.325	0.1950049
187.33	0.1936623
187.335	0.1921878
187.34	0.1904785
187.345	0.1884629
187.35	0.1867284
187.355	0.1849271
187.36	0.1831587
187.365	0.1810912
187.37	0.1787815
187.375	0.1763621
187.38	0.1739512
187.385	0.1714157
187.39	0.1691753
187.395	0.1668721
187.4	0.1645012
187.405	0.1621709
187.41	0.1598526
187.415	0.1578494
187.42	0.1558184
187.425	0.1539383
187.43	0.1519924
187.435	0.1497793
187.44	0.1475414
187.445	0.1453246
187.45	0.1431465
187.455	0.1409255
187.46	0.1386912
187.465	0.1365192
187.47	0.1343074
187.475	0.1320356
187.48	0.1296171
187.485	0.1267566
187.49	0.1240517
187.495	0.1213382
187.5	0.1185528
187.505	0.1157398
187.51	0.1129129
187.515	0.1100146
187.52	0.1074289
187.525	0.1048426
187.53	0.102271
187.535	0.09988694
187.54	0.09756865
187.545	0.09542488
187.55	0.09356139
187.555	0.09159921
187.56	0.08970755
187.565	0.0878674
187.57	0.08644431
187.575	0.08522445
187.58	0.08414197
187.585	0.08310297
187.59	0.08214532
187.595	0.08117801
187.6	0.08026055
187.605	0.07962595
187.61	0.07933554
187.615	0.07904012
187.62	0.07871575
187.625	0.07849925
187.63	0.07832727
187.635	0.07820629
187.64	0.07836927
187.645	0.078492
187.65	0.07861397
187.655	0.0787722
187.66	0.07901661
187.665	0.07920403
187.67	0.07938826
187.675	0.07942316
187.68	0.0794517
187.685	0.07957793
187.69	0.07999002
187.695	0.08040359
187.7	0.08057297
187.705	0.08079033
187.71	0.08105597
187.715	0.08134836
187.72	0.08172124
187.725	0.08203783
187.73	0.08238708
187.735	0.08279285
187.74	0.08323456
187.745	0.08372355
187.75	0.08418891
187.755	0.08465769
187.76	0.08517535
187.765	0.08569038
187.77	0.08619833
187.775	0.08664118
187.78	0.0870715
187.785	0.0874203
187.79	0.08773638
187.795	0.08805938
187.8	0.08839137
187.805	0.08872493
187.81	0.08881946
187.815	0.08827145
187.82	0.08772412
187.825	0.08719928
187.83	0.08646812
187.835	0.0857525
187.84	0.08502622
187.845	0.08423235
187.85	0.083637
187.855	0.08363414
187.86	0.08436565
187.865	0.08558524
187.87	0.08714533
187.875	0.08908387
187.88	0.09142225
187.885	0.09409303
187.89	0.09700354
187.895	0.1001543
187.9	0.1034191
187.905	0.1068338
187.91	0.1103915
187.915	0.1139928
187.92	0.1176167
187.925	0.1212362
187.93	0.1248825
187.935	0.1285586
187.94	0.1321894
187.945	0.1357485
187.95	0.1392106
187.955	0.1426367
187.96	0.1459997
187.965	0.1492733
187.97	0.1524711
187.975	0.1555931
187.98	0.1586755
187.985	0.1617059
187.99	0.1647193
187.995	0.1676839
188	0.1705934
188.005	0.1734435
188.01	0.1762444
188.015	0.1790964
188.02	0.1821009
188.025	0.1850784
188.03	0.1880565
188.035	0.1911008
188.04	0.194123
188.045	0.1971483
188.05	0.200201
188.055	0.2030746
188.06	0.2054807
188.065	0.2073059
188.07	0.2087249
188.075	0.2098948
188.08	0.2107488
188.085	0.2113327
188.09	0.2115932
188.095	0.2116171
188.1	0.2113992
188.105	0.2109881
188.11	0.2104448
188.115	0.209617
188.12	0.2085787
188.125	0.2074113
188.13	0.2061192
188.135	0.2046718
188.14	0.2030644
188.145	0.201363
188.15	0.1995807
188.155	0.1977333
188.16	0.1958128
188.165	0.1938405
188.17	0.1918586
188.175	0.1898621
188.18	0.1878526
188.185	0.1858181
188.19	0.1837595
188.195	0.1816463
188.2	0.1795108
188.205	0.1773587
188.21	0.1752053
188.215	0.1730418
188.22	0.1707875
188.225	0.1684462
188.23	0.1660525
188.235	0.1635375
188.24	0.1608524
188.245	0.1580225
188.25	0.1550371
188.255	0.1518608
188.26	0.1486889
188.265	0.1457207
188.27	0.1430601
188.275	0.1406211
188.28	0.1383071
188.285	0.1361875
188.29	0.1342567
188.295	0.1326194
188.3	0.1310946
188.305	0.1296999
188.31	0.1285104
188.315	0.1274592
188.32	0.1267132
188.325	0.1262274
188.33	0.1258602
188.335	0.1256306
188.34	0.1255486
188.345	0.1255663
188.35	0.125645
188.355	0.1257976
188.36	0.1260211
188.365	0.1262924
188.37	0.1266032
188.375	0.12691
188.38	0.1272255
188.385	0.1275523
188.39	0.1278812
188.395	0.1282176
188.4	0.128576
188.405	0.1289306
188.41	0.129261
188.415	0.1295389
188.42	0.1297813
188.425	0.1300596
188.43	0.1303244
188.435	0.1305381
188.44	0.1307604
188.445	0.1310154
188.45	0.1312949
188.455	0.1315655
188.46	0.1318518
188.465	0.1320664
188.47	0.1321802
188.475	0.1322148
188.48	0.1321983
188.485	0.1321296
188.49	0.1319962
188.495	0.1317695
188.5	0.1313915
188.505	0.1309544
188.51	0.1304504
188.515	0.1297832
188.52	0.1289648
188.525	0.1279777
188.53	0.1268055
188.535	0.1255507
188.54	0.1241864
188.545	0.1227226
188.55	0.1212318
188.555	0.1197047
188.56	0.1181125
188.565	0.1164547
188.57	0.1147723
188.575	0.1130608
188.58	0.1112928
188.585	0.1094619
188.59	0.1075683
188.595	0.105634
188.6	0.1036433
188.605	0.1016182
188.61	0.09954769
188.615	0.09744482
188.62	0.09532992
188.625	0.09318137
188.63	0.09097157
188.635	0.08876545
188.64	0.086566
188.645	0.08435144
188.65	0.08211655
188.655	0.07988305
188.66	0.0776836
188.665	0.07547204
188.67	0.07331678
188.675	0.07126282
188.68	0.06929367
188.685	0.06734214
188.69	0.06543271
188.695	0.06359218
188.7	0.06184695
188.705	0.06021465
188.71	0.05869309
188.715	0.05730288
188.72	0.05607631
188.725	0.05505473
188.73	0.0542629
188.735	0.05372489
188.74	0.05328694
188.745	0.05295242
188.75	0.05273622
188.755	0.0525697
188.76	0.05245473
188.765	0.05241662
188.77	0.0524802
188.775	0.0524702
188.78	0.05242261
188.785	0.05242736
188.79	0.05261504
188.795	0.05289357
188.8	0.05320688
188.805	0.05373238
188.81	0.05463901
188.815	0.05590786
188.82	0.05719748
188.825	0.05845323
188.83	0.05969046
188.835	0.06095343
188.84	0.06228232
188.845	0.06361444
188.85	0.06493963
188.855	0.06656072
188.86	0.06847936
188.865	0.07042594
188.87	0.07245801
188.875	0.07469072
188.88	0.07720846
188.885	0.07964607
188.89	0.08207956
188.895	0.08476745
188.9	0.08767549
188.905	0.09069023
188.91	0.0936333
188.915	0.09649707
188.92	0.09929149
188.925	0.1020071
188.93	0.1046582
188.935	0.1071991
188.94	0.1097391
188.945	0.112222
188.95	0.1146784
188.955	0.1171907
188.96	0.120032
188.965	0.1231482
188.97	0.1261873
188.975	0.1291208
188.98	0.1320341
188.985	0.1348702
188.99	0.1377446
188.995	0.1404641
189	0.1436057
189.005	0.1470331
189.01	0.1502744
189.015	0.1531556
189.02	0.155808
189.025	0.1584373
189.03	0.1610272
189.035	0.1635881
189.04	0.1661281
189.045	0.1687131
189.05	0.1712398
189.055	0.1737531
189.06	0.1760022
189.065	0.1779783
189.07	0.1799103
189.075	0.1817267
189.08	0.1833187
189.085	0.1846028
189.09	0.1858986
189.095	0.1871393
189.1	0.1881605
189.105	0.1888706
189.11	0.1894405
189.115	0.1900464
189.12	0.1906407
189.125	0.1912548
189.13	0.1919605
189.135	0.1926651
189.14	0.1934943
189.145	0.1942171
189.15	0.1949373
189.155	0.1957696
189.16	0.1964684
189.165	0.1968711
189.17	0.1968438
189.175	0.1968392
189.18	0.1971731
189.185	0.1976742
189.19	0.1982257
189.195	0.1986548
189.2	0.1991477
189.205	0.1989312
189.21	0.1981877
189.215	0.1974523
189.22	0.196895
189.225	0.1963029
189.23	0.1956403
189.235	0.1949887
189.24	0.1944014
189.245	0.1937528
189.25	0.1929243
189.255	0.1921066
189.26	0.1912201
189.265	0.1904526
189.27	0.1897646
189.275	0.1890115
189.28	0.1884343
189.285	0.187977
189.29	0.1876797
189.295	0.1874173
189.3	0.1872709
189.305	0.1870851
189.31	0.1872094
189.315	0.1874464
189.32	0.1875721
189.325	0.1877093
189.33	0.1877861
189.335	0.1877597
189.34	0.1876987
189.345	0.1874162
189.35	0.187204
189.355	0.1871602
189.36	0.1868388
189.365	0.186597
189.37	0.1863003
189.375	0.1863277
189.38	0.1862938
189.385	0.18556
189.39	0.1844571
189.395	0.1833713
189.4	0.1823378
189.405	0.1812134
189.41	0.1804788
189.415	0.1800078
189.42	0.1796143
189.425	0.1790881
189.43	0.1786511
189.435	0.1783017
189.44	0.1779178
189.445	0.1773715
189.45	0.176881
189.455	0.1763789
189.46	0.1758581
189.465	0.1754002
189.47	0.1748997
189.475	0.1744463
189.48	0.1740643
189.485	0.1733901
189.49	0.172671
189.495	0.1719306
189.5	0.1710501
189.505	0.1699736
189.51	0.1690604
189.515	0.167805
189.52	0.1662987
189.525	0.1648453
189.53	0.1633828
189.535	0.1619419
189.54	0.1604052
189.545	0.158888
189.55	0.1574794
189.555	0.1560475
189.56	0.1541949
189.565	0.1524919
189.57	0.1507569
189.575	0.1490703
189.58	0.1471177
189.585	0.1451888
189.59	0.1436847
189.595	0.1423383
189.6	0.1407521
189.605	0.1391292
189.61	0.1375509
189.615	0.1359198
189.62	0.1342809
189.625	0.1324584
189.63	0.130682
189.635	0.1288459
189.64	0.1268519
189.645	0.1248619
189.65	0.1229313
189.655	0.1208996
189.66	0.118957
189.665	0.1170215
189.67	0.1149841
189.675	0.112927
189.68	0.1107568
189.685	0.1084623
189.69	0.1063644
189.695	0.1042838
189.7	0.1021508
189.705	0.1001131
189.71	0.09819866
189.715	0.09602546
189.72	0.09415157
189.725	0.09260198
189.73	0.09111237
189.735	0.08955236
189.74	0.0879393
189.745	0.08648773
189.75	0.08498681
189.755	0.08343143
189.76	0.08181102
189.765	0.08054687
189.77	0.07926719
189.775	0.07794784
189.78	0.07674549
189.785	0.07574439
189.79	0.07472713
189.795	0.07370839
189.8	0.07276296
189.805	0.07211321
189.81	0.07147556
189.815	0.07082476
189.82	0.07018726
189.825	0.06962356
189.83	0.06922335
189.835	0.06884459
189.84	0.06862063
189.845	0.06856758
189.85	0.06852067
189.855	0.06854286
189.86	0.0686747
189.865	0.06882849
189.87	0.06891192
189.875	0.069059
189.88	0.06922446
189.885	0.06947268
189.89	0.06982531
189.895	0.07017815
189.9	0.07044473
189.905	0.07072474
189.91	0.0709781
189.915	0.07117482
189.92	0.07152615
189.925	0.07177892
189.93	0.07178017
189.935	0.07159656
189.94	0.07163856
189.945	0.07171188
189.95	0.07175878
189.955	0.07185665
189.96	0.07199406
189.965	0.07227379
189.97	0.07270848
189.975	0.07317614
189.98	0.07366711
189.985	0.07416493
189.99	0.0746844
189.995	0.07517035
190	0.07564428
190.005	0.07616659
190.01	0.07673735
190.015	0.07732983
190.02	0.07795771
190.025	0.07860785
190.03	0.0791498
190.035	0.07967917
190.04	0.08020435
190.045	0.08052278
190.05	0.08076313
190.055	0.0809524
190.06	0.08110574
190.065	0.08119593
190.07	0.08126561
190.075	0.08136057
190.08	0.08146564
190.085	0.08157496
190.09	0.08165983
190.095	0.08169858
190.1	0.08173251
190.105	0.08181014
190.11	0.08188128
190.115	0.08200364
190.12	0.0822078
190.125	0.08249392
190.13	0.0828383
190.135	0.08330643
190.14	0.08385841
190.145	0.08412454
190.15	0.08444196
190.155	0.08481546
190.16	0.08513832
190.165	0.0854462
190.17	0.08562019
190.175	0.08553725
190.18	0.08540704
190.185	0.08527009
190.19	0.08513161
190.195	0.08498273
190.2	0.08484866
190.205	0.08471786
190.21	0.08450041
190.215	0.08410786
190.22	0.08369202
190.225	0.08320969
190.23	0.08273806
190.235	0.08245965
190.24	0.08234337
190.245	0.08238532
190.25	0.08267583
190.255	0.08319784
190.26	0.08398901
190.265	0.08497261
190.27	0.08617878
190.275	0.08760667
190.28	0.08922027
190.285	0.09090217
190.29	0.0927333
190.295	0.09481699
190.3	0.09709094
190.305	0.09947468
190.31	0.1019469
190.315	0.1045986
190.32	0.1074388
190.325	0.1103984
190.33	0.113477
190.335	0.1167353
190.34	0.1201912
190.345	0.1238583
190.35	0.1277291
190.355	0.1316987
190.36	0.1357859
190.365	0.1400567
190.37	0.144496
190.375	0.1490494
190.38	0.1538087
190.385	0.1586684
190.39	0.163574
190.395	0.1685182
190.4	0.1735266
190.405	0.178603
190.41	0.1837313
190.415	0.1888874
190.42	0.1940466
190.425	0.199166
190.43	0.2042218
190.435	0.2091806
190.44	0.2139762
190.445	0.2185996
190.45	0.223039
190.455	0.2272908
190.46	0.2313476
190.465	0.2351872
190.47	0.2388605
190.475	0.242365
190.48	0.2456849
190.485	0.2488361
190.49	0.2518819
190.495	0.2547968
190.5	0.2575011
190.505	0.2600472
190.51	0.2625073
190.515	0.2648936
190.52	0.2671167
190.525	0.2691209
190.53	0.2709355
190.535	0.2725086
190.54	0.2738347
190.545	0.2749162
190.55	0.2757096
190.555	0.276278
190.56	0.2766016
190.565	0.2766523
190.57	0.2764106
190.575	0.275866
190.58	0.2750664
190.585	0.2739575
190.59	0.2725748
190.595	0.2709566
190.6	0.2691011
190.605	0.2669675
190.61	0.2645373
190.615	0.2618165
190.62	0.2588489
190.625	0.2557001
190.63	0.2523702
190.635	0.2489096
190.64	0.2453415
190.645	0.2416598
190.65	0.2378933
190.655	0.2340714
190.66	0.2302154
190.665	0.2263462
190.67	0.2224688
190.675	0.2185581
190.68	0.2146046
190.685	0.2106395
190.69	0.2066639
190.695	0.2026625
190.7	0.1986018
190.705	0.1945448
190.71	0.1904837
190.715	0.1862883
190.72	0.1819532
190.725	0.1775807
190.73	0.1732197
190.735	0.1688765
190.74	0.1646358
190.745	0.1604872
190.75	0.1564486
190.755	0.1525595
190.76	0.1487746
190.765	0.1451315
190.77	0.1416657
190.775	0.1383995
190.78	0.1353606
190.785	0.1325282
190.79	0.1299638
190.795	0.1276276
190.8	0.1254952
190.805	0.1235794
190.81	0.1219342
190.815	0.1205744
190.82	0.1194956
190.825	0.1186585
190.83	0.1179759
190.835	0.1174424
190.84	0.1169975
190.845	0.1166166
190.85	0.1163421
190.855	0.1161084
190.86	0.1159193
190.865	0.1157439
190.87	0.1155279
190.875	0.1152651
190.88	0.1149452
190.885	0.1146241
190.89	0.1142505
190.895	0.1138161
190.9	0.113325
190.905	0.1128661
190.91	0.1124331
190.915	0.1119563
190.92	0.1115156
190.925	0.1110978
190.93	0.1106732
190.935	0.110252
190.94	0.1098457
190.945	0.1094627
190.95	0.1091412
190.955	0.1088135
190.96	0.1085087
190.965	0.1082393
190.97	0.107991
190.975	0.1077994
190.98	0.1076543
190.985	0.1075765
190.99	0.1075911
190.995	0.1076721
191	0.1077648
191.005	0.1078607
191.01	0.1079683
191.015	0.1080623
191.02	0.108176
191.025	0.1082987
191.03	0.1084363
191.035	0.1086544
191.04	0.1088823
191.045	0.1091508
191.05	0.1094882
191.055	0.1098319
191.06	0.1102101
191.065	0.1106019
191.07	0.1110061
191.075	0.1114073
191.08	0.1118727
191.085	0.1124062
191.09	0.1129554
191.095	0.11359
191.1	0.1142924
191.105	0.1149445
191.11	0.1155241
191.115	0.1160535
191.12	0.1165292
191.125	0.116992
191.13	0.1174693
191.135	0.1179287
191.14	0.1183582
191.145	0.1187614
191.15	0.1190631
191.155	0.1192038
191.16	0.1192753
191.165	0.1193464
191.17	0.1193789
191.175	0.119378
191.18	0.1193943
191.185	0.1193341
191.19	0.1191556
191.195	0.1188178
191.2	0.1183498
191.205	0.11788
191.21	0.1174142
191.215	0.1169821
191.22	0.116575
191.225	0.11616
191.23	0.1157836
191.235	0.1153554
191.24	0.114774
191.245	0.114171
191.25	0.1134897
191.255	0.1128373
191.26	0.1123717
191.265	0.111907
191.27	0.1114125
191.275	0.1109131
191.28	0.1104357
191.285	0.1099482
191.29	0.1095172
191.295	0.1090898
191.3	0.1085637
191.305	0.1079628
191.31	0.1074262
191.315	0.1069503
191.32	0.1065675
191.325	0.1064151
191.33	0.106326
191.335	0.1062056
191.34	0.1061085
191.345	0.1060416
191.35	0.1059826
191.355	0.1060946
191.36	0.106408
191.365	0.1067723
191.37	0.1070494
191.375	0.1076068
191.38	0.1082551
191.385	0.1087668
191.39	0.1093407
191.395	0.1099783
191.4	0.1107406
191.405	0.1115792
191.41	0.1124188
191.415	0.1132308
191.42	0.1141505
191.425	0.1151774
191.43	0.1162319
191.435	0.1171558
191.44	0.1180916
191.445	0.1190963
191.45	0.1201371
191.455	0.1213322
191.46	0.1223862
191.465	0.1230955
191.47	0.123792
191.475	0.1245209
191.48	0.1253034
191.485	0.1260877
191.49	0.1268836
191.495	0.127574
191.5	0.1283328
191.505	0.1291375
191.51	0.1300264
191.515	0.1309104
191.52	0.1318748
191.525	0.1327049
191.53	0.1332938
191.535	0.1340191
191.54	0.1347975
191.545	0.135973
191.55	0.1376646
191.555	0.1393181
191.56	0.1408567
191.565	0.1423206
191.57	0.1437576
191.575	0.1452215
191.58	0.1462767
191.585	0.1471966
191.59	0.1481886
191.595	0.1491465
191.6	0.1501487
191.605	0.1511146
191.61	0.1523903
191.615	0.1537684
191.62	0.1552574
191.625	0.1564617
191.63	0.1574325
191.635	0.1583362
191.64	0.1594158
191.645	0.1604953
191.65	0.1615588
191.655	0.1626288
191.66	0.1635622
191.665	0.164442
191.67	0.1657296
191.675	0.1670008
191.68	0.1683319
191.685	0.1696107
191.69	0.170907
191.695	0.1722065
191.7	0.1735476
191.705	0.1748279
191.71	0.1761307
191.715	0.177429
191.72	0.1787631
191.725	0.1799634
191.73	0.1813217
191.735	0.1827496
191.74	0.1839468
191.745	0.1851555
191.75	0.185792
191.755	0.1856753
191.76	0.1855554
191.765	0.185411
191.77	0.1853612
191.775	0.1853703
191.78	0.1854132
191.785	0.1856608
191.79	0.1859693
191.795	0.1862111
191.8	0.1865096
191.805	0.1867983
191.81	0.1871244
191.815	0.1869157
191.82	0.1864978
191.825	0.1861693
191.83	0.1860748
191.835	0.1860865
191.84	0.186089
191.845	0.1859341
191.85	0.1858963
191.855	0.1859563
191.86	0.1859855
191.865	0.1860999
191.87	0.1863505
191.875	0.1860947
191.88	0.1858712
191.885	0.1855746
191.89	0.1852714
191.895	0.1849209
191.9	0.1845121
191.905	0.1840794
191.91	0.1836265
191.915	0.1831307
191.92	0.1825202
191.925	0.1818583
191.93	0.1813085
191.935	0.1805366
191.94	0.1797556
191.945	0.1790781
191.95	0.1783094
191.955	0.1778366
191.96	0.1777551
191.965	0.1776985
191.97	0.1776706
191.975	0.1774115
191.98	0.1770782
191.985	0.176683
191.99	0.176206
191.995	0.1757145
192	0.1752692
192.005	0.1747205
192.01	0.1740622
192.015	0.1732862
192.02	0.1728128
192.025	0.1724618
192.03	0.1716094
192.035	0.170524
192.04	0.1694363
192.045	0.1683749
192.05	0.1673004
192.055	0.1659517
192.06	0.1643841
192.065	0.1627247
192.07	0.1608594
192.075	0.1588049
192.08	0.1569865
192.085	0.1550858
192.09	0.1530587
192.095	0.151012
192.1	0.1489709
192.105	0.1469383
192.11	0.1448719
192.115	0.1427754
192.12	0.1406268
192.125	0.1385536
192.13	0.1364226
192.135	0.1341443
192.14	0.1320028
192.145	0.1298246
192.15	0.1276143
192.155	0.1254449
192.16	0.1232394
192.165	0.121006
192.17	0.1187293
192.175	0.1164072
192.18	0.1141754
192.185	0.1118991
192.19	0.1096497
192.195	0.1074017
192.2	0.1051307
192.205	0.1028381
192.21	0.1005839
192.215	0.09842939
192.22	0.09637288
192.225	0.09425405
192.23	0.09207177
192.235	0.09046555
192.24	0.08903781
192.245	0.08765246
192.25	0.08646203
192.255	0.08534481
192.26	0.08455705
192.265	0.08395917
192.27	0.08350673
192.275	0.08328617
192.28	0.0832844
192.285	0.08352106
192.29	0.08381974
192.295	0.08428509
192.3	0.08468895
192.305	0.08506583
192.31	0.08556578
192.315	0.08613989
192.32	0.08678409
192.325	0.08747838
192.33	0.0881233
192.335	0.08886418
192.34	0.0896898
192.345	0.09045319
192.35	0.09122591
192.355	0.09200152
192.36	0.09275915
192.365	0.09348985
192.37	0.09418273
192.375	0.09484613
192.38	0.09557018
192.385	0.09635296
192.39	0.09717279
192.395	0.09792372
192.4	0.09869186
192.405	0.09943292
192.41	0.100099
192.415	0.1007544
192.42	0.1013555
192.425	0.1019088
192.43	0.1024308
192.435	0.1029506
192.44	0.1034037
192.445	0.1038665
192.45	0.1041802
192.455	0.104135
192.46	0.1041049
192.465	0.1039467
192.47	0.1037981
192.475	0.1036355
192.48	0.1034817
192.485	0.1032345
192.49	0.1026856
192.495	0.1021336
192.5	0.1015601
192.505	0.1010309
192.51	0.1005147
192.515	0.09980956
192.52	0.09904045
192.525	0.09822357
192.53	0.09749138
192.535	0.09684409
192.54	0.09620262
192.545	0.09574519
192.55	0.09573456
192.555	0.09636008
192.56	0.09769681
192.565	0.09997313
192.57	0.1031056
192.575	0.1070715
192.58	0.1120074
192.585	0.1174607
192.59	0.1233012
192.595	0.1295085
192.6	0.1359399
192.605	0.1424074
192.61	0.148985
192.615	0.1556438
192.62	0.1622647
192.625	0.1687843
192.63	0.175184
192.635	0.1815439
192.64	0.1878447
192.645	0.1940291
192.65	0.2000554
192.655	0.2059717
192.66	0.2118308
192.665	0.2175395
192.67	0.2231316
192.675	0.2285814
192.68	0.2339063
192.685	0.23911
192.69	0.2442292
192.695	0.2493074
192.7	0.2542799
192.705	0.2591766
192.71	0.263978
192.715	0.2686905
192.72	0.273348
192.725	0.2779227
192.73	0.282428
192.735	0.2868003
192.74	0.2910611
192.745	0.295207
192.75	0.2991465
192.755	0.302776
192.76	0.3059833
192.765	0.3087059
192.77	0.310806
192.775	0.3123093
192.78	0.3131879
192.785	0.3132942
192.79	0.3128186
192.795	0.3118567
192.8	0.3103617
192.805	0.308433
192.81	0.3061715
192.815	0.3035163
192.82	0.300494
192.825	0.2971854
192.83	0.2936737
192.835	0.2899945
192.84	0.2860511
192.845	0.2818511
192.85	0.2774817
192.855	0.2730225
192.86	0.2684705
192.865	0.2638299
192.87	0.259146
192.875	0.2544235
192.88	0.2496676
192.885	0.2448848
192.89	0.2400912
192.895	0.2352347
192.9	0.2303217
192.905	0.2253869
192.91	0.220343
192.915	0.2152164
192.92	0.2100245
192.925	0.2047365
192.93	0.1993501
192.935	0.1938363
192.94	0.1882253
192.945	0.1824885
192.95	0.1766304
192.955	0.1707178
192.96	0.1648025
192.965	0.1589865
192.97	0.1534145
192.975	0.1482428
192.98	0.1434812
192.985	0.1392393
192.99	0.1357452
192.995	0.1328498
193	0.1304411
193.005	0.1286461
193.01	0.1273471
193.015	0.1264248
193.02	0.1259658
193.025	0.1259118
193.03	0.1261619
193.035	0.1266074
193.04	0.1271695
193.045	0.1279592
193.05	0.1289554
193.055	0.1300099
193.06	0.1309484
193.065	0.1318413
193.07	0.1326921
193.075	0.1333569
193.08	0.1338381
193.085	0.1341197
193.09	0.1341646
193.095	0.1339146
193.1	0.1335227
193.105	0.1329772
193.11	0.132184
193.115	0.1313467
193.12	0.1304141
193.125	0.1293194
193.13	0.1281475
193.135	0.1268758
193.14	0.1255251
193.145	0.1241579
193.15	0.1227363
193.155	0.1212588
193.16	0.1197408
193.165	0.1182269
193.17	0.1167191
193.175	0.1151455
193.18	0.1135449
193.185	0.1119853
193.19	0.1103909
193.195	0.1087525
193.2	0.1071632
193.205	0.1055929
193.21	0.1039528
193.215	0.1022981
193.22	0.1007196
193.225	0.09911855
193.23	0.09751171
193.235	0.09596968
193.24	0.09441511
193.245	0.0928605
193.25	0.09133135
193.255	0.08979931
193.26	0.08829289
193.265	0.08690156
193.27	0.08554436
193.275	0.08419307
193.28	0.08299033
193.285	0.08192532
193.29	0.08101233
193.295	0.08029406
193.3	0.07981127
193.305	0.0794465
193.31	0.07917196
193.315	0.07900721
193.32	0.07885785
193.325	0.07888622
193.33	0.07913939
193.335	0.079665
193.34	0.0805466
193.345	0.08162845
193.35	0.08288882
193.355	0.08444468
193.36	0.08603238
193.365	0.08765046
193.37	0.08931945
193.375	0.09096815
193.38	0.09260858
193.385	0.09426709
193.39	0.09588765
193.395	0.09762432
193.4	0.09947529
193.405	0.101246
193.41	0.1032288
193.415	0.1053771
193.42	0.1075508
193.425	0.1097463
193.43	0.1121304
193.435	0.1145418
193.44	0.1168282
193.445	0.1192447
193.45	0.1216417
193.455	0.1239458
193.46	0.1262793
193.465	0.1286296
193.47	0.1310218
193.475	0.133408
193.48	0.1357419
193.485	0.138019
193.49	0.1402639
193.495	0.1425186
193.5	0.1448149
193.505	0.1471049
193.51	0.149419
193.515	0.1518503
193.52	0.154352
193.525	0.1570048
193.53	0.1596591
193.535	0.1621782
193.54	0.1644556
193.545	0.1664634
193.55	0.1683415
193.555	0.169944
193.56	0.171277
193.565	0.1725787
193.57	0.1738442
193.575	0.1750393
193.58	0.1762757
193.585	0.1775937
193.59	0.1789424
193.595	0.180242
193.6	0.1814035
193.605	0.1824402
193.61	0.1834202
193.615	0.1841296
193.62	0.1847341
193.625	0.1852966
193.63	0.1856639
193.635	0.1857034
193.64	0.1856281
193.645	0.1855081
193.65	0.1851498
193.655	0.1848026
193.66	0.1844615
193.665	0.1839946
193.67	0.1834521
193.675	0.182788
193.68	0.1820723
193.685	0.1813868
193.69	0.1807171
193.695	0.1800327
193.7	0.1792698
193.705	0.1783768
193.71	0.1774328
193.715	0.1764101
193.72	0.1751877
193.725	0.1738746
193.73	0.1722205
193.735	0.1703438
193.74	0.1684285
193.745	0.1665363
193.75	0.1646905
193.755	0.1628451
193.76	0.1611194
193.765	0.1594903
193.77	0.1578612
193.775	0.1562123
193.78	0.15456
193.785	0.1527872
193.79	0.1508023
193.795	0.1486479
193.8	0.1465028
193.805	0.1444202
193.81	0.1423495
193.815	0.1403061
193.82	0.1383933
193.825	0.1363931
193.83	0.1343017
193.835	0.1343017
193.84	0.1343017
193.845	0.1343017
193.85	0.1343017
193.855	0.1343017
193.86	0.1343017
193.865	0.1343017
193.87	0.1343017
193.875	0.1343017
193.88	0.1343017
193.885	0.1343017
193.89	0.1343017
193.895	0.1343017
193.9	0.1343017
193.905	0.1343017
193.91	0.1343017
193.915	0.1343017
193.92	0.1343017
193.925	0.1343017
193.93	0.1343017
193.935	0.1343017
193.94	0.1343017
193.945	0.1343017
193.95	0.1343017
193.955	0.1343017
193.96	0.1343017
193.965	0.1343017
193.97	0.1343017
193.975	0.1343017
193.98	0.1343017
193.985	0.1343017
193.99	0.1343017
193.995	0.1343017
194	0.1343017
194.005	0.1343017
194.01	0.1343017
194.015	0.1343017
194.02	0.1343017
194.025	0.1343017
194.03	0.1343017
